-- === 0. RESET DATABASE MỚI HOÀN TOÀN === --
TRUNCATE TABLE Movie_Account, Customer, Manager, Manager_Contact, Staff, Staff_Contact, Movie, Cast_Member, Showtime, Room, Seat, MovieShow, Product, Bill, Payment, Bill_Detail, Ticket, Movie_Supplier, Supplier_Contact, ReceivingInvoice RESTART IDENTITY CASCADE;

-- === 1. BẢNG CUSTOMER (500 DÒNG) === --
INSERT INTO Customer (fullname, dob) VALUES ('Dương Văn Huy', '1997-11-01');
INSERT INTO Customer (fullname, dob) VALUES ('Phan Bảo Cường', '1976-04-10');
INSERT INTO Customer (fullname, dob) VALUES ('Vũ Thu Trang', '1973-04-03');
INSERT INTO Customer (fullname, dob) VALUES ('Bùi Văn Hoa', '1976-11-01');
INSERT INTO Customer (fullname, dob) VALUES ('Bùi Mai Anh', '1966-02-03');
INSERT INTO Customer (fullname, dob) VALUES ('Huỳnh Tuấn Khánh', '1995-12-05');
INSERT INTO Customer (fullname, dob) VALUES ('Dương Gia Linh', '1977-02-14');
INSERT INTO Customer (fullname, dob) VALUES ('Võ Thu Anh', '1996-12-23');
INSERT INTO Customer (fullname, dob) VALUES ('Lý Thúy Hoa', '2005-09-19');
INSERT INTO Customer (fullname, dob) VALUES ('Phan Anh Lan', '1999-07-31');
INSERT INTO Customer (fullname, dob) VALUES ('Hoàng Xuân Linh', '1970-08-07');
INSERT INTO Customer (fullname, dob) VALUES ('Lê Thu Hải', '2010-05-13');
INSERT INTO Customer (fullname, dob) VALUES ('Đỗ Thị Anh', '1980-10-08');
INSERT INTO Customer (fullname, dob) VALUES ('Phan Thu Nhung', '1979-05-17');
INSERT INTO Customer (fullname, dob) VALUES ('Nguyễn Hoàng Khánh', '1966-08-15');
INSERT INTO Customer (fullname, dob) VALUES ('Dương Mai Huy', '1998-03-24');
INSERT INTO Customer (fullname, dob) VALUES ('Dương Tuấn Tuấn', '1972-05-09');
INSERT INTO Customer (fullname, dob) VALUES ('Lý Ngọc Nam', '1979-03-21');
INSERT INTO Customer (fullname, dob) VALUES ('Phan Hải Thảo', '1990-04-19');
INSERT INTO Customer (fullname, dob) VALUES ('Hồ Gia Ngọc', '1974-12-03');
INSERT INTO Customer (fullname, dob) VALUES ('Hoàng Văn Tuấn', '1995-07-06');
INSERT INTO Customer (fullname, dob) VALUES ('Phạm Tuấn Khánh', '2002-12-20');
INSERT INTO Customer (fullname, dob) VALUES ('Lê Thúy Hải', '2005-10-21');
INSERT INTO Customer (fullname, dob) VALUES ('Võ Đức Hoa', '1975-05-14');
INSERT INTO Customer (fullname, dob) VALUES ('Đỗ Thúy Sơn', '2008-06-14');
INSERT INTO Customer (fullname, dob) VALUES ('Trần Hoàng Linh', '2006-09-20');
INSERT INTO Customer (fullname, dob) VALUES ('Nguyễn Hải Đạt', '1972-08-18');
INSERT INTO Customer (fullname, dob) VALUES ('Huỳnh Minh Thảo', '1971-05-03');
INSERT INTO Customer (fullname, dob) VALUES ('Đỗ Thúy Hải', '1973-02-20');
INSERT INTO Customer (fullname, dob) VALUES ('Dương Mai Linh', '1976-09-29');
INSERT INTO Customer (fullname, dob) VALUES ('Trần Minh Tuấn', '1982-02-22');
INSERT INTO Customer (fullname, dob) VALUES ('Đỗ Hữu Phong', '2008-01-06');
INSERT INTO Customer (fullname, dob) VALUES ('Đặng Gia Dũng', '1967-11-09');
INSERT INTO Customer (fullname, dob) VALUES ('Nguyễn Thúy Phong', '1989-02-07');
INSERT INTO Customer (fullname, dob) VALUES ('Đỗ Anh Huy', '1996-02-08');
INSERT INTO Customer (fullname, dob) VALUES ('Đặng Gia Việt', '1973-10-26');
INSERT INTO Customer (fullname, dob) VALUES ('Dương Gia Thảo', '1978-09-14');
INSERT INTO Customer (fullname, dob) VALUES ('Võ Thanh Ngọc', '1998-01-27');
INSERT INTO Customer (fullname, dob) VALUES ('Phạm Thu Sơn', '1994-06-14');
INSERT INTO Customer (fullname, dob) VALUES ('Vũ Đức Việt', '1998-12-11');
INSERT INTO Customer (fullname, dob) VALUES ('Lý Hữu Anh', '1995-04-09');
INSERT INTO Customer (fullname, dob) VALUES ('Đặng Thu Cường', '1967-04-18');
INSERT INTO Customer (fullname, dob) VALUES ('Võ Đức Huy', '2005-01-19');
INSERT INTO Customer (fullname, dob) VALUES ('Đỗ Văn Linh', '1968-12-06');
INSERT INTO Customer (fullname, dob) VALUES ('Ngô Tuấn Nam', '1984-04-18');
INSERT INTO Customer (fullname, dob) VALUES ('Phạm Minh Khánh', '1996-03-04');
INSERT INTO Customer (fullname, dob) VALUES ('Võ Văn Anh', '1978-06-10');
INSERT INTO Customer (fullname, dob) VALUES ('Lý Văn Sơn', '2001-06-21');
INSERT INTO Customer (fullname, dob) VALUES ('Bùi Hải Lan', '1996-09-19');
INSERT INTO Customer (fullname, dob) VALUES ('Trần Ngọc Anh', '1992-04-02');
INSERT INTO Customer (fullname, dob) VALUES ('Võ Đình Việt', '1990-01-29');
INSERT INTO Customer (fullname, dob) VALUES ('Bùi Ngọc Nhung', '2004-10-21');
INSERT INTO Customer (fullname, dob) VALUES ('Phạm Xuân Nam', '1968-06-18');
INSERT INTO Customer (fullname, dob) VALUES ('Phạm Thị Khánh', '1997-10-05');
INSERT INTO Customer (fullname, dob) VALUES ('Hoàng Thu Trang', '2002-08-13');
INSERT INTO Customer (fullname, dob) VALUES ('Lê Tuấn Nhung', '1982-10-02');
INSERT INTO Customer (fullname, dob) VALUES ('Huỳnh Hữu Anh', '1970-06-27');
INSERT INTO Customer (fullname, dob) VALUES ('Lý Thanh Tuấn', '1968-02-13');
INSERT INTO Customer (fullname, dob) VALUES ('Trần Thái Việt', '1995-12-31');
INSERT INTO Customer (fullname, dob) VALUES ('Hoàng Ngọc Tuấn', '2006-10-18');
INSERT INTO Customer (fullname, dob) VALUES ('Nguyễn Thị Anh', '2003-03-22');
INSERT INTO Customer (fullname, dob) VALUES ('Võ Ngọc Khánh', '1967-02-23');
INSERT INTO Customer (fullname, dob) VALUES ('Bùi Văn Trang', '1995-03-15');
INSERT INTO Customer (fullname, dob) VALUES ('Phạm Đình Anh', '1965-11-16');
INSERT INTO Customer (fullname, dob) VALUES ('Nguyễn Thúy Phong', '1968-04-28');
INSERT INTO Customer (fullname, dob) VALUES ('Lý Đình Phong', '2004-11-25');
INSERT INTO Customer (fullname, dob) VALUES ('Huỳnh Hải Sơn', '2008-05-15');
INSERT INTO Customer (fullname, dob) VALUES ('Vũ Minh Tuấn', '1968-10-19');
INSERT INTO Customer (fullname, dob) VALUES ('Hồ Đình Sơn', '1977-03-19');
INSERT INTO Customer (fullname, dob) VALUES ('Phạm Văn Huy', '1979-02-18');
INSERT INTO Customer (fullname, dob) VALUES ('Phạm Thanh Nam', '1980-01-15');
INSERT INTO Customer (fullname, dob) VALUES ('Huỳnh Thu Huy', '1985-10-09');
INSERT INTO Customer (fullname, dob) VALUES ('Võ Ngọc Việt', '1973-01-09');
INSERT INTO Customer (fullname, dob) VALUES ('Trần Bảo Ngọc', '1969-07-07');
INSERT INTO Customer (fullname, dob) VALUES ('Vũ Văn Trang', '1969-10-01');
INSERT INTO Customer (fullname, dob) VALUES ('Huỳnh Gia Trang', '1974-05-27');
INSERT INTO Customer (fullname, dob) VALUES ('Phan Đình Trang', '2002-10-07');
INSERT INTO Customer (fullname, dob) VALUES ('Bùi Gia Việt', '2001-02-25');
INSERT INTO Customer (fullname, dob) VALUES ('Lê Đức Sơn', '2009-01-11');
INSERT INTO Customer (fullname, dob) VALUES ('Đỗ Anh Hải', '1988-09-29');
INSERT INTO Customer (fullname, dob) VALUES ('Phan Gia Thảo', '2004-08-15');
INSERT INTO Customer (fullname, dob) VALUES ('Phan Minh Thảo', '1997-07-24');
INSERT INTO Customer (fullname, dob) VALUES ('Ngô Gia Hải', '1998-05-05');
INSERT INTO Customer (fullname, dob) VALUES ('Huỳnh Gia Đạt', '1978-11-29');
INSERT INTO Customer (fullname, dob) VALUES ('Võ Mai Anh', '1972-04-01');
INSERT INTO Customer (fullname, dob) VALUES ('Phan Tuấn Nhung', '1994-04-21');
INSERT INTO Customer (fullname, dob) VALUES ('Lý Hoàng Việt', '1971-03-14');
INSERT INTO Customer (fullname, dob) VALUES ('Vũ Minh Nhung', '1987-04-03');
INSERT INTO Customer (fullname, dob) VALUES ('Ngô Đức Dũng', '1980-06-12');
INSERT INTO Customer (fullname, dob) VALUES ('Trần Anh Hoa', '1993-11-12');
INSERT INTO Customer (fullname, dob) VALUES ('Hoàng Văn Hải', '1979-09-02');
INSERT INTO Customer (fullname, dob) VALUES ('Nguyễn Tuấn Linh', '1997-07-26');
INSERT INTO Customer (fullname, dob) VALUES ('Nguyễn Thái Hoa', '1967-01-10');
INSERT INTO Customer (fullname, dob) VALUES ('Đỗ Thị Hà', '1977-05-30');
INSERT INTO Customer (fullname, dob) VALUES ('Nguyễn Hữu Thảo', '1975-03-12');
INSERT INTO Customer (fullname, dob) VALUES ('Lê Văn Sơn', '1995-04-30');
INSERT INTO Customer (fullname, dob) VALUES ('Dương Thái Dũng', '1997-08-16');
INSERT INTO Customer (fullname, dob) VALUES ('Phạm Đình Trang', '1975-02-11');
INSERT INTO Customer (fullname, dob) VALUES ('Dương Mai Khánh', '1972-10-26');
INSERT INTO Customer (fullname, dob) VALUES ('Phạm Đức Đạt', '1993-01-05');
INSERT INTO Customer (fullname, dob) VALUES ('Phạm Thái Tuấn', '2004-08-19');
INSERT INTO Customer (fullname, dob) VALUES ('Dương Xuân Nam', '1996-07-06');
INSERT INTO Customer (fullname, dob) VALUES ('Lý Thúy Trang', '1995-08-03');
INSERT INTO Customer (fullname, dob) VALUES ('Phạm Anh Khánh', '1989-04-05');
INSERT INTO Customer (fullname, dob) VALUES ('Phạm Minh Nhung', '1980-02-06');
INSERT INTO Customer (fullname, dob) VALUES ('Hoàng Thái Phong', '1994-09-07');
INSERT INTO Customer (fullname, dob) VALUES ('Phan Văn Đạt', '1970-10-07');
INSERT INTO Customer (fullname, dob) VALUES ('Đỗ Thị Phong', '1982-12-22');
INSERT INTO Customer (fullname, dob) VALUES ('Phan Hoàng Lan', '1983-12-08');
INSERT INTO Customer (fullname, dob) VALUES ('Hoàng Hoàng Huy', '1992-04-14');
INSERT INTO Customer (fullname, dob) VALUES ('Hồ Thu Hoa', '2002-11-06');
INSERT INTO Customer (fullname, dob) VALUES ('Hồ Hoàng Dũng', '2007-01-11');
INSERT INTO Customer (fullname, dob) VALUES ('Huỳnh Xuân Nam', '1967-11-12');
INSERT INTO Customer (fullname, dob) VALUES ('Đỗ Minh Ngọc', '2003-09-03');
INSERT INTO Customer (fullname, dob) VALUES ('Trần Gia Khánh', '1991-03-24');
INSERT INTO Customer (fullname, dob) VALUES ('Vũ Gia Hải', '1981-04-18');
INSERT INTO Customer (fullname, dob) VALUES ('Hồ Ngọc Dũng', '1974-04-21');
INSERT INTO Customer (fullname, dob) VALUES ('Vũ Thanh Anh', '1971-10-04');
INSERT INTO Customer (fullname, dob) VALUES ('Bùi Thu Dũng', '1967-12-25');
INSERT INTO Customer (fullname, dob) VALUES ('Võ Ngọc Cường', '1995-12-12');
INSERT INTO Customer (fullname, dob) VALUES ('Phạm Đức Trang', '1987-08-12');
INSERT INTO Customer (fullname, dob) VALUES ('Phạm Tuấn Trang', '1992-08-12');
INSERT INTO Customer (fullname, dob) VALUES ('Huỳnh Hoàng Linh', '1965-12-26');
INSERT INTO Customer (fullname, dob) VALUES ('Phạm Đình Cường', '1978-09-16');
INSERT INTO Customer (fullname, dob) VALUES ('Lê Đình Đạt', '1974-03-25');
INSERT INTO Customer (fullname, dob) VALUES ('Bùi Minh Tuấn', '2001-09-20');
INSERT INTO Customer (fullname, dob) VALUES ('Đặng Tuấn Cường', '1968-03-07');
INSERT INTO Customer (fullname, dob) VALUES ('Dương Anh Huy', '1976-02-24');
INSERT INTO Customer (fullname, dob) VALUES ('Ngô Thanh Việt', '1999-04-09');
INSERT INTO Customer (fullname, dob) VALUES ('Phan Hữu Hoa', '1976-06-20');
INSERT INTO Customer (fullname, dob) VALUES ('Nguyễn Ngọc Ngọc', '1991-04-12');
INSERT INTO Customer (fullname, dob) VALUES ('Bùi Văn Lan', '1987-11-27');
INSERT INTO Customer (fullname, dob) VALUES ('Võ Hữu Việt', '1977-10-17');
INSERT INTO Customer (fullname, dob) VALUES ('Ngô Thúy Huy', '2006-06-26');
INSERT INTO Customer (fullname, dob) VALUES ('Huỳnh Mai Tuấn', '1998-07-04');
INSERT INTO Customer (fullname, dob) VALUES ('Hồ Đức Linh', '1997-11-11');
INSERT INTO Customer (fullname, dob) VALUES ('Võ Minh Huy', '1971-11-02');
INSERT INTO Customer (fullname, dob) VALUES ('Đặng Hoàng Đạt', '2008-06-25');
INSERT INTO Customer (fullname, dob) VALUES ('Huỳnh Thu Phong', '1999-04-14');
INSERT INTO Customer (fullname, dob) VALUES ('Huỳnh Bảo Hải', '1976-02-09');
INSERT INTO Customer (fullname, dob) VALUES ('Hồ Anh Linh', '1970-10-28');
INSERT INTO Customer (fullname, dob) VALUES ('Huỳnh Hải Anh', '1983-05-23');
INSERT INTO Customer (fullname, dob) VALUES ('Đặng Văn Trang', '1988-03-11');
INSERT INTO Customer (fullname, dob) VALUES ('Phan Thúy Hải', '1979-05-07');
INSERT INTO Customer (fullname, dob) VALUES ('Đặng Thanh Trang', '1996-03-06');
INSERT INTO Customer (fullname, dob) VALUES ('Hồ Đình Khánh', '2010-05-02');
INSERT INTO Customer (fullname, dob) VALUES ('Lê Đức Huy', '1973-04-30');
INSERT INTO Customer (fullname, dob) VALUES ('Phạm Hải Tuấn', '1983-12-09');
INSERT INTO Customer (fullname, dob) VALUES ('Phan Anh Anh', '2010-03-08');
INSERT INTO Customer (fullname, dob) VALUES ('Hoàng Thúy Phong', '1969-12-20');
INSERT INTO Customer (fullname, dob) VALUES ('Vũ Ngọc Anh', '1983-11-04');
INSERT INTO Customer (fullname, dob) VALUES ('Đặng Đình Việt', '1982-04-10');
INSERT INTO Customer (fullname, dob) VALUES ('Trần Đức Huy', '1998-09-29');
INSERT INTO Customer (fullname, dob) VALUES ('Huỳnh Thái Đạt', '2005-03-02');
INSERT INTO Customer (fullname, dob) VALUES ('Dương Thu Dũng', '1978-02-02');
INSERT INTO Customer (fullname, dob) VALUES ('Huỳnh Thái Anh', '1974-12-26');
INSERT INTO Customer (fullname, dob) VALUES ('Huỳnh Mai Khánh', '1998-06-29');
INSERT INTO Customer (fullname, dob) VALUES ('Hồ Minh Thảo', '1969-10-24');
INSERT INTO Customer (fullname, dob) VALUES ('Lý Thanh Nam', '2000-09-08');
INSERT INTO Customer (fullname, dob) VALUES ('Nguyễn Đức Huy', '1992-11-13');
INSERT INTO Customer (fullname, dob) VALUES ('Phan Anh Hải', '1975-03-24');
INSERT INTO Customer (fullname, dob) VALUES ('Đỗ Văn Sơn', '2002-01-25');
INSERT INTO Customer (fullname, dob) VALUES ('Huỳnh Hoàng Nam', '1986-11-11');
INSERT INTO Customer (fullname, dob) VALUES ('Ngô Đức Thảo', '1998-04-19');
INSERT INTO Customer (fullname, dob) VALUES ('Dương Ngọc Linh', '1985-11-02');
INSERT INTO Customer (fullname, dob) VALUES ('Nguyễn Bảo Dũng', '1987-04-05');
INSERT INTO Customer (fullname, dob) VALUES ('Trần Bảo Linh', '2006-08-21');
INSERT INTO Customer (fullname, dob) VALUES ('Võ Văn Ngọc', '2007-10-25');
INSERT INTO Customer (fullname, dob) VALUES ('Vũ Văn Nam', '1972-07-08');
INSERT INTO Customer (fullname, dob) VALUES ('Trần Bảo Nam', '1975-10-19');
INSERT INTO Customer (fullname, dob) VALUES ('Lê Mai Nam', '1970-08-12');
INSERT INTO Customer (fullname, dob) VALUES ('Lê Ngọc Anh', '1987-10-30');
INSERT INTO Customer (fullname, dob) VALUES ('Bùi Đức Dũng', '1988-02-05');
INSERT INTO Customer (fullname, dob) VALUES ('Hoàng Anh Huy', '1988-07-15');
INSERT INTO Customer (fullname, dob) VALUES ('Huỳnh Hoàng Tuấn', '1990-06-13');
INSERT INTO Customer (fullname, dob) VALUES ('Lý Văn Lan', '1993-07-21');
INSERT INTO Customer (fullname, dob) VALUES ('Võ Hữu Hoa', '1990-05-11');
INSERT INTO Customer (fullname, dob) VALUES ('Võ Minh Trang', '2010-02-01');
INSERT INTO Customer (fullname, dob) VALUES ('Phạm Anh Đạt', '1990-09-18');
INSERT INTO Customer (fullname, dob) VALUES ('Vũ Thanh Hải', '1979-02-28');
INSERT INTO Customer (fullname, dob) VALUES ('Nguyễn Thanh Trang', '1998-02-08');
INSERT INTO Customer (fullname, dob) VALUES ('Vũ Bảo Hải', '2003-11-04');
INSERT INTO Customer (fullname, dob) VALUES ('Trần Tuấn Nhung', '1973-10-01');
INSERT INTO Customer (fullname, dob) VALUES ('Trần Tuấn Nam', '2004-01-02');
INSERT INTO Customer (fullname, dob) VALUES ('Nguyễn Đức Hải', '1998-09-05');
INSERT INTO Customer (fullname, dob) VALUES ('Phạm Minh Nhung', '1980-01-24');
INSERT INTO Customer (fullname, dob) VALUES ('Lý Ngọc Anh', '1984-01-16');
INSERT INTO Customer (fullname, dob) VALUES ('Ngô Mai Nam', '2006-05-05');
INSERT INTO Customer (fullname, dob) VALUES ('Nguyễn Minh Thảo', '2010-03-02');
INSERT INTO Customer (fullname, dob) VALUES ('Phan Hoàng Dũng', '1989-02-11');
INSERT INTO Customer (fullname, dob) VALUES ('Bùi Đức Khánh', '2001-06-02');
INSERT INTO Customer (fullname, dob) VALUES ('Trần Xuân Lan', '1978-09-29');
INSERT INTO Customer (fullname, dob) VALUES ('Hoàng Xuân Đạt', '2006-09-13');
INSERT INTO Customer (fullname, dob) VALUES ('Phạm Minh Nam', '1983-04-07');
INSERT INTO Customer (fullname, dob) VALUES ('Phan Thu Dũng', '2010-03-01');
INSERT INTO Customer (fullname, dob) VALUES ('Nguyễn Thúy Huy', '1991-01-07');
INSERT INTO Customer (fullname, dob) VALUES ('Hồ Hải Dũng', '1980-10-14');
INSERT INTO Customer (fullname, dob) VALUES ('Hoàng Hoàng Việt', '1974-06-09');
INSERT INTO Customer (fullname, dob) VALUES ('Ngô Tuấn Thảo', '1992-04-22');
INSERT INTO Customer (fullname, dob) VALUES ('Bùi Minh Ngọc', '1977-12-19');
INSERT INTO Customer (fullname, dob) VALUES ('Huỳnh Tuấn Sơn', '1981-10-24');
INSERT INTO Customer (fullname, dob) VALUES ('Hoàng Thanh Hà', '1980-09-04');
INSERT INTO Customer (fullname, dob) VALUES ('Dương Hoàng Đạt', '2008-08-19');
INSERT INTO Customer (fullname, dob) VALUES ('Trần Ngọc Việt', '1989-09-26');
INSERT INTO Customer (fullname, dob) VALUES ('Trần Bảo Phong', '1989-07-27');
INSERT INTO Customer (fullname, dob) VALUES ('Nguyễn Đình Phong', '2001-05-25');
INSERT INTO Customer (fullname, dob) VALUES ('Phan Đức Hải', '1996-04-06');
INSERT INTO Customer (fullname, dob) VALUES ('Hồ Hải Nam', '1973-02-14');
INSERT INTO Customer (fullname, dob) VALUES ('Đỗ Anh Nhung', '2009-02-14');
INSERT INTO Customer (fullname, dob) VALUES ('Võ Hoàng Cường', '1999-07-31');
INSERT INTO Customer (fullname, dob) VALUES ('Đỗ Hữu Huy', '1994-06-23');
INSERT INTO Customer (fullname, dob) VALUES ('Lý Bảo Khánh', '2004-07-09');
INSERT INTO Customer (fullname, dob) VALUES ('Trần Thanh Thảo', '1972-03-27');
INSERT INTO Customer (fullname, dob) VALUES ('Bùi Minh Dũng', '1970-02-03');
INSERT INTO Customer (fullname, dob) VALUES ('Dương Thúy Hải', '1978-06-23');
INSERT INTO Customer (fullname, dob) VALUES ('Huỳnh Văn Phong', '1989-05-04');
INSERT INTO Customer (fullname, dob) VALUES ('Bùi Hải Hoa', '1985-04-10');
INSERT INTO Customer (fullname, dob) VALUES ('Hồ Thị Khánh', '1998-04-15');
INSERT INTO Customer (fullname, dob) VALUES ('Nguyễn Ngọc Sơn', '1969-03-12');
INSERT INTO Customer (fullname, dob) VALUES ('Đỗ Mai Thảo', '1971-02-21');
INSERT INTO Customer (fullname, dob) VALUES ('Lý Gia Tuấn', '2003-08-19');
INSERT INTO Customer (fullname, dob) VALUES ('Ngô Thúy Phong', '2000-01-09');
INSERT INTO Customer (fullname, dob) VALUES ('Lê Thu Dũng', '1993-06-30');
INSERT INTO Customer (fullname, dob) VALUES ('Lê Thanh Việt', '2004-09-08');
INSERT INTO Customer (fullname, dob) VALUES ('Hoàng Ngọc Nam', '1996-01-09');
INSERT INTO Customer (fullname, dob) VALUES ('Đỗ Thúy Cường', '1975-04-17');
INSERT INTO Customer (fullname, dob) VALUES ('Đỗ Thu Anh', '1967-12-21');
INSERT INTO Customer (fullname, dob) VALUES ('Nguyễn Thúy Trang', '1995-01-10');
INSERT INTO Customer (fullname, dob) VALUES ('Hoàng Hữu Đạt', '1968-07-21');
INSERT INTO Customer (fullname, dob) VALUES ('Huỳnh Đình Tuấn', '1990-08-15');
INSERT INTO Customer (fullname, dob) VALUES ('Lý Đức Dũng', '2002-12-18');
INSERT INTO Customer (fullname, dob) VALUES ('Lê Gia Đạt', '1982-06-03');
INSERT INTO Customer (fullname, dob) VALUES ('Nguyễn Thị Hoa', '2004-04-17');
INSERT INTO Customer (fullname, dob) VALUES ('Phạm Hoàng Cường', '2007-11-24');
INSERT INTO Customer (fullname, dob) VALUES ('Hồ Hải Huy', '2004-08-25');
INSERT INTO Customer (fullname, dob) VALUES ('Lý Hoàng Sơn', '1991-11-04');
INSERT INTO Customer (fullname, dob) VALUES ('Phan Hữu Thảo', '1990-07-30');
INSERT INTO Customer (fullname, dob) VALUES ('Đặng Thu Linh', '2007-06-05');
INSERT INTO Customer (fullname, dob) VALUES ('Hồ Thúy Cường', '2001-10-04');
INSERT INTO Customer (fullname, dob) VALUES ('Phạm Thị Cường', '1979-05-03');
INSERT INTO Customer (fullname, dob) VALUES ('Hồ Hữu Anh', '2007-08-01');
INSERT INTO Customer (fullname, dob) VALUES ('Phạm Xuân Huy', '1995-08-15');
INSERT INTO Customer (fullname, dob) VALUES ('Đỗ Hoàng Nam', '1993-09-15');
INSERT INTO Customer (fullname, dob) VALUES ('Lý Văn Lan', '1991-02-08');
INSERT INTO Customer (fullname, dob) VALUES ('Ngô Thái Trang', '2003-02-01');
INSERT INTO Customer (fullname, dob) VALUES ('Ngô Minh Đạt', '1994-11-26');
INSERT INTO Customer (fullname, dob) VALUES ('Đặng Gia Ngọc', '2005-10-16');
INSERT INTO Customer (fullname, dob) VALUES ('Lý Đức Cường', '1974-10-22');
INSERT INTO Customer (fullname, dob) VALUES ('Dương Xuân Việt', '1984-09-10');
INSERT INTO Customer (fullname, dob) VALUES ('Bùi Hoàng Lan', '1996-07-04');
INSERT INTO Customer (fullname, dob) VALUES ('Phạm Mai Dũng', '2000-12-14');
INSERT INTO Customer (fullname, dob) VALUES ('Lý Minh Thảo', '2008-10-01');
INSERT INTO Customer (fullname, dob) VALUES ('Đỗ Anh Hoa', '1994-09-16');
INSERT INTO Customer (fullname, dob) VALUES ('Đặng Tuấn Ngọc', '1985-05-07');
INSERT INTO Customer (fullname, dob) VALUES ('Phan Bảo Cường', '1990-05-18');
INSERT INTO Customer (fullname, dob) VALUES ('Bùi Thu Phong', '1969-03-27');
INSERT INTO Customer (fullname, dob) VALUES ('Phạm Thái Khánh', '1967-10-15');
INSERT INTO Customer (fullname, dob) VALUES ('Đặng Hoàng Lan', '2003-07-10');
INSERT INTO Customer (fullname, dob) VALUES ('Đỗ Thu Hà', '1970-06-01');
INSERT INTO Customer (fullname, dob) VALUES ('Vũ Thu Anh', '2006-12-13');
INSERT INTO Customer (fullname, dob) VALUES ('Đỗ Văn Cường', '2001-07-08');
INSERT INTO Customer (fullname, dob) VALUES ('Phạm Đức Nam', '1971-08-06');
INSERT INTO Customer (fullname, dob) VALUES ('Ngô Mai Thảo', '2000-10-02');
INSERT INTO Customer (fullname, dob) VALUES ('Hoàng Thái Huy', '1989-09-06');
INSERT INTO Customer (fullname, dob) VALUES ('Phan Thúy Anh', '1972-01-03');
INSERT INTO Customer (fullname, dob) VALUES ('Vũ Hoàng Sơn', '2008-03-09');
INSERT INTO Customer (fullname, dob) VALUES ('Nguyễn Ngọc Cường', '1989-05-20');
INSERT INTO Customer (fullname, dob) VALUES ('Phạm Đức Anh', '1980-10-21');
INSERT INTO Customer (fullname, dob) VALUES ('Trần Anh Lan', '2003-03-18');
INSERT INTO Customer (fullname, dob) VALUES ('Huỳnh Văn Anh', '2005-10-21');
INSERT INTO Customer (fullname, dob) VALUES ('Võ Gia Sơn', '1985-09-29');
INSERT INTO Customer (fullname, dob) VALUES ('Trần Hữu Trang', '1997-05-14');
INSERT INTO Customer (fullname, dob) VALUES ('Ngô Bảo Nam', '1986-12-12');
INSERT INTO Customer (fullname, dob) VALUES ('Huỳnh Minh Trang', '2003-02-21');
INSERT INTO Customer (fullname, dob) VALUES ('Phan Đức Linh', '1995-08-12');
INSERT INTO Customer (fullname, dob) VALUES ('Phạm Đức Nam', '1978-09-11');
INSERT INTO Customer (fullname, dob) VALUES ('Lê Anh Tuấn', '1977-03-29');
INSERT INTO Customer (fullname, dob) VALUES ('Đặng Thái Đạt', '1998-02-22');
INSERT INTO Customer (fullname, dob) VALUES ('Lý Thu Đạt', '1988-07-01');
INSERT INTO Customer (fullname, dob) VALUES ('Võ Hoàng Hà', '1972-10-11');
INSERT INTO Customer (fullname, dob) VALUES ('Lê Đức Linh', '2004-01-10');
INSERT INTO Customer (fullname, dob) VALUES ('Võ Đình Lan', '1993-04-19');
INSERT INTO Customer (fullname, dob) VALUES ('Hồ Thị Phong', '1977-10-21');
INSERT INTO Customer (fullname, dob) VALUES ('Lê Thúy Anh', '2004-02-03');
INSERT INTO Customer (fullname, dob) VALUES ('Lê Bảo Hà', '2000-11-02');
INSERT INTO Customer (fullname, dob) VALUES ('Ngô Thanh Ngọc', '1996-03-01');
INSERT INTO Customer (fullname, dob) VALUES ('Ngô Bảo Nhung', '1974-05-22');
INSERT INTO Customer (fullname, dob) VALUES ('Huỳnh Thu Thảo', '1990-07-18');
INSERT INTO Customer (fullname, dob) VALUES ('Hoàng Hoàng Hoa', '2006-06-28');
INSERT INTO Customer (fullname, dob) VALUES ('Ngô Thanh Dũng', '1968-11-25');
INSERT INTO Customer (fullname, dob) VALUES ('Phan Hải Anh', '1980-06-18');
INSERT INTO Customer (fullname, dob) VALUES ('Đỗ Đình Hà', '1968-01-14');
INSERT INTO Customer (fullname, dob) VALUES ('Lý Xuân Sơn', '1974-11-22');
INSERT INTO Customer (fullname, dob) VALUES ('Trần Mai Nhung', '1981-10-20');
INSERT INTO Customer (fullname, dob) VALUES ('Đặng Thị Anh', '1992-03-05');
INSERT INTO Customer (fullname, dob) VALUES ('Lý Thúy Linh', '2008-02-25');
INSERT INTO Customer (fullname, dob) VALUES ('Nguyễn Thị Huy', '1983-06-14');
INSERT INTO Customer (fullname, dob) VALUES ('Trần Xuân Linh', '1996-11-11');
INSERT INTO Customer (fullname, dob) VALUES ('Lê Thái Huy', '1999-07-17');
INSERT INTO Customer (fullname, dob) VALUES ('Lý Đình Hà', '1990-02-08');
INSERT INTO Customer (fullname, dob) VALUES ('Đỗ Bảo Phong', '2006-05-13');
INSERT INTO Customer (fullname, dob) VALUES ('Ngô Hữu Dũng', '1982-03-15');
INSERT INTO Customer (fullname, dob) VALUES ('Huỳnh Thái Anh', '1998-03-07');
INSERT INTO Customer (fullname, dob) VALUES ('Phan Hải Cường', '2010-04-27');
INSERT INTO Customer (fullname, dob) VALUES ('Nguyễn Mai Khánh', '1998-04-25');
INSERT INTO Customer (fullname, dob) VALUES ('Đỗ Ngọc Nam', '1989-05-09');
INSERT INTO Customer (fullname, dob) VALUES ('Phạm Hoàng Cường', '1979-01-21');
INSERT INTO Customer (fullname, dob) VALUES ('Trần Đức Sơn', '1977-11-27');
INSERT INTO Customer (fullname, dob) VALUES ('Huỳnh Đình Việt', '1998-10-31');
INSERT INTO Customer (fullname, dob) VALUES ('Lê Đức Hoa', '1990-01-02');
INSERT INTO Customer (fullname, dob) VALUES ('Ngô Tuấn Dũng', '1970-04-11');
INSERT INTO Customer (fullname, dob) VALUES ('Võ Anh Hải', '2003-12-22');
INSERT INTO Customer (fullname, dob) VALUES ('Lý Đình Anh', '1979-03-13');
INSERT INTO Customer (fullname, dob) VALUES ('Phan Minh Anh', '1982-02-26');
INSERT INTO Customer (fullname, dob) VALUES ('Bùi Mai Hoa', '1982-03-02');
INSERT INTO Customer (fullname, dob) VALUES ('Đỗ Bảo Tuấn', '1983-04-14');
INSERT INTO Customer (fullname, dob) VALUES ('Ngô Thái Việt', '1987-11-20');
INSERT INTO Customer (fullname, dob) VALUES ('Vũ Thái Hải', '1988-02-02');
INSERT INTO Customer (fullname, dob) VALUES ('Huỳnh Bảo Sơn', '2009-11-23');
INSERT INTO Customer (fullname, dob) VALUES ('Ngô Mai Nhung', '2008-05-29');
INSERT INTO Customer (fullname, dob) VALUES ('Trần Đình Nhung', '2009-12-25');
INSERT INTO Customer (fullname, dob) VALUES ('Phan Minh Linh', '1998-06-09');
INSERT INTO Customer (fullname, dob) VALUES ('Lý Thị Cường', '1966-05-14');
INSERT INTO Customer (fullname, dob) VALUES ('Võ Bảo Trang', '1965-09-07');
INSERT INTO Customer (fullname, dob) VALUES ('Huỳnh Xuân Đạt', '2005-07-11');
INSERT INTO Customer (fullname, dob) VALUES ('Phạm Thái Ngọc', '2003-11-06');
INSERT INTO Customer (fullname, dob) VALUES ('Vũ Gia Ngọc', '1991-10-25');
INSERT INTO Customer (fullname, dob) VALUES ('Phan Tuấn Cường', '1985-10-20');
INSERT INTO Customer (fullname, dob) VALUES ('Hồ Gia Hà', '1970-01-14');
INSERT INTO Customer (fullname, dob) VALUES ('Võ Minh Đạt', '1988-11-10');
INSERT INTO Customer (fullname, dob) VALUES ('Lý Thúy Thảo', '1979-09-21');
INSERT INTO Customer (fullname, dob) VALUES ('Bùi Thúy Thảo', '1983-04-23');
INSERT INTO Customer (fullname, dob) VALUES ('Võ Đức Nam', '1996-08-17');
INSERT INTO Customer (fullname, dob) VALUES ('Phan Hải Nam', '1988-07-01');
INSERT INTO Customer (fullname, dob) VALUES ('Hồ Tuấn Tuấn', '1982-02-08');
INSERT INTO Customer (fullname, dob) VALUES ('Phan Mai Khánh', '1979-11-22');
INSERT INTO Customer (fullname, dob) VALUES ('Huỳnh Bảo Ngọc', '1993-04-13');
INSERT INTO Customer (fullname, dob) VALUES ('Dương Gia Lan', '1998-01-19');
INSERT INTO Customer (fullname, dob) VALUES ('Lê Hữu Sơn', '1999-09-24');
INSERT INTO Customer (fullname, dob) VALUES ('Hồ Hữu Nam', '1984-12-08');
INSERT INTO Customer (fullname, dob) VALUES ('Ngô Đức Hà', '1989-10-04');
INSERT INTO Customer (fullname, dob) VALUES ('Đặng Hữu Cường', '1986-05-05');
INSERT INTO Customer (fullname, dob) VALUES ('Nguyễn Đức Hải', '1967-09-18');
INSERT INTO Customer (fullname, dob) VALUES ('Dương Thị Tuấn', '1991-10-11');
INSERT INTO Customer (fullname, dob) VALUES ('Bùi Hữu Trang', '2008-12-19');
INSERT INTO Customer (fullname, dob) VALUES ('Phạm Bảo Sơn', '1998-12-04');
INSERT INTO Customer (fullname, dob) VALUES ('Lý Thanh Hoa', '1984-10-29');
INSERT INTO Customer (fullname, dob) VALUES ('Bùi Xuân Thảo', '2005-12-18');
INSERT INTO Customer (fullname, dob) VALUES ('Lê Thu Linh', '1981-08-15');
INSERT INTO Customer (fullname, dob) VALUES ('Hoàng Ngọc Cường', '1996-01-25');
INSERT INTO Customer (fullname, dob) VALUES ('Huỳnh Thu Cường', '2003-09-04');
INSERT INTO Customer (fullname, dob) VALUES ('Phạm Bảo Dũng', '1975-09-30');
INSERT INTO Customer (fullname, dob) VALUES ('Vũ Đức Đạt', '1991-05-03');
INSERT INTO Customer (fullname, dob) VALUES ('Trần Văn Phong', '2002-08-03');
INSERT INTO Customer (fullname, dob) VALUES ('Vũ Hữu Anh', '1970-07-04');
INSERT INTO Customer (fullname, dob) VALUES ('Nguyễn Mai Phong', '1978-03-26');
INSERT INTO Customer (fullname, dob) VALUES ('Lê Thái Trang', '1991-04-09');
INSERT INTO Customer (fullname, dob) VALUES ('Dương Thị Ngọc', '1985-02-22');
INSERT INTO Customer (fullname, dob) VALUES ('Đặng Văn Linh', '2005-03-21');
INSERT INTO Customer (fullname, dob) VALUES ('Phạm Xuân Khánh', '2009-09-22');
INSERT INTO Customer (fullname, dob) VALUES ('Bùi Thị Linh', '1997-11-23');
INSERT INTO Customer (fullname, dob) VALUES ('Hồ Ngọc Trang', '2001-11-03');
INSERT INTO Customer (fullname, dob) VALUES ('Đặng Thái Ngọc', '2004-07-13');
INSERT INTO Customer (fullname, dob) VALUES ('Hoàng Anh Việt', '1985-05-16');
INSERT INTO Customer (fullname, dob) VALUES ('Võ Anh Hà', '1982-08-09');
INSERT INTO Customer (fullname, dob) VALUES ('Hoàng Thu Huy', '1974-12-19');
INSERT INTO Customer (fullname, dob) VALUES ('Bùi Gia Sơn', '1998-12-10');
INSERT INTO Customer (fullname, dob) VALUES ('Phan Tuấn Huy', '1976-11-08');
INSERT INTO Customer (fullname, dob) VALUES ('Dương Văn Thảo', '1966-06-29');
INSERT INTO Customer (fullname, dob) VALUES ('Đỗ Văn Cường', '2003-04-30');
INSERT INTO Customer (fullname, dob) VALUES ('Hoàng Văn Trang', '1965-09-16');
INSERT INTO Customer (fullname, dob) VALUES ('Hồ Hoàng Phong', '2008-04-12');
INSERT INTO Customer (fullname, dob) VALUES ('Phan Bảo Nhung', '1972-10-28');
INSERT INTO Customer (fullname, dob) VALUES ('Lý Hoàng Khánh', '1980-07-12');
INSERT INTO Customer (fullname, dob) VALUES ('Lê Bảo Hải', '2004-09-28');
INSERT INTO Customer (fullname, dob) VALUES ('Lê Mai Hoa', '1989-08-13');
INSERT INTO Customer (fullname, dob) VALUES ('Đỗ Gia Hoa', '1996-02-01');
INSERT INTO Customer (fullname, dob) VALUES ('Nguyễn Xuân Việt', '1996-04-06');
INSERT INTO Customer (fullname, dob) VALUES ('Bùi Thanh Sơn', '1992-06-04');
INSERT INTO Customer (fullname, dob) VALUES ('Vũ Văn Đạt', '1991-09-05');
INSERT INTO Customer (fullname, dob) VALUES ('Huỳnh Mai Đạt', '1990-08-02');
INSERT INTO Customer (fullname, dob) VALUES ('Vũ Hoàng Hoa', '1975-01-24');
INSERT INTO Customer (fullname, dob) VALUES ('Huỳnh Minh Đạt', '1975-04-06');
INSERT INTO Customer (fullname, dob) VALUES ('Đặng Hoàng Cường', '1979-05-15');
INSERT INTO Customer (fullname, dob) VALUES ('Đỗ Thu Hoa', '1974-11-02');
INSERT INTO Customer (fullname, dob) VALUES ('Bùi Thanh Phong', '2004-01-14');
INSERT INTO Customer (fullname, dob) VALUES ('Lê Ngọc Đạt', '2005-09-01');
INSERT INTO Customer (fullname, dob) VALUES ('Dương Hữu Phong', '1981-12-13');
INSERT INTO Customer (fullname, dob) VALUES ('Bùi Đức Cường', '1987-05-20');
INSERT INTO Customer (fullname, dob) VALUES ('Lê Đức Hà', '1970-02-10');
INSERT INTO Customer (fullname, dob) VALUES ('Lý Thúy Huy', '1976-09-27');
INSERT INTO Customer (fullname, dob) VALUES ('Hoàng Hoàng Khánh', '1974-06-13');
INSERT INTO Customer (fullname, dob) VALUES ('Hồ Anh Thảo', '1984-02-09');
INSERT INTO Customer (fullname, dob) VALUES ('Võ Ngọc Phong', '1992-04-06');
INSERT INTO Customer (fullname, dob) VALUES ('Nguyễn Tuấn Huy', '1983-05-02');
INSERT INTO Customer (fullname, dob) VALUES ('Trần Gia Huy', '1998-10-15');
INSERT INTO Customer (fullname, dob) VALUES ('Nguyễn Thị Thảo', '1989-01-27');
INSERT INTO Customer (fullname, dob) VALUES ('Huỳnh Bảo Linh', '1976-06-10');
INSERT INTO Customer (fullname, dob) VALUES ('Vũ Anh Việt', '1999-03-09');
INSERT INTO Customer (fullname, dob) VALUES ('Phạm Thu Việt', '1993-05-15');
INSERT INTO Customer (fullname, dob) VALUES ('Phạm Hữu Anh', '1969-02-22');
INSERT INTO Customer (fullname, dob) VALUES ('Phạm Xuân Sơn', '1982-12-20');
INSERT INTO Customer (fullname, dob) VALUES ('Ngô Văn Hoa', '1990-04-20');
INSERT INTO Customer (fullname, dob) VALUES ('Lê Hoàng Anh', '1989-02-18');
INSERT INTO Customer (fullname, dob) VALUES ('Võ Minh Sơn', '1994-02-14');
INSERT INTO Customer (fullname, dob) VALUES ('Huỳnh Văn Nhung', '2004-06-19');
INSERT INTO Customer (fullname, dob) VALUES ('Trần Mai Hoa', '2004-07-03');
INSERT INTO Customer (fullname, dob) VALUES ('Hoàng Tuấn Việt', '1973-10-21');
INSERT INTO Customer (fullname, dob) VALUES ('Bùi Hoàng Anh', '1997-12-26');
INSERT INTO Customer (fullname, dob) VALUES ('Đỗ Gia Việt', '1997-07-29');
INSERT INTO Customer (fullname, dob) VALUES ('Bùi Thái Hải', '1992-07-12');
INSERT INTO Customer (fullname, dob) VALUES ('Đặng Bảo Trang', '1999-03-15');
INSERT INTO Customer (fullname, dob) VALUES ('Dương Tuấn Lan', '1983-09-23');
INSERT INTO Customer (fullname, dob) VALUES ('Hoàng Tuấn Dũng', '1966-12-28');
INSERT INTO Customer (fullname, dob) VALUES ('Vũ Anh Anh', '1987-06-22');
INSERT INTO Customer (fullname, dob) VALUES ('Hoàng Anh Đạt', '1971-07-15');
INSERT INTO Customer (fullname, dob) VALUES ('Ngô Hữu Cường', '1991-03-07');
INSERT INTO Customer (fullname, dob) VALUES ('Ngô Ngọc Dũng', '1997-10-14');
INSERT INTO Customer (fullname, dob) VALUES ('Võ Minh Hải', '2008-08-19');
INSERT INTO Customer (fullname, dob) VALUES ('Nguyễn Bảo Cường', '2008-04-22');
INSERT INTO Customer (fullname, dob) VALUES ('Dương Xuân Cường', '1982-04-27');
INSERT INTO Customer (fullname, dob) VALUES ('Vũ Đình Nam', '1982-11-27');
INSERT INTO Customer (fullname, dob) VALUES ('Phạm Thúy Thảo', '1990-09-21');
INSERT INTO Customer (fullname, dob) VALUES ('Hoàng Minh Thảo', '1985-10-10');
INSERT INTO Customer (fullname, dob) VALUES ('Đặng Đức Thảo', '2002-10-04');
INSERT INTO Customer (fullname, dob) VALUES ('Bùi Ngọc Việt', '1977-08-06');
INSERT INTO Customer (fullname, dob) VALUES ('Dương Hữu Anh', '1973-05-05');
INSERT INTO Customer (fullname, dob) VALUES ('Lê Thu Dũng', '2004-09-09');
INSERT INTO Customer (fullname, dob) VALUES ('Lê Văn Lan', '2002-11-16');
INSERT INTO Customer (fullname, dob) VALUES ('Trần Mai Lan', '1996-02-06');
INSERT INTO Customer (fullname, dob) VALUES ('Đỗ Ngọc Dũng', '1971-12-14');
INSERT INTO Customer (fullname, dob) VALUES ('Đỗ Xuân Nam', '1976-03-24');
INSERT INTO Customer (fullname, dob) VALUES ('Trần Hải Thảo', '1975-11-20');
INSERT INTO Customer (fullname, dob) VALUES ('Hoàng Đức Ngọc', '1975-09-10');
INSERT INTO Customer (fullname, dob) VALUES ('Huỳnh Đình Hải', '2001-12-16');
INSERT INTO Customer (fullname, dob) VALUES ('Đặng Thúy Đạt', '2001-09-15');
INSERT INTO Customer (fullname, dob) VALUES ('Ngô Hữu Đạt', '2009-10-25');
INSERT INTO Customer (fullname, dob) VALUES ('Dương Hữu Phong', '1972-09-11');
INSERT INTO Customer (fullname, dob) VALUES ('Trần Hải Linh', '1992-06-07');
INSERT INTO Customer (fullname, dob) VALUES ('Võ Gia Sơn', '1993-12-21');
INSERT INTO Customer (fullname, dob) VALUES ('Đặng Thúy Sơn', '1969-07-18');
INSERT INTO Customer (fullname, dob) VALUES ('Vũ Thị Trang', '1991-05-30');
INSERT INTO Customer (fullname, dob) VALUES ('Phan Thái Việt', '1981-03-25');
INSERT INTO Customer (fullname, dob) VALUES ('Hồ Gia Hải', '2009-11-07');
INSERT INTO Customer (fullname, dob) VALUES ('Ngô Hữu Anh', '1976-06-25');
INSERT INTO Customer (fullname, dob) VALUES ('Đặng Thanh Lan', '1976-12-22');
INSERT INTO Customer (fullname, dob) VALUES ('Lý Văn Đạt', '1994-12-16');
INSERT INTO Customer (fullname, dob) VALUES ('Lê Đình Huy', '1990-09-21');
INSERT INTO Customer (fullname, dob) VALUES ('Đỗ Hoàng Hải', '2001-05-27');
INSERT INTO Customer (fullname, dob) VALUES ('Đặng Thúy Thảo', '1974-05-29');
INSERT INTO Customer (fullname, dob) VALUES ('Nguyễn Anh Dũng', '1991-10-27');
INSERT INTO Customer (fullname, dob) VALUES ('Ngô Hữu Phong', '1990-10-17');
INSERT INTO Customer (fullname, dob) VALUES ('Hồ Anh Hải', '1997-09-11');
INSERT INTO Customer (fullname, dob) VALUES ('Phan Hải Trang', '1977-02-12');
INSERT INTO Customer (fullname, dob) VALUES ('Ngô Thái Đạt', '2004-10-21');
INSERT INTO Customer (fullname, dob) VALUES ('Hồ Thúy Thảo', '1997-07-03');
INSERT INTO Customer (fullname, dob) VALUES ('Nguyễn Tuấn Huy', '1979-01-06');
INSERT INTO Customer (fullname, dob) VALUES ('Nguyễn Hoàng Đạt', '1980-01-08');
INSERT INTO Customer (fullname, dob) VALUES ('Lý Ngọc Cường', '1971-09-22');
INSERT INTO Customer (fullname, dob) VALUES ('Ngô Tuấn Thảo', '1981-10-28');
INSERT INTO Customer (fullname, dob) VALUES ('Vũ Thị Linh', '1974-05-12');
INSERT INTO Customer (fullname, dob) VALUES ('Huỳnh Đức Dũng', '1991-02-17');
INSERT INTO Customer (fullname, dob) VALUES ('Ngô Gia Khánh', '1976-08-05');
INSERT INTO Customer (fullname, dob) VALUES ('Nguyễn Tuấn Nhung', '2001-07-01');
INSERT INTO Customer (fullname, dob) VALUES ('Bùi Xuân Cường', '2001-09-22');
INSERT INTO Customer (fullname, dob) VALUES ('Lê Thu Anh', '1981-09-03');
INSERT INTO Customer (fullname, dob) VALUES ('Phan Đức Việt', '1987-06-06');
INSERT INTO Customer (fullname, dob) VALUES ('Dương Thanh Trang', '1996-06-24');
INSERT INTO Customer (fullname, dob) VALUES ('Đỗ Tuấn Hoa', '1985-12-24');
INSERT INTO Customer (fullname, dob) VALUES ('Phan Văn Anh', '1987-06-17');
INSERT INTO Customer (fullname, dob) VALUES ('Ngô Thị Linh', '1990-08-14');
INSERT INTO Customer (fullname, dob) VALUES ('Trần Thái Trang', '1975-06-18');
INSERT INTO Customer (fullname, dob) VALUES ('Phan Tuấn Tuấn', '1982-06-21');
INSERT INTO Customer (fullname, dob) VALUES ('Dương Hữu Thảo', '1997-12-27');
INSERT INTO Customer (fullname, dob) VALUES ('Phan Thị Việt', '1974-12-17');
INSERT INTO Customer (fullname, dob) VALUES ('Lý Thị Dũng', '1996-11-13');
INSERT INTO Customer (fullname, dob) VALUES ('Nguyễn Đức Đạt', '1973-05-08');
INSERT INTO Customer (fullname, dob) VALUES ('Nguyễn Thái Phong', '1971-05-23');
INSERT INTO Customer (fullname, dob) VALUES ('Đặng Đình Sơn', '1981-02-28');
INSERT INTO Customer (fullname, dob) VALUES ('Dương Anh Tuấn', '1998-03-30');
INSERT INTO Customer (fullname, dob) VALUES ('Đặng Hoàng Cường', '2007-01-26');
INSERT INTO Customer (fullname, dob) VALUES ('Lê Hoàng Tuấn', '2010-05-25');
INSERT INTO Customer (fullname, dob) VALUES ('Đỗ Đình Trang', '1978-12-24');
INSERT INTO Customer (fullname, dob) VALUES ('Lý Đức Hà', '1994-05-31');
INSERT INTO Customer (fullname, dob) VALUES ('Vũ Hoàng Ngọc', '1990-06-05');
INSERT INTO Customer (fullname, dob) VALUES ('Trần Văn Cường', '1984-01-20');
INSERT INTO Customer (fullname, dob) VALUES ('Ngô Hữu Ngọc', '1969-08-28');
INSERT INTO Customer (fullname, dob) VALUES ('Đỗ Thái Cường', '2007-05-11');
INSERT INTO Customer (fullname, dob) VALUES ('Đặng Xuân Nhung', '1980-10-27');
INSERT INTO Customer (fullname, dob) VALUES ('Dương Mai Huy', '1986-07-01');
INSERT INTO Customer (fullname, dob) VALUES ('Bùi Hải Thảo', '1988-06-22');
INSERT INTO Customer (fullname, dob) VALUES ('Lý Đức Nhung', '1995-03-21');
INSERT INTO Customer (fullname, dob) VALUES ('Lê Bảo Cường', '1983-03-11');
INSERT INTO Customer (fullname, dob) VALUES ('Nguyễn Ngọc Cường', '2002-05-28');
INSERT INTO Customer (fullname, dob) VALUES ('Dương Mai Việt', '1976-12-18');
INSERT INTO Customer (fullname, dob) VALUES ('Võ Thanh Hoa', '1980-10-20');
INSERT INTO Customer (fullname, dob) VALUES ('Phan Tuấn Ngọc', '1995-03-17');
INSERT INTO Customer (fullname, dob) VALUES ('Võ Đức Thảo', '1994-08-13');
INSERT INTO Customer (fullname, dob) VALUES ('Võ Tuấn Việt', '2008-02-16');
INSERT INTO Customer (fullname, dob) VALUES ('Dương Thu Huy', '1970-10-27');

-- === BẢNG MOVIE_ACCOUNT === --
INSERT INTO Movie_Account (customerid, username, password_hash, membershiplevel, rewardpoints) VALUES (1, 'user_1_john30', '62a1025c72705c210e53acf0d55d1f12a76a6ac028b8ffd1197aab8db05d6277', 'Vàng', 4565);
INSERT INTO Movie_Account (customerid, username, password_hash, membershiplevel, rewardpoints) VALUES (2, 'user_2_jdang', '5954374a29e5fbafe0d43e8a43d8b13809f14c4acacfda99906bd3d8a70e49e5', 'Đồng', 3377);
INSERT INTO Movie_Account (customerid, username, password_hash, membershiplevel, rewardpoints) VALUES (3, 'user_3_tranjohn', '0dd6ff659f075a83c013fdf01fae4e8613f8524853c081cc3ebc53bfed1d77d9', 'Kim Cương', 104);
INSERT INTO Movie_Account (customerid, username, password_hash, membershiplevel, rewardpoints) VALUES (4, 'user_4_zmai', '976facff94d597fabd3307c005c0b4c53ae21401915a5f91aa94e4c8773e391e', 'Vàng', 1949);
INSERT INTO Movie_Account (customerid, username, password_hash, membershiplevel, rewardpoints) VALUES (5, 'user_5_dduong', '61fb63893024e4934aa64984107c00dca6e9f7602dad2b7364744ee183e5e851', 'Đồng', 969);
INSERT INTO Movie_Account (customerid, username, password_hash, membershiplevel, rewardpoints) VALUES (6, 'user_6_shoang', '78fa78bb5b8087987f4e7a35048fe4c34cc9dfc15c48787c355ec4cba77d6723', 'Bạc', 2467);
INSERT INTO Movie_Account (customerid, username, password_hash, membershiplevel, rewardpoints) VALUES (7, 'user_7_nguyenjane', '284d289622b595bd6842fb5c75115ca2a4e5928b4f66b1b591fe71162bc948d8', 'Kim Cương', 1053);
INSERT INTO Movie_Account (customerid, username, password_hash, membershiplevel, rewardpoints) VALUES (8, 'user_8_john03', '1de25b421078a5e28200f4e0e5d076fe65bb456f482d8d4b87735656b9d71a61', 'Đồng', 3432);
INSERT INTO Movie_Account (customerid, username, password_hash, membershiplevel, rewardpoints) VALUES (9, 'user_9_lejane', '1f857b36468933430ef6e662ba9ff6ab5a4cfd3b32383614f5b21f4e35e64086', 'Vàng', 1572);
INSERT INTO Movie_Account (customerid, username, password_hash, membershiplevel, rewardpoints) VALUES (10, 'user_10_johnduong', 'da9ee9845f9493b4273f695709d8742c84708f7b63701fce8d06c37df1643365', 'Bạc', 3937);
INSERT INTO Movie_Account (customerid, username, password_hash, membershiplevel, rewardpoints) VALUES (11, 'user_11_john82', '727660bfc589523e2d39718dc01dd6c21c2fc77c89a64acce378f90bcc306f58', 'Kim Cương', 4600);
INSERT INTO Movie_Account (customerid, username, password_hash, membershiplevel, rewardpoints) VALUES (12, 'user_12_john72', '85cc89400860af1cf419edec0c294f9ec1586c32fb0dbc6729a1452027a6b425', 'Vàng', 3042);
INSERT INTO Movie_Account (customerid, username, password_hash, membershiplevel, rewardpoints) VALUES (13, 'user_13_buijohn', 'bc8e82cc43e73b186c6fd7ed2f54d7d2fa1bb46b454e3a2003aedc49d24fc366', 'Vàng', 288);
INSERT INTO Movie_Account (customerid, username, password_hash, membershiplevel, rewardpoints) VALUES (14, 'user_14_jane62', 'bb4e02219fc39fa112aa1ea469674071d9a59ca60a678febda3e63b4c20b4809', 'Vàng', 407);
INSERT INTO Movie_Account (customerid, username, password_hash, membershiplevel, rewardpoints) VALUES (15, 'user_15_umai', '58d6189bce0aecc9a26485f213d02c358cfb04036ecad236c5bf68a3f3c07444', 'Kim Cương', 178);
INSERT INTO Movie_Account (customerid, username, password_hash, membershiplevel, rewardpoints) VALUES (16, 'user_16_buijane', '35f10d4e00ca036428b6c430cc7caba49390032f07f88f8a3dfe9e4e10681d1c', 'Kim Cương', 552);
INSERT INTO Movie_Account (customerid, username, password_hash, membershiplevel, rewardpoints) VALUES (17, 'user_17_dangjohn', '43c8ca4c54c09a03defd3cce3afde890cf26cb3e3c6caacdc9444707b9479221', 'Bạc', 4816);
INSERT INTO Movie_Account (customerid, username, password_hash, membershiplevel, rewardpoints) VALUES (18, 'user_18_duongjohn', '09e50c7fbab143fd39f406aca2fb8ffc9801228fd94eeea0dd384ed58182435c', 'Kim Cương', 953);
INSERT INTO Movie_Account (customerid, username, password_hash, membershiplevel, rewardpoints) VALUES (19, 'user_19_dangjane', 'c6083f6aa20d3c4f8baba9ebe87d0a31bd0c58887d6c741f3c24307c1270789b', 'Kim Cương', 662);
INSERT INTO Movie_Account (customerid, username, password_hash, membershiplevel, rewardpoints) VALUES (20, 'user_20_john07', '0abde32e23584cff8e41e0718a42939291a19d456ed178d071f89985ded23e76', 'Đồng', 4353);
INSERT INTO Movie_Account (customerid, username, password_hash, membershiplevel, rewardpoints) VALUES (21, 'user_21_lejane', 'b96de1f9c4754ac1a3c4df75aa7b2fa6f42f981aecf94cfae7a8bdacb8bca59a', 'Bạc', 2187);
INSERT INTO Movie_Account (customerid, username, password_hash, membershiplevel, rewardpoints) VALUES (22, 'user_22_buijane', '34872286af9af8117f19cd38e1e9b2016238fe833ef54f7bf7bf7032847ae123', 'Bạc', 2081);
INSERT INTO Movie_Account (customerid, username, password_hash, membershiplevel, rewardpoints) VALUES (23, 'user_23_john84', 'dcc38f83893fb9fc0d5643471d6849204b99b8ff073c75a881096a14c6d3efbb', 'Bạc', 1438);
INSERT INTO Movie_Account (customerid, username, password_hash, membershiplevel, rewardpoints) VALUES (24, 'user_24_john42', 'f84e956e26c6b4b28306814d5c60205b0f5776bf4ead4cfa5bdea7d14cbc17e6', 'Vàng', 3088);
INSERT INTO Movie_Account (customerid, username, password_hash, membershiplevel, rewardpoints) VALUES (25, 'user_25_johnbui', '3c5d73e359dd33777c1f50faed9af0191a4029787237e8c37a120992bdf2978e', 'Đồng', 1095);
INSERT INTO Movie_Account (customerid, username, password_hash, membershiplevel, rewardpoints) VALUES (26, 'user_26_jane20', '4c51625efb9e3d557d26e40c902de67472a181525979ce5a5efffb21dec16cb6', 'Vàng', 1822);
INSERT INTO Movie_Account (customerid, username, password_hash, membershiplevel, rewardpoints) VALUES (27, 'user_27_johndang', 'e48b16a8c8e80e8ea0f8316a4ff0a08c7e01d239b5a2d3aa35cbe38d4fdd25bb', 'Vàng', 3861);
INSERT INTO Movie_Account (customerid, username, password_hash, membershiplevel, rewardpoints) VALUES (28, 'user_28_emai', '9b4687928da414d33c9c37d68fbbb92ec99272bc7798396a014df0057815783a', 'Kim Cương', 3410);
INSERT INTO Movie_Account (customerid, username, password_hash, membershiplevel, rewardpoints) VALUES (29, 'user_29_jane10', 'da1934eeef1d17decb0876a9297ca648847067c6cc758ef8db22c3568ad8bbe4', 'Đồng', 2075);
INSERT INTO Movie_Account (customerid, username, password_hash, membershiplevel, rewardpoints) VALUES (30, 'user_30_fvu', 'b2c623323426b0dd48619205f865d5a47a3afd52c7b9158a357c1e8a1ccd33da', 'Đồng', 4055);
INSERT INTO Movie_Account (customerid, username, password_hash, membershiplevel, rewardpoints) VALUES (31, 'user_31_abui', '79ba3d15e1a4bdeecaedfa0b315024c9c1232572bc80c822335c9c7cfe001ec6', 'Bạc', 1055);
INSERT INTO Movie_Account (customerid, username, password_hash, membershiplevel, rewardpoints) VALUES (32, 'user_32_mnguyen', '51a34e289af1b33267f265daa44ecc4e9fbd2a512aa0a96e2c1a30090ff7f302', 'Bạc', 1728);
INSERT INTO Movie_Account (customerid, username, password_hash, membershiplevel, rewardpoints) VALUES (33, 'user_33_tmai', '5607e8e645eaaf26b5cc5853d2f6eef500b37624b2ae9a46be865fe193054bbb', 'Đồng', 1668);
INSERT INTO Movie_Account (customerid, username, password_hash, membershiplevel, rewardpoints) VALUES (34, 'user_34_johnhoang', 'e6993b9293ea4c9537e23ed9ba576dccbbe48691273a59eab09074897be5e0c0', 'Bạc', 1347);
INSERT INTO Movie_Account (customerid, username, password_hash, membershiplevel, rewardpoints) VALUES (35, 'user_35_john98', '0b6cff466162b562cf6c52a6859a9466ae3f98d4b4750260f2ca2e6d232812c4', 'Kim Cương', 3836);
INSERT INTO Movie_Account (customerid, username, password_hash, membershiplevel, rewardpoints) VALUES (36, 'user_36_znguyen', 'a662d14518e8d63881fa06f2cb66372a27f91438ff083aa15584aa555826272a', 'Bạc', 4972);
INSERT INTO Movie_Account (customerid, username, password_hash, membershiplevel, rewardpoints) VALUES (37, 'user_37_jane89', 'f01b7e8a97b42e76f4e9f2ac4390f9d871809edead70ddb37e5f2ab74634d28f', 'Bạc', 368);
INSERT INTO Movie_Account (customerid, username, password_hash, membershiplevel, rewardpoints) VALUES (38, 'user_38_phamjane', '3b67ef5105ad2771354029d31b915b7700b5aa0356e9b594adbb62d9681849b5', 'Kim Cương', 4765);
INSERT INTO Movie_Account (customerid, username, password_hash, membershiplevel, rewardpoints) VALUES (39, 'user_39_dangjane', 'd2822628cd2b38eed24dc1070ac345e08e3fb68a3ba2063ad58deb29b20a8cea', 'Đồng', 4411);
INSERT INTO Movie_Account (customerid, username, password_hash, membershiplevel, rewardpoints) VALUES (40, 'user_40_johnhoang', '6ed739d4d9d46753aaad9194a0f3f31113edbd61f020c7c6e3089dc2e7f7ab9a', 'Bạc', 502);
INSERT INTO Movie_Account (customerid, username, password_hash, membershiplevel, rewardpoints) VALUES (41, 'user_41_lejohn', '787d521399fd5136dd2d7dd1e624fb5f9f2b6c0f261c2cf39ef0f24069043f72', 'Kim Cương', 659);
INSERT INTO Movie_Account (customerid, username, password_hash, membershiplevel, rewardpoints) VALUES (42, 'user_42_jhoang', '9200e7dd8a94f0c5669a9af7a47fa7fbed867ae25781fdb581917b966ee511a3', 'Vàng', 219);
INSERT INTO Movie_Account (customerid, username, password_hash, membershiplevel, rewardpoints) VALUES (43, 'user_43_dangjohn', '3ceda1806b2e181ec0150d759ae2255fbfb48a5250d33e1b45fb3db23f1131c5', 'Kim Cương', 2141);
INSERT INTO Movie_Account (customerid, username, password_hash, membershiplevel, rewardpoints) VALUES (44, 'user_44_johnnguyen', '56dcabc224b7ad2ce41a25c41c21fbd1ccfc0a5dbff3ee9c358cecf33cb5e810', 'Bạc', 3797);
INSERT INTO Movie_Account (customerid, username, password_hash, membershiplevel, rewardpoints) VALUES (45, 'user_45_tranjohn', 'ab8ae77d4a373d438f72adbb6fc676941a6c435ce52de2b12dbbb3329ca0e9f0', 'Đồng', 4486);
INSERT INTO Movie_Account (customerid, username, password_hash, membershiplevel, rewardpoints) VALUES (46, 'user_46_tranjane', 'ccdf8ac83d0d5bf6d14ef5d1e9fbbe805b009ce2d4594a741f1933fa0fc6a13e', 'Kim Cương', 664);
INSERT INTO Movie_Account (customerid, username, password_hash, membershiplevel, rewardpoints) VALUES (47, 'user_47_janemai', '4b5f60c0612eff71deaf6385768e88a76a95c17e23f7e4381578f808b4b6c91f', 'Kim Cương', 45);
INSERT INTO Movie_Account (customerid, username, password_hash, membershiplevel, rewardpoints) VALUES (48, 'user_48_tranjane', '230f59c8ba46031e8215607d1b3289ada72c617e8a5e6d157f0b180a47dc099b', 'Vàng', 4922);
INSERT INTO Movie_Account (customerid, username, password_hash, membershiplevel, rewardpoints) VALUES (49, 'user_49_janedang', '63f33434de3477a64eead9575a2f59107fb398ba9ebde9de683b5828489bc09c', 'Vàng', 4991);
INSERT INTO Movie_Account (customerid, username, password_hash, membershiplevel, rewardpoints) VALUES (50, 'user_50_johnhoang', 'e0190485258096cefbc39f791d654a7b54a854b51fb75200fc5abbdf71ff49d6', 'Vàng', 3258);
INSERT INTO Movie_Account (customerid, username, password_hash, membershiplevel, rewardpoints) VALUES (51, 'user_51_janevu', 'c93e12268b837828b7842a79a7e59d3f82849b5453cd6b732b6fd90b4fbbc0e2', 'Vàng', 3726);
INSERT INTO Movie_Account (customerid, username, password_hash, membershiplevel, rewardpoints) VALUES (52, 'user_52_john34', '3d89d2a20c405069dbc1a6137679cd166a63d7eb36f57b0b1b6eb9f723565e45', 'Vàng', 632);
INSERT INTO Movie_Account (customerid, username, password_hash, membershiplevel, rewardpoints) VALUES (53, 'user_53_dangjohn', 'c2ca2a81b271a35286b41eb910a9b4fd880da2bed4a87a45827c858e481e9fbc', 'Kim Cương', 4283);
INSERT INTO Movie_Account (customerid, username, password_hash, membershiplevel, rewardpoints) VALUES (54, 'user_54_phamjohn', '03ec3b1e749ebdd3cf65d907c31419b43981627b32f66abcac4cc3814ca82357', 'Đồng', 374);
INSERT INTO Movie_Account (customerid, username, password_hash, membershiplevel, rewardpoints) VALUES (55, 'user_55_johntran', '8497f75e9551665acd886761aaf03589d97145b7fe8e0bfc7785c1d1e8a59c38', 'Đồng', 4655);
INSERT INTO Movie_Account (customerid, username, password_hash, membershiplevel, rewardpoints) VALUES (56, 'user_56_xtran', '55ec2a9e51751aebea45f943d4605b9b477a58617d1aedf51bb6101571036332', 'Đồng', 1736);
INSERT INTO Movie_Account (customerid, username, password_hash, membershiplevel, rewardpoints) VALUES (57, 'user_57_janele', '583e11f2f92298f8819f4e40e12d1841c4e2b3350341a8554903267b07df225c', 'Bạc', 3419);
INSERT INTO Movie_Account (customerid, username, password_hash, membershiplevel, rewardpoints) VALUES (58, 'user_58_janetran', 'd02ed96dee26bac267cec5c81b823414fc3e85836640cee04c1cddbdee2b5f00', 'Đồng', 571);
INSERT INTO Movie_Account (customerid, username, password_hash, membershiplevel, rewardpoints) VALUES (59, 'user_59_johntran', '7785fcfb0a4c9c57ef2a20365f4f3fe3fc57737b6c63341aeeaf90890fa4c00f', 'Kim Cương', 876);
INSERT INTO Movie_Account (customerid, username, password_hash, membershiplevel, rewardpoints) VALUES (60, 'user_60_john06', '48bb5ddfb700075ab0df51c2e30e7c7dfe8ecc885813c25d66364eb3cba02a33', 'Vàng', 4968);
INSERT INTO Movie_Account (customerid, username, password_hash, membershiplevel, rewardpoints) VALUES (61, 'user_61_jane74', '6d4135f66fdba612d6a76dc2b91da465369c34fca5c9c157a47202d21fc35581', 'Kim Cương', 2725);
INSERT INTO Movie_Account (customerid, username, password_hash, membershiplevel, rewardpoints) VALUES (62, 'user_62_john90', '4ed74ed855508a2a5668c70d19e1a8b00f9801267a2036f876dd9d9aa3b63fdb', 'Đồng', 4934);
INSERT INTO Movie_Account (customerid, username, password_hash, membershiplevel, rewardpoints) VALUES (63, 'user_63_janemai', '47fa1fb64675f62f356fced32884b9b9792531bd1b6a7e866540ccbc8788699c', 'Vàng', 2633);
INSERT INTO Movie_Account (customerid, username, password_hash, membershiplevel, rewardpoints) VALUES (64, 'user_64_hoangjane', 'e2262c5b273b2f5d20a02a004ae56cc8d32e711239b2da786b15aaa915f7fe6b', 'Kim Cương', 1821);
INSERT INTO Movie_Account (customerid, username, password_hash, membershiplevel, rewardpoints) VALUES (65, 'user_65_jane76', '51873f9ebd541d3d249920be480dc4b9aade162a1c207bf5e1d8636dca302dfe', 'Vàng', 3937);
INSERT INTO Movie_Account (customerid, username, password_hash, membershiplevel, rewardpoints) VALUES (66, 'user_66_johnvu', '6b9657b41bc5c4ebef9a6dc395de467bf71dc35052554e0537288e63679099f0', 'Kim Cương', 4099);
INSERT INTO Movie_Account (customerid, username, password_hash, membershiplevel, rewardpoints) VALUES (67, 'user_67_wduong', '330c99b49645f9bdf57a7d3d22b983a0de360dfdcf4868cdf88aaf29c848dc41', 'Vàng', 4341);
INSERT INTO Movie_Account (customerid, username, password_hash, membershiplevel, rewardpoints) VALUES (68, 'user_68_johntran', '6652179e098979d7d3aaaf7a5000feed1c0c067a641217a9c5ac23d903af800d', 'Bạc', 3737);
INSERT INTO Movie_Account (customerid, username, password_hash, membershiplevel, rewardpoints) VALUES (69, 'user_69_janemai', 'c429dd61b030659bf133ab909df658a1cd8ae194215343b207331188f9ed0de6', 'Đồng', 3718);
INSERT INTO Movie_Account (customerid, username, password_hash, membershiplevel, rewardpoints) VALUES (70, 'user_70_lejane', 'c3a2a07c812e10d0268047c1f97c787e5785b3ffe4efba6a536ceb4b1b0ebe53', 'Vàng', 2351);
INSERT INTO Movie_Account (customerid, username, password_hash, membershiplevel, rewardpoints) VALUES (71, 'user_71_janetran', '236f6500391e062818663d4571ae5b775ada4f6060c831f9764035694fe89e3e', 'Bạc', 2745);
INSERT INTO Movie_Account (customerid, username, password_hash, membershiplevel, rewardpoints) VALUES (72, 'user_72_qnguyen', '69a4c5f5daeaf46be613d31cdf4ec3df0e677084f2c1bedbb905e7f791965a5a', 'Bạc', 576);
INSERT INTO Movie_Account (customerid, username, password_hash, membershiplevel, rewardpoints) VALUES (73, 'user_73_jane47', '7b05d9f33776261dfcbb40baece7610a0928f0e6a3fa9c1a20e86fac40a7b5c4', 'Bạc', 1289);
INSERT INTO Movie_Account (customerid, username, password_hash, membershiplevel, rewardpoints) VALUES (74, 'user_74_vujohn', '6cd7a8d0bbe9bf76716249270281646d4324a82273b8998707cb4228c1743125', 'Vàng', 1191);
INSERT INTO Movie_Account (customerid, username, password_hash, membershiplevel, rewardpoints) VALUES (75, 'user_75_buijane', 'dc991d682a9f79182b341cf0458bbfe3dcd746b1e79415bd3c342ef935934feb', 'Đồng', 3361);
INSERT INTO Movie_Account (customerid, username, password_hash, membershiplevel, rewardpoints) VALUES (76, 'user_76_jane89', 'dfca4ce6b1f1299e56c56fd4a5a3f6e338f296d79de119e817f1abbcc5590cab', 'Bạc', 1965);
INSERT INTO Movie_Account (customerid, username, password_hash, membershiplevel, rewardpoints) VALUES (77, 'user_77_shoang', 'e1eb0fcf62446e36c4bafeff1777463c8de66cb9894f12c2a41a547e88170940', 'Kim Cương', 4856);
INSERT INTO Movie_Account (customerid, username, password_hash, membershiplevel, rewardpoints) VALUES (78, 'user_78_buijane', '09ec5a4e37175147fdddc1c6a92335c8bf0548c296dcdd020e138e4561430e94', 'Đồng', 1772);
INSERT INTO Movie_Account (customerid, username, password_hash, membershiplevel, rewardpoints) VALUES (79, 'user_79_ztran', 'f488ac75a0f3dfa77c7d5866914b27610475576d0c3af9c9f69bb8c3b4242c99', 'Kim Cương', 3184);
INSERT INTO Movie_Account (customerid, username, password_hash, membershiplevel, rewardpoints) VALUES (80, 'user_80_janemai', 'b636f83cbb40e712a0d803601878f1b94cc9cb8c250517d70e14464e6c582f35', 'Vàng', 3640);
INSERT INTO Movie_Account (customerid, username, password_hash, membershiplevel, rewardpoints) VALUES (81, 'user_81_jane37', '9c6700febcadf953e4d5dbf766dfb1c30464c667665eddb51c9de117c479553c', 'Bạc', 3991);
INSERT INTO Movie_Account (customerid, username, password_hash, membershiplevel, rewardpoints) VALUES (82, 'user_82_lejohn', 'ee949e6d1d61be090623a1e1ce8fb3b61b69f168d562f1ddc4373ffed5148548', 'Vàng', 3976);
INSERT INTO Movie_Account (customerid, username, password_hash, membershiplevel, rewardpoints) VALUES (83, 'user_83_johnpham', '156b99fa04c14673ab4b0203fa6fba33020de2e954bafbbefcd5a27b6f2a6b14', 'Vàng', 4377);
INSERT INTO Movie_Account (customerid, username, password_hash, membershiplevel, rewardpoints) VALUES (84, 'user_84_janepham', 'cdd0196b49624c2fed2188960c54fa5c60c1ae56c6f6e9bc4abe712e06e4ede5', 'Bạc', 2510);
INSERT INTO Movie_Account (customerid, username, password_hash, membershiplevel, rewardpoints) VALUES (85, 'user_85_john62', '386c3ae3156a361860d1a566472a33f86927ce57ff4ebe8f7f37cf8f3c23cafd', 'Kim Cương', 2230);
INSERT INTO Movie_Account (customerid, username, password_hash, membershiplevel, rewardpoints) VALUES (86, 'user_86_johntran', '75e34a45d41d1ede2bd88b3f75cf9623aa10b3e77e52fbdbfa9ccf999f4056a7', 'Bạc', 4944);
INSERT INTO Movie_Account (customerid, username, password_hash, membershiplevel, rewardpoints) VALUES (87, 'user_87_tranjohn', 'f399fe4696ec1c0e77145a2b49ffed2bd4ec223d2d878e45e8b51e092f88db0b', 'Kim Cương', 1028);
INSERT INTO Movie_Account (customerid, username, password_hash, membershiplevel, rewardpoints) VALUES (88, 'user_88_nguyenjane', 'bd070e906b298d32495b21855212f541e2dae78bd1c5c38d85b4348a2796a080', 'Kim Cương', 3842);
INSERT INTO Movie_Account (customerid, username, password_hash, membershiplevel, rewardpoints) VALUES (89, 'user_89_rle', 'dd591d593c42de8c29cf2d111dea3503b07877761ba85aac6f3b67a7159fcd4c', 'Kim Cương', 4099);
INSERT INTO Movie_Account (customerid, username, password_hash, membershiplevel, rewardpoints) VALUES (90, 'user_90_mbui', 'bf4f2552d4964be07fcd99a6f47f785d020835f2370b1e2d775aa60c9470ca65', 'Bạc', 4831);
INSERT INTO Movie_Account (customerid, username, password_hash, membershiplevel, rewardpoints) VALUES (91, 'user_91_jane91', 'ccbef507f3f9f3c3eac7c9276ec24ee9ef6e22aa7992e1829e22b6ee8a63039a', 'Kim Cương', 552);
INSERT INTO Movie_Account (customerid, username, password_hash, membershiplevel, rewardpoints) VALUES (92, 'user_92_bnguyen', '9ce4dab2950ace3d45043635fbdbc1ce619437940ce861444da1481778139326', 'Bạc', 3538);
INSERT INTO Movie_Account (customerid, username, password_hash, membershiplevel, rewardpoints) VALUES (93, 'user_93_odang', 'bbd5a980fb205cf639e3a483f717d9c903f9acb64a9d3abb798fc1a3f07e6daf', 'Kim Cương', 82);
INSERT INTO Movie_Account (customerid, username, password_hash, membershiplevel, rewardpoints) VALUES (94, 'user_94_cmai', '8f74b3039b5ed2cb97464e07e1d00868ecdc5a619ebabc0b97ffb943f17e7057', 'Vàng', 267);
INSERT INTO Movie_Account (customerid, username, password_hash, membershiplevel, rewardpoints) VALUES (95, 'user_95_johnnguyen', 'e1b282a44dbb93987bd130b023cf3956f6182ed842ab816d6e43da9f80a00a18', 'Kim Cương', 1118);
INSERT INTO Movie_Account (customerid, username, password_hash, membershiplevel, rewardpoints) VALUES (96, 'user_96_janedang', '0f6f486436f7cdaff6202f34a335547769ac49189d93bae127c57bc68dc7f4ef', 'Đồng', 3620);
INSERT INTO Movie_Account (customerid, username, password_hash, membershiplevel, rewardpoints) VALUES (97, 'user_97_gtran', '9a89dacbfb881a81d16cd22c25693c9c04785dcafda3e0277c86a338d70a06a3', 'Bạc', 2561);
INSERT INTO Movie_Account (customerid, username, password_hash, membershiplevel, rewardpoints) VALUES (98, 'user_98_janedang', '8a517eda2ae0ceea03560f639b22e7b6f39f71c7d5e5a4fa1cacf0ab426f73b4', 'Đồng', 3857);
INSERT INTO Movie_Account (customerid, username, password_hash, membershiplevel, rewardpoints) VALUES (99, 'user_99_johntran', '7e9a92538483a3ea2ea3b78d29f9f3210998c0cde27b39094000ee1ec0fea30b', 'Vàng', 3748);
INSERT INTO Movie_Account (customerid, username, password_hash, membershiplevel, rewardpoints) VALUES (100, 'user_100_jane73', '4fd070bc6dda3b050f9b7c5594ca9396a7f3662da964954d5844a274b7928aea', 'Bạc', 2324);
INSERT INTO Movie_Account (customerid, username, password_hash, membershiplevel, rewardpoints) VALUES (101, 'user_101_vnguyen', 'b04da01824e2948981cd6461b5bc3aa62fe760a8facea31a5be87ae5d70be011', 'Kim Cương', 507);
INSERT INTO Movie_Account (customerid, username, password_hash, membershiplevel, rewardpoints) VALUES (102, 'user_102_phamjane', 'd4e8762030a338c379f82469b18c2ac040c293a3c18b2007c8245b457cba95d2', 'Bạc', 2809);
INSERT INTO Movie_Account (customerid, username, password_hash, membershiplevel, rewardpoints) VALUES (103, 'user_103_tnguyen', '412f001b9197e7e3f2529a3f0d08c07336c5987cc1d5e866009fc11136cab39c', 'Bạc', 3530);
INSERT INTO Movie_Account (customerid, username, password_hash, membershiplevel, rewardpoints) VALUES (104, 'user_104_janemai', 'bc57078492999170e5a7f1100379215d008733ef335aae520aa576f83e98bec0', 'Đồng', 3579);
INSERT INTO Movie_Account (customerid, username, password_hash, membershiplevel, rewardpoints) VALUES (105, 'user_105_jane59', 'fa0624f179dd7e816650190d4572bd4fc4f74687021c8e752e16d32041d6c894', 'Vàng', 4730);
INSERT INTO Movie_Account (customerid, username, password_hash, membershiplevel, rewardpoints) VALUES (106, 'user_106_janevu', '05fd9b1fff46b00a178332ef2913a96d5355e7f50de2ba7e7891795ea175d451', 'Vàng', 4196);
INSERT INTO Movie_Account (customerid, username, password_hash, membershiplevel, rewardpoints) VALUES (107, 'user_107_john75', '2e67255e3273a030e4e5675396a7901b8b38168e6fa6dedad0ab28d6da8d26be', 'Vàng', 3064);
INSERT INTO Movie_Account (customerid, username, password_hash, membershiplevel, rewardpoints) VALUES (108, 'user_108_duongjohn', 'e6a3e3de556451909e054c95dc5ffb5a7bbce9db9ec7e52d026ed2a0ac2e04f6', 'Bạc', 77);
INSERT INTO Movie_Account (customerid, username, password_hash, membershiplevel, rewardpoints) VALUES (109, 'user_109_maijohn', '0df889358cfde655750ccf8841f91f02714627de86c4dd69a00d70cb431c5419', 'Vàng', 342);
INSERT INTO Movie_Account (customerid, username, password_hash, membershiplevel, rewardpoints) VALUES (110, 'user_110_johnpham', '24c5b477b97b4a55954354df6af9c18ed03a91479e5d045528b80d74f70cbbfc', 'Vàng', 8);
INSERT INTO Movie_Account (customerid, username, password_hash, membershiplevel, rewardpoints) VALUES (111, 'user_111_xvu', '796a927016489ad42390fd65cb209afb7417ef8634082dc2ee941b52e98c446b', 'Bạc', 486);
INSERT INTO Movie_Account (customerid, username, password_hash, membershiplevel, rewardpoints) VALUES (112, 'user_112_ztran', 'e7bfd557755050f464ab800417499e7435789688046c03c13a524ba91eb7ecee', 'Kim Cương', 1789);
INSERT INTO Movie_Account (customerid, username, password_hash, membershiplevel, rewardpoints) VALUES (113, 'user_113_jane12', '47539d71102da5d7bac503a2a0601f62e021f13a82dd27d8fc6113dcb151d231', 'Vàng', 1146);
INSERT INTO Movie_Account (customerid, username, password_hash, membershiplevel, rewardpoints) VALUES (114, 'user_114_otran', '3b437d961fc9af7e3241800af4813803551da409655639fc175c755829cc9b68', 'Đồng', 533);
INSERT INTO Movie_Account (customerid, username, password_hash, membershiplevel, rewardpoints) VALUES (115, 'user_115_phamjohn', 'f0d5e2414a51f4f0fc34a7748e188675f73589ca853bb9d0e55f3c303cf1b05a', 'Kim Cương', 4544);
INSERT INTO Movie_Account (customerid, username, password_hash, membershiplevel, rewardpoints) VALUES (116, 'user_116_ddang', '513f2b8f5b3be804b1269f6e7ddb62c0b12206d65fe24da9628e26ba65d0308d', 'Bạc', 709);
INSERT INTO Movie_Account (customerid, username, password_hash, membershiplevel, rewardpoints) VALUES (117, 'user_117_jane54', 'ebc03e61d0da630efa8ed1911ea0d13f64bb057fe85bee83854cc82ecff87f23', 'Vàng', 2519);
INSERT INTO Movie_Account (customerid, username, password_hash, membershiplevel, rewardpoints) VALUES (118, 'user_118_janetran', '9f0fa36ed30841e2826ed146d09364a9bece0f9149c19a2c61cc0df6d03dc274', 'Kim Cương', 1523);
INSERT INTO Movie_Account (customerid, username, password_hash, membershiplevel, rewardpoints) VALUES (119, 'user_119_janemai', 'ab9becad1c8cd312ad0f52e6854b74b37bffd131e63a63a05089893820170709', 'Bạc', 1760);
INSERT INTO Movie_Account (customerid, username, password_hash, membershiplevel, rewardpoints) VALUES (120, 'user_120_jane49', '199240d0c9cc60fca07a0a15b3d1257e1ce4b43d62d16b38ed10688c455aaa78', 'Vàng', 3464);
INSERT INTO Movie_Account (customerid, username, password_hash, membershiplevel, rewardpoints) VALUES (121, 'user_121_janetran', '074d090b3d24d8197e2c0ba738b9ad7ca89c78e7e4f47e72dfb1558d8622363f', 'Bạc', 487);
INSERT INTO Movie_Account (customerid, username, password_hash, membershiplevel, rewardpoints) VALUES (122, 'user_122_jane95', '205abdbaf03e8000c7069dca859f67451f4a07e0207944342f98d37039deba37', 'Bạc', 1954);
INSERT INTO Movie_Account (customerid, username, password_hash, membershiplevel, rewardpoints) VALUES (123, 'user_123_nhoang', '0028d42470baf1ec3ec7a816164bbc88efe437ef51cebdf9b452d53ce20c6f27', 'Đồng', 3120);
INSERT INTO Movie_Account (customerid, username, password_hash, membershiplevel, rewardpoints) VALUES (124, 'user_124_johnvu', '62c00bcafb5cddcf7658612c57702f2599d7a608061623d71738f57752166f07', 'Bạc', 889);
INSERT INTO Movie_Account (customerid, username, password_hash, membershiplevel, rewardpoints) VALUES (125, 'user_125_john93', '747720b5a5d7fc1455a6c40802d66a785f00a70990482cfa8885384c9cb7feae', 'Vàng', 2868);
INSERT INTO Movie_Account (customerid, username, password_hash, membershiplevel, rewardpoints) VALUES (126, 'user_126_janevu', 'd93a388f024f9f1742d3b9f4081794b88e464eed69cba96b910ebeb073efaba7', 'Đồng', 4172);
INSERT INTO Movie_Account (customerid, username, password_hash, membershiplevel, rewardpoints) VALUES (127, 'user_127_dangjane', 'f60f6ec911ea2a8bb3296e1b6e6aec91dc94554de5f03f8f0cc664b154877659', 'Đồng', 2726);
INSERT INTO Movie_Account (customerid, username, password_hash, membershiplevel, rewardpoints) VALUES (128, 'user_128_john42', '154fe88725f552ba32cfba971aabd6b45f8cdcc5385dd539afb287ba9c3d9221', 'Vàng', 733);
INSERT INTO Movie_Account (customerid, username, password_hash, membershiplevel, rewardpoints) VALUES (129, 'user_129_yhoang', 'd46ae9a5e6950e88eb95124a5f8efe2da4b47883af3de8a005d64fe4c5b1c135', 'Vàng', 3869);
INSERT INTO Movie_Account (customerid, username, password_hash, membershiplevel, rewardpoints) VALUES (130, 'user_130_ovu', '27a2c96552269bbcdab4eaa6a0bf81bdb31bf62a239c8db1b9099a0594ca50ad', 'Kim Cương', 3968);
INSERT INTO Movie_Account (customerid, username, password_hash, membershiplevel, rewardpoints) VALUES (131, 'user_131_jane89', '85332f6f515aaa23dc18da7c96ab60f4f45dae4f94bdc75eb10b4826bafb3236', 'Bạc', 2813);
INSERT INTO Movie_Account (customerid, username, password_hash, membershiplevel, rewardpoints) VALUES (132, 'user_132_phamjohn', 'bdffa843702c1d5f30d9f478a0647923b2eec928bcf66d9678ffba99e11202c6', 'Đồng', 2616);
INSERT INTO Movie_Account (customerid, username, password_hash, membershiplevel, rewardpoints) VALUES (133, 'user_133_buijane', 'e1f836e38fd64c4d7a7ab57f2ad823f0455620631707baab33f2ace88346545c', 'Vàng', 2867);
INSERT INTO Movie_Account (customerid, username, password_hash, membershiplevel, rewardpoints) VALUES (134, 'user_134_johntran', '470904191936ec0081f9b30210b38693ff2f84709de2251a7e4d4a23fd1cfed3', 'Đồng', 3604);
INSERT INTO Movie_Account (customerid, username, password_hash, membershiplevel, rewardpoints) VALUES (135, 'user_135_bdang', 'c3293ac7cfb788b017b8c7dcb082d99405a7bcd1aea20a01f50a445aa7bf3dd3', 'Đồng', 362);
INSERT INTO Movie_Account (customerid, username, password_hash, membershiplevel, rewardpoints) VALUES (136, 'user_136_janetran', '1d5626956aa64817cba3e1f3f5c6fc752f5f1640f742e741e0f8dcc1d71431b5', 'Kim Cương', 3506);
INSERT INTO Movie_Account (customerid, username, password_hash, membershiplevel, rewardpoints) VALUES (137, 'user_137_john11', 'ef69c44c89a07f1dc11590ad4a7623897fbd43daaa11f873cb6c7d951e568d51', 'Đồng', 2336);
INSERT INTO Movie_Account (customerid, username, password_hash, membershiplevel, rewardpoints) VALUES (138, 'user_138_john95', '5c7a49b1ee81c256d764b559059ce6359c7ad49858d3ac5fbe564b58f74ed149', 'Kim Cương', 897);
INSERT INTO Movie_Account (customerid, username, password_hash, membershiplevel, rewardpoints) VALUES (139, 'user_139_idang', '4f1f694791d4dbc23ec80c4bf905b29c55143da1818c35186cf352e6f3eaf8e3', 'Đồng', 3456);
INSERT INTO Movie_Account (customerid, username, password_hash, membershiplevel, rewardpoints) VALUES (140, 'user_140_jane92', '8023a2b979219b50a71d00f322c887ed2afb96e8378421718790cf21e6501aad', 'Bạc', 175);
INSERT INTO Movie_Account (customerid, username, password_hash, membershiplevel, rewardpoints) VALUES (141, 'user_141_janetran', '9bc556c919ae9397721f82f4496f6c6973d7986d9c582d1837bd6c44af9fcd41', 'Bạc', 1263);
INSERT INTO Movie_Account (customerid, username, password_hash, membershiplevel, rewardpoints) VALUES (142, 'user_142_john47', '3613bb130c2fd0cc97746202d58586b0ae380a6c5531353ee5dd9ad19786ce38', 'Bạc', 615);
INSERT INTO Movie_Account (customerid, username, password_hash, membershiplevel, rewardpoints) VALUES (143, 'user_143_janetran', 'c3686a4f5a6e8f6d32eb4dba50c65aee70f100dd4fd8a0a17f9c64e755c5c19d', 'Vàng', 836);
INSERT INTO Movie_Account (customerid, username, password_hash, membershiplevel, rewardpoints) VALUES (144, 'user_144_john68', '5d138dd9508723b1cf06d8ce4790da04501d0defb0a7cdbf808355a09746d048', 'Kim Cương', 2190);
INSERT INTO Movie_Account (customerid, username, password_hash, membershiplevel, rewardpoints) VALUES (145, 'user_145_janenguyen', 'fc64bf544e1ec83296d9732fc2006bed67cee9259babc5906b24a3b84cc54657', 'Kim Cương', 3916);
INSERT INTO Movie_Account (customerid, username, password_hash, membershiplevel, rewardpoints) VALUES (146, 'user_146_janetran', '36e4167b01df685096bd2c3691b9c3d1d6d0d1b0d90f29395d8efd4f9891ffff', 'Đồng', 1789);
INSERT INTO Movie_Account (customerid, username, password_hash, membershiplevel, rewardpoints) VALUES (147, 'user_147_duongjane', '46a9688f6d202e3eb0b329fee6579b6598b59b5343005d686d4ae95dd499e197', 'Vàng', 3625);
INSERT INTO Movie_Account (customerid, username, password_hash, membershiplevel, rewardpoints) VALUES (148, 'user_148_john84', '3dd03e63dfdcc0cf94bd49e04def669c5c790880af9ccd6a8f30ef3780caa007', 'Bạc', 1393);
INSERT INTO Movie_Account (customerid, username, password_hash, membershiplevel, rewardpoints) VALUES (149, 'user_149_maijohn', '8b74ff7281cac9e2d7bc267047c013479e73f2955ef307d5ef1c166560277c25', 'Kim Cương', 3013);
INSERT INTO Movie_Account (customerid, username, password_hash, membershiplevel, rewardpoints) VALUES (150, 'user_150_lejohn', '9684d76ae4dbd63db8e153754a6e28385941e8f37defb4dbf16e19019d8406be', 'Bạc', 4404);
INSERT INTO Movie_Account (customerid, username, password_hash, membershiplevel, rewardpoints) VALUES (151, 'user_151_jane43', '58efc7384271fa2e551b425e1b636cab269ef246f1fa3865b6d92dc076f743f4', 'Kim Cương', 1741);
INSERT INTO Movie_Account (customerid, username, password_hash, membershiplevel, rewardpoints) VALUES (152, 'user_152_ddang', '90f4c2392c73d3d86008b008cf131fcec9e3e82b9b80343e35c2f6fb35b25f86', 'Kim Cương', 4578);
INSERT INTO Movie_Account (customerid, username, password_hash, membershiplevel, rewardpoints) VALUES (153, 'user_153_john43', 'd2c818fcfeee9c78ab9492316cc121193ede564b57338e983831d7c713392f10', 'Kim Cương', 2836);
INSERT INTO Movie_Account (customerid, username, password_hash, membershiplevel, rewardpoints) VALUES (154, 'user_154_duongjohn', 'f7c0aff608faf78be602c930615ac4a756bbc22395bbbf5e0d3d81059e0c6647', 'Đồng', 181);
INSERT INTO Movie_Account (customerid, username, password_hash, membershiplevel, rewardpoints) VALUES (155, 'user_155_john58', '873f0acbc8fbb581cb4d1da954be0b465823896c0ffba2d8ee8d9874886a2a30', 'Đồng', 4407);
INSERT INTO Movie_Account (customerid, username, password_hash, membershiplevel, rewardpoints) VALUES (156, 'user_156_qdang', '72019c91829b59d95c3e9463607e9aea4504c43ea495230f6c310e2e77450ab9', 'Đồng', 2694);
INSERT INTO Movie_Account (customerid, username, password_hash, membershiplevel, rewardpoints) VALUES (157, 'user_157_duongjane', '060c5ea543ff296519273bd28b44f096b24a5065c13f6b1e76dca246b5ec26d7', 'Bạc', 2373);
INSERT INTO Movie_Account (customerid, username, password_hash, membershiplevel, rewardpoints) VALUES (158, 'user_158_phamjohn', 'b27bb70d502f707a66ae6e88b544b72ee10ae1d606f4bfbaa2dc0db72f0608bb', 'Vàng', 1824);
INSERT INTO Movie_Account (customerid, username, password_hash, membershiplevel, rewardpoints) VALUES (159, 'user_159_hoangjane', 'f25c73d7c8b1614f188d8ec1b8dd781618e34d715aa94a5142023de641da63f0', 'Kim Cương', 3580);
INSERT INTO Movie_Account (customerid, username, password_hash, membershiplevel, rewardpoints) VALUES (160, 'user_160_janele', '6c4ccdea70191fc6bb20470ea79a799bc31d05c01b5c49f67800797010d3e4b7', 'Kim Cương', 2875);
INSERT INTO Movie_Account (customerid, username, password_hash, membershiplevel, rewardpoints) VALUES (161, 'user_161_cvu', '57f25883c932ff19d0853f4f50573b6770af319954bf5839772d1bb238a52150', 'Bạc', 159);
INSERT INTO Movie_Account (customerid, username, password_hash, membershiplevel, rewardpoints) VALUES (162, 'user_162_johnle', '4e749b9dc9a449b084c7dbb5b24e62d4cae1f38ed8be5c5f43ba4f8903d486ea', 'Vàng', 1264);
INSERT INTO Movie_Account (customerid, username, password_hash, membershiplevel, rewardpoints) VALUES (163, 'user_163_hoangjane', 'a4ed85d451d75316d6eed468c689545f0a62610eac4c4d083463a45dc313d000', 'Kim Cương', 2461);
INSERT INTO Movie_Account (customerid, username, password_hash, membershiplevel, rewardpoints) VALUES (164, 'user_164_lejane', 'ec93011459136aead85c268a9932b6779f94d9ceaaf564567d33a1e77226a0c6', 'Bạc', 4420);
INSERT INTO Movie_Account (customerid, username, password_hash, membershiplevel, rewardpoints) VALUES (165, 'user_165_johnmai', '25559c7020f8cd203ece2a1cb615b96453ccf9ddfd204d8dc571db915b928566', 'Vàng', 1062);
INSERT INTO Movie_Account (customerid, username, password_hash, membershiplevel, rewardpoints) VALUES (166, 'user_166_john95', '60a9609f8d5e0364f7628cf1c6fd83289dbedfa1bc2aa97a571d9dcec7037858', 'Đồng', 4559);
INSERT INTO Movie_Account (customerid, username, password_hash, membershiplevel, rewardpoints) VALUES (167, 'user_167_qvu', '88106fe74116bd1f1f908a6e0744e6a2c424c6f95f579c37b47cc418adea4f81', 'Vàng', 2753);
INSERT INTO Movie_Account (customerid, username, password_hash, membershiplevel, rewardpoints) VALUES (168, 'user_168_janepham', '68fa166cd0954dad6c34edb5a0d58dbc9ee5282e0362c803a8dc61b6eb06ace5', 'Bạc', 3843);
INSERT INTO Movie_Account (customerid, username, password_hash, membershiplevel, rewardpoints) VALUES (169, 'user_169_jane05', '53af4c3713160a626e452d1d8b13f691944cdc3b2b3408bcbd8fb201c5d1670e', 'Vàng', 3720);
INSERT INTO Movie_Account (customerid, username, password_hash, membershiplevel, rewardpoints) VALUES (170, 'user_170_john28', '0a38df93aa14fdb9c15f45571d227104089ed08924a9094524dd2bad7f7e180d', 'Đồng', 3881);
INSERT INTO Movie_Account (customerid, username, password_hash, membershiplevel, rewardpoints) VALUES (171, 'user_171_johnhoang', 'afbe4c84d8639b87eeea648e5fa91269e7d79804fb3a08925af23fc9c2b5ddf4', 'Vàng', 4870);
INSERT INTO Movie_Account (customerid, username, password_hash, membershiplevel, rewardpoints) VALUES (172, 'user_172_hhoang', 'b5e9bb2a1eb8e0598ade95fcb8b7fc0af245f2907d30c12621d56fef9a93c021', 'Vàng', 1903);
INSERT INTO Movie_Account (customerid, username, password_hash, membershiplevel, rewardpoints) VALUES (173, 'user_173_janehoang', '30b7cfcea1ab0ea2018668a8d0cca8292aa81b451b40f3430d00b742e960ae52', 'Đồng', 2000);
INSERT INTO Movie_Account (customerid, username, password_hash, membershiplevel, rewardpoints) VALUES (174, 'user_174_johnbui', '1ad1daa02e50b95ed799337344574ed4105f21cb9c471b336eb0108c14117578', 'Vàng', 2052);
INSERT INTO Movie_Account (customerid, username, password_hash, membershiplevel, rewardpoints) VALUES (175, 'user_175_johnnguyen', '1ba910914f15927f0164147b9e7a6d76f1a191757531a341cfbabfc5180a70ac', 'Đồng', 4706);
INSERT INTO Movie_Account (customerid, username, password_hash, membershiplevel, rewardpoints) VALUES (176, 'user_176_jane90', 'c349c5243bcc61ecb3959a4b8eaa7de63e5da5e79c92e36a85c60b3c62c2535f', 'Đồng', 310);
INSERT INTO Movie_Account (customerid, username, password_hash, membershiplevel, rewardpoints) VALUES (177, 'user_177_ghoang', '4bf0bdf6f50b7e75320fe259e38164c85cd75c30d7875d6c0fbed91cf4f9d3b9', 'Vàng', 3942);
INSERT INTO Movie_Account (customerid, username, password_hash, membershiplevel, rewardpoints) VALUES (178, 'user_178_johnhoang', '9b78df65a290f1c48bd61cff6f662cdf7d77273ef2f4bad845660bfbc6e8bdf6', 'Vàng', 4935);
INSERT INTO Movie_Account (customerid, username, password_hash, membershiplevel, rewardpoints) VALUES (179, 'user_179_ndang', 'da455d13b5934d4e83a7b52bd04fc69551221396e3b4316b9611321204b5f9ac', 'Đồng', 4888);
INSERT INTO Movie_Account (customerid, username, password_hash, membershiplevel, rewardpoints) VALUES (180, 'user_180_janenguyen', '8e0d87ab6d0f5043ec42d20dad2081ba8897f6af3f3deb2dff1cdb25ea504b41', 'Đồng', 119);
INSERT INTO Movie_Account (customerid, username, password_hash, membershiplevel, rewardpoints) VALUES (181, 'user_181_maijohn', '6f3fa280e6bb70197912b1a08123b1a9a1f6b0c68de971f9f95f894c3c6bcb3a', 'Đồng', 4757);
INSERT INTO Movie_Account (customerid, username, password_hash, membershiplevel, rewardpoints) VALUES (182, 'user_182_maijane', 'd991f7df7f80736aab3ce3bd75d2610ac57d136c249e22954769d35c04497ced', 'Vàng', 3903);
INSERT INTO Movie_Account (customerid, username, password_hash, membershiplevel, rewardpoints) VALUES (183, 'user_183_janehoang', 'cae745e06623e90d80a7509ea554c7e32ee3b298b537b0592382782c3b84a2af', 'Đồng', 3990);
INSERT INTO Movie_Account (customerid, username, password_hash, membershiplevel, rewardpoints) VALUES (184, 'user_184_bvu', 'd6af00c2f28411a8cf4f5ca1d47ae3301e57466903909bb0dadd7806586af59f', 'Vàng', 4127);
INSERT INTO Movie_Account (customerid, username, password_hash, membershiplevel, rewardpoints) VALUES (185, 'user_185_vdang', 'b05d679edfe4c57ef433d5d590c791f2f5b5fa1761e4d6dea5ad5e4f25943f15', 'Vàng', 1097);
INSERT INTO Movie_Account (customerid, username, password_hash, membershiplevel, rewardpoints) VALUES (186, 'user_186_znguyen', 'b9b8b2195408d821547bde6ece63746050d95d6d9ac6a0f51c87f5daa0f9edfa', 'Kim Cương', 1787);
INSERT INTO Movie_Account (customerid, username, password_hash, membershiplevel, rewardpoints) VALUES (187, 'user_187_nguyenjohn', 'c3475832df7c027509479a7664fa3a30753a367a05383a0bb7c8809b823c0f65', 'Vàng', 3128);
INSERT INTO Movie_Account (customerid, username, password_hash, membershiplevel, rewardpoints) VALUES (188, 'user_188_john45', '0c4f5f551b95ff2a7bf6b9b3301fb478a9b82dae01706b80aa8d8f8356c93baa', 'Đồng', 2087);
INSERT INTO Movie_Account (customerid, username, password_hash, membershiplevel, rewardpoints) VALUES (189, 'user_189_nguyenjohn', '6dfee2917da0646c622a7f707ccde1c7f428ea25414c1856cbd2e2c3e06bd0d1', 'Đồng', 4916);
INSERT INTO Movie_Account (customerid, username, password_hash, membershiplevel, rewardpoints) VALUES (190, 'user_190_ttran', '2b3c69413f93644cd61bc2a571c50e62d143d0853eaa8c6b66d8625e3c3e0315', 'Bạc', 993);
INSERT INTO Movie_Account (customerid, username, password_hash, membershiplevel, rewardpoints) VALUES (191, 'user_191_jvu', '36692020446ffb00f567f7ae846da8aadfa9522622653f63dd66b1ff3b362ddf', 'Kim Cương', 793);
INSERT INTO Movie_Account (customerid, username, password_hash, membershiplevel, rewardpoints) VALUES (192, 'user_192_mmai', 'c175c6c1d7337072816709d3ca0342f33013bcd334397e5b5a1920e8490d61bd', 'Đồng', 665);
INSERT INTO Movie_Account (customerid, username, password_hash, membershiplevel, rewardpoints) VALUES (193, 'user_193_jane59', 'de56d6fca018002fe3ae2ae159a589826f38087e69d100c3c454ee848b079736', 'Bạc', 609);
INSERT INTO Movie_Account (customerid, username, password_hash, membershiplevel, rewardpoints) VALUES (194, 'user_194_dangjane', '4652008ef65931fcd1ca5cec54dba2364637bb3d50ee3d71d5e4e9cf3cd93543', 'Vàng', 846);
INSERT INTO Movie_Account (customerid, username, password_hash, membershiplevel, rewardpoints) VALUES (195, 'user_195_tpham', 'ab7fd1c0b2f398afce284cec61b0490b955053d67e76f4b3a59db7e03a241a48', 'Vàng', 2294);
INSERT INTO Movie_Account (customerid, username, password_hash, membershiplevel, rewardpoints) VALUES (196, 'user_196_janemai', '798c27d7c148d76f9618662a83d46c5c88d6ca72ed424989b2cca40a847e63e2', 'Đồng', 3552);
INSERT INTO Movie_Account (customerid, username, password_hash, membershiplevel, rewardpoints) VALUES (197, 'user_197_janedang', 'f3fe1d52c959d383a85146e510c54809720b589d18c68da5cd8fcbf47cdd5029', 'Đồng', 4776);
INSERT INTO Movie_Account (customerid, username, password_hash, membershiplevel, rewardpoints) VALUES (198, 'user_198_duongjohn', '7fa1a20a7fe739fa8934398b3ef83d7a17e1884f792e1693f4c20f8ecd604e0a', 'Bạc', 824);
INSERT INTO Movie_Account (customerid, username, password_hash, membershiplevel, rewardpoints) VALUES (199, 'user_199_john13', 'a817585db9be9ef14eb7d4bc0a8b5a367bc4c29ac9ed813e1d807039429c2901', 'Kim Cương', 593);
INSERT INTO Movie_Account (customerid, username, password_hash, membershiplevel, rewardpoints) VALUES (200, 'user_200_johnmai', '73654c4e341923a856630305c22304a866614249c224718257b4657ae25c8364', 'Bạc', 4223);
INSERT INTO Movie_Account (customerid, username, password_hash, membershiplevel, rewardpoints) VALUES (201, 'user_201_jane25', 'e946d29bb15891c142f2eaf8121e9f87ad85e035cfa9499e3019398be82bfa7b', 'Kim Cương', 1788);
INSERT INTO Movie_Account (customerid, username, password_hash, membershiplevel, rewardpoints) VALUES (202, 'user_202_tranjohn', '0b4e8cded21400a8a5f9e160be57a961b6bd0a6ef1ea13a53f652b51ab05b390', 'Đồng', 545);
INSERT INTO Movie_Account (customerid, username, password_hash, membershiplevel, rewardpoints) VALUES (203, 'user_203_johnle', 'e852d6ddf5234e61e7308dfe60489311d3ddcd0f88f1ff3338c26138d16243cb', 'Đồng', 4953);
INSERT INTO Movie_Account (customerid, username, password_hash, membershiplevel, rewardpoints) VALUES (204, 'user_204_johnle', 'a390db828a75bfc8eee4b747f2ec85b1d780234b4fec409a1f0177070fe3774c', 'Vàng', 1967);
INSERT INTO Movie_Account (customerid, username, password_hash, membershiplevel, rewardpoints) VALUES (205, 'user_205_lejane', 'e75553fb821e39ed1482843565468295069fba07c992619760b990b24e4f3077', 'Bạc', 2857);
INSERT INTO Movie_Account (customerid, username, password_hash, membershiplevel, rewardpoints) VALUES (206, 'user_206_janele', '3ccd4eaa0a17e88b415fe00b67805df101571f8344cb15a56e902454b075ea56', 'Đồng', 2155);
INSERT INTO Movie_Account (customerid, username, password_hash, membershiplevel, rewardpoints) VALUES (207, 'user_207_vujane', '04027d15f89043aa12e34d21bb01b368ba03a2e314663bd19b1b3890763747a2', 'Đồng', 2901);
INSERT INTO Movie_Account (customerid, username, password_hash, membershiplevel, rewardpoints) VALUES (208, 'user_208_anguyen', 'df28fe6ea4b9596d2faaaf8acf3d85fbe17d714e06855ad290961588b1675ba6', 'Bạc', 477);
INSERT INTO Movie_Account (customerid, username, password_hash, membershiplevel, rewardpoints) VALUES (209, 'user_209_phamjohn', '7bc5c23780905d0bcbd4fd111179c0f2d32f359f8faee20f0946abfe2b1ee493', 'Đồng', 1245);
INSERT INTO Movie_Account (customerid, username, password_hash, membershiplevel, rewardpoints) VALUES (210, 'user_210_janebui', '50be1ce214f833d288644b39ba16944a22adb4a2cdef9f3491be7b94825a7443', 'Vàng', 4201);
INSERT INTO Movie_Account (customerid, username, password_hash, membershiplevel, rewardpoints) VALUES (211, 'user_211_john89', '49b308178132a8af188326cb1fb8975f6b2c7172582c94390da2683e84ceab9d', 'Kim Cương', 3736);
INSERT INTO Movie_Account (customerid, username, password_hash, membershiplevel, rewardpoints) VALUES (212, 'user_212_jane39', '18a128093a1cd115d418f49af98240698fdb4ca856b447e541e9fe4d0b1115a7', 'Đồng', 289);
INSERT INTO Movie_Account (customerid, username, password_hash, membershiplevel, rewardpoints) VALUES (213, 'user_213_john75', '442e66a9d73c4b35b90d1003aa3a2aa201c91474792702726feac0220f5368e7', 'Kim Cương', 2701);
INSERT INTO Movie_Account (customerid, username, password_hash, membershiplevel, rewardpoints) VALUES (214, 'user_214_janepham', '477fc55ffb2ee12d18a32faddab422089ae23abb774638b62d75104facb070b5', 'Bạc', 3613);
INSERT INTO Movie_Account (customerid, username, password_hash, membershiplevel, rewardpoints) VALUES (215, 'user_215_dangjane', '096f0a1f89a426a493bd76e39408edae392a3db8b8e6ec1c297f1947496edfe0', 'Kim Cương', 2058);
INSERT INTO Movie_Account (customerid, username, password_hash, membershiplevel, rewardpoints) VALUES (216, 'user_216_tranjane', '68facfa0ce007d3f11e83fa8b8bcc804f4c30e3e7fd1627308e618fd927ceda0', 'Bạc', 3867);
INSERT INTO Movie_Account (customerid, username, password_hash, membershiplevel, rewardpoints) VALUES (217, 'user_217_fbui', '05e15d49b769abc2af9140c25963d3d2e97fdbd265aaf1e2a56393bb50a50d5a', 'Đồng', 1963);
INSERT INTO Movie_Account (customerid, username, password_hash, membershiplevel, rewardpoints) VALUES (218, 'user_218_janevu', '53ceed417a03474634e68e9180bb74af4f6eaca629466680b12732702597c477', 'Bạc', 3392);
INSERT INTO Movie_Account (customerid, username, password_hash, membershiplevel, rewardpoints) VALUES (219, 'user_219_john38', '5413e65116e4ec5284dafeefee8e3fce98e4eb7f3cfdf534facb821ba77afb5f', 'Đồng', 1248);
INSERT INTO Movie_Account (customerid, username, password_hash, membershiplevel, rewardpoints) VALUES (220, 'user_220_vujane', 'b32127f0121a29ef4e196cbe496f4acd68a8c48a6e4f7f62d1d1d50d5aaf80c3', 'Bạc', 2009);
INSERT INTO Movie_Account (customerid, username, password_hash, membershiplevel, rewardpoints) VALUES (221, 'user_221_vpham', '1693e9bbd8df1b46fdf47d6601fdcabea5445be7fb1a92459ae4fbe813f42a6d', 'Bạc', 1123);
INSERT INTO Movie_Account (customerid, username, password_hash, membershiplevel, rewardpoints) VALUES (222, 'user_222_lejane', 'c0478dfdb50b9b67249e5b14d40c22e565c8b089dd59dc825d6f9aed59592257', 'Kim Cương', 1520);
INSERT INTO Movie_Account (customerid, username, password_hash, membershiplevel, rewardpoints) VALUES (223, 'user_223_janebui', 'fe15d138dcd176b7eec5817b47f32edcb4d9ef0f466e0479900f3f0994d25a25', 'Bạc', 778);
INSERT INTO Movie_Account (customerid, username, password_hash, membershiplevel, rewardpoints) VALUES (224, 'user_224_wmai', '3012f83c0179661e511df00cadddbd7cf379bfcf1e20f8f1f4bdfdd04d8b130a', 'Bạc', 1808);
INSERT INTO Movie_Account (customerid, username, password_hash, membershiplevel, rewardpoints) VALUES (225, 'user_225_dangjohn', '1423861eb67e1ddbf38a46bc423845829d8503ab1e70e8eebcf58ab62b90b0bb', 'Kim Cương', 2218);
INSERT INTO Movie_Account (customerid, username, password_hash, membershiplevel, rewardpoints) VALUES (226, 'user_226_tranjane', 'd46a9b3cf326fce84942126ca2c08f1a2f2e69951db1aaf972f58dfd8160beab', 'Bạc', 2001);
INSERT INTO Movie_Account (customerid, username, password_hash, membershiplevel, rewardpoints) VALUES (227, 'user_227_janemai', 'dfc3241e24fbea090f843dbbefc620a2606e84ab0b8f912dc0e53a52eb5a0a47', 'Kim Cương', 1352);
INSERT INTO Movie_Account (customerid, username, password_hash, membershiplevel, rewardpoints) VALUES (228, 'user_228_janeduong', 'f10550e5942da8959a5f38672a8d99fa6dbfbca79eb38c64e75bd931b2ca2c59', 'Bạc', 1022);
INSERT INTO Movie_Account (customerid, username, password_hash, membershiplevel, rewardpoints) VALUES (229, 'user_229_nguyenjane', '37f10bbe60b20ae2dcb9be4878e7fed73530fcf1c673fc94e0738b4b733f9802', 'Đồng', 1039);
INSERT INTO Movie_Account (customerid, username, password_hash, membershiplevel, rewardpoints) VALUES (230, 'user_230_phamjane', 'ffac537b8284ae0c24877688df149379f39582217f327e8321e1ce3f98a54eca', 'Vàng', 1076);
INSERT INTO Movie_Account (customerid, username, password_hash, membershiplevel, rewardpoints) VALUES (231, 'user_231_john24', '75fea37bd8f01ef40160cc563bae09a684b0070c3c275757eb203785d7400fad', 'Bạc', 3492);
INSERT INTO Movie_Account (customerid, username, password_hash, membershiplevel, rewardpoints) VALUES (232, 'user_232_johnnguyen', '5eb1b6f48ad687b9cb83f0f6e1c788cac49363799ef7689aacc4fd459ce91d7d', 'Bạc', 2651);
INSERT INTO Movie_Account (customerid, username, password_hash, membershiplevel, rewardpoints) VALUES (233, 'user_233_johnpham', '289ae6914e692a4ed115d20b9e218f53e31b7e51e68218a2130240a9c6b421e1', 'Đồng', 2971);
INSERT INTO Movie_Account (customerid, username, password_hash, membershiplevel, rewardpoints) VALUES (234, 'user_234_lejane', '215bbd28b078d366f7a66ea32924a8629a708811f594e6d2fd52bf51eb46c982', 'Kim Cương', 2513);
INSERT INTO Movie_Account (customerid, username, password_hash, membershiplevel, rewardpoints) VALUES (235, 'user_235_janeduong', 'db9ffb252811ca62e75638a25c7a1c2cea59f8feba275a7cee1fd11c012791e8', 'Vàng', 3296);
INSERT INTO Movie_Account (customerid, username, password_hash, membershiplevel, rewardpoints) VALUES (236, 'user_236_tpham', '39a54934b7c00022a89fab07ece4c15caf2a0d3c0eaeee68df3e9575d77221ea', 'Vàng', 3874);
INSERT INTO Movie_Account (customerid, username, password_hash, membershiplevel, rewardpoints) VALUES (237, 'user_237_janehoang', '88d1458ace39f48271534942c98682d5c53824f3d326094a79cdd88f2d5b9d22', 'Bạc', 2169);
INSERT INTO Movie_Account (customerid, username, password_hash, membershiplevel, rewardpoints) VALUES (238, 'user_238_phamjane', 'ea2b4a958ed285a7c9f42f94b6fada4e58b63e5dfbf8f349121b7ffc16a6c3e5', 'Đồng', 3017);
INSERT INTO Movie_Account (customerid, username, password_hash, membershiplevel, rewardpoints) VALUES (239, 'user_239_johnle', '36dccbfdbe9f55281b3710619513ba014a147e8a6c080693781246efeff22298', 'Vàng', 1690);
INSERT INTO Movie_Account (customerid, username, password_hash, membershiplevel, rewardpoints) VALUES (240, 'user_240_john74', '0538493f34a71f88e115a90d1445c3a7a5e5c2c304c157a0d6f73d795ff6cbd7', 'Đồng', 3614);
INSERT INTO Movie_Account (customerid, username, password_hash, membershiplevel, rewardpoints) VALUES (241, 'user_241_rmai', 'b729536bb57fb6ff27bfd48af62672ac40740f2583332f4f9079d920bb4e3068', 'Đồng', 3860);
INSERT INTO Movie_Account (customerid, username, password_hash, membershiplevel, rewardpoints) VALUES (242, 'user_242_vujane', 'f29d9c81332f6c1d9d18ef768bddb54607a80e73567dab0c83b783d32d2b881e', 'Kim Cương', 2775);
INSERT INTO Movie_Account (customerid, username, password_hash, membershiplevel, rewardpoints) VALUES (243, 'user_243_npham', 'f3b5be80deebe91a8c4cca7b734b56cc76581421c8e012b62535a9cee0780c9a', 'Bạc', 3485);
INSERT INTO Movie_Account (customerid, username, password_hash, membershiplevel, rewardpoints) VALUES (244, 'user_244_yle', '149d93eac444cc310a1d15cc985b24e3a9d2e238ff01cb2a042025ce7ec5e0ec', 'Bạc', 265);
INSERT INTO Movie_Account (customerid, username, password_hash, membershiplevel, rewardpoints) VALUES (245, 'user_245_johnbui', '6df5f6e6ae4b6901bba4bdc487e6d4e835d6d0ff6e6c1cbed84f2e2514734841', 'Kim Cương', 1284);
INSERT INTO Movie_Account (customerid, username, password_hash, membershiplevel, rewardpoints) VALUES (246, 'user_246_john11', '53310e1abb7c42e2e9d99e4f4da2fa1c0aced72b70bd8cd9a319e5af59c702f8', 'Bạc', 3180);
INSERT INTO Movie_Account (customerid, username, password_hash, membershiplevel, rewardpoints) VALUES (247, 'user_247_dangjohn', '704890969803bc14efa2cb1b8445702ecc1928771de72b56e9dd0fdde7229618', 'Bạc', 1685);
INSERT INTO Movie_Account (customerid, username, password_hash, membershiplevel, rewardpoints) VALUES (248, 'user_248_jane47', '227dfa45f5a676bbb77e74399f804291bc90cd8a076c7bc7d240a3d41e7a8644', 'Đồng', 2435);
INSERT INTO Movie_Account (customerid, username, password_hash, membershiplevel, rewardpoints) VALUES (249, 'user_249_anguyen', 'a9a85c09a926e434a5a4cb0baa80b656d56847a7fb9f21f846caee8df085e5bf', 'Kim Cương', 4067);
INSERT INTO Movie_Account (customerid, username, password_hash, membershiplevel, rewardpoints) VALUES (250, 'user_250_janetran', '860a36df0c8dd04148d2a8e5cd05562b66012a6517cd2ffbc382ce67c9a00ad9', 'Bạc', 1257);
INSERT INTO Movie_Account (customerid, username, password_hash, membershiplevel, rewardpoints) VALUES (251, 'user_251_janeduong', 'e9c13e73fd9a37c7a3b5f09ad8744cc18d53ad6be99b1532807c6184400a061a', 'Bạc', 1028);
INSERT INTO Movie_Account (customerid, username, password_hash, membershiplevel, rewardpoints) VALUES (252, 'user_252_jane94', 'd8e122ccfce813bb0759df184f46f2a4fca9c23464d40ccc2256d507ac91864d', 'Kim Cương', 279);
INSERT INTO Movie_Account (customerid, username, password_hash, membershiplevel, rewardpoints) VALUES (253, 'user_253_tranjane', '01533a1d04fc116186d2faf67aff25ea5f30c29db874b6e33e51e35cd4daf393', 'Vàng', 757);
INSERT INTO Movie_Account (customerid, username, password_hash, membershiplevel, rewardpoints) VALUES (254, 'user_254_htran', '2a1ed32d4c409abcef7e9139e9a802cf843323c2fdb5bd1b5ad7ccdabb9c6ae0', 'Đồng', 1938);
INSERT INTO Movie_Account (customerid, username, password_hash, membershiplevel, rewardpoints) VALUES (255, 'user_255_johnduong', '22903d9ce4cbc861042180526b54db2b906ce5abc34283995c31860a6d7f9f4b', 'Bạc', 4240);
INSERT INTO Movie_Account (customerid, username, password_hash, membershiplevel, rewardpoints) VALUES (256, 'user_256_johnvu', 'bb1f92263d15483d574e87608ed673c6fd420df004950be13ff60a96d44070af', 'Kim Cương', 2940);
INSERT INTO Movie_Account (customerid, username, password_hash, membershiplevel, rewardpoints) VALUES (257, 'user_257_tranjane', '8c0327b5720cc3835749ee2ab2b5705c8e1ae73bf7fa06630e4223fda09385b1', 'Vàng', 3963);
INSERT INTO Movie_Account (customerid, username, password_hash, membershiplevel, rewardpoints) VALUES (258, 'user_258_johnmai', 'a5db901388f82eb48d9c3f69899eea0669fa63323e687f74a59cd52c571915c8', 'Đồng', 4524);
INSERT INTO Movie_Account (customerid, username, password_hash, membershiplevel, rewardpoints) VALUES (259, 'user_259_john89', '020ac387db1b99d2444d1c8358573b70ddfd3fc0edc2dacb7b63018c50fea226', 'Bạc', 181);
INSERT INTO Movie_Account (customerid, username, password_hash, membershiplevel, rewardpoints) VALUES (260, 'user_260_john00', '6cfe1967ca0c78b608a8f1682ace2605a4f4d83db50aceb2ca9b7f28554783cb', 'Kim Cương', 1656);
INSERT INTO Movie_Account (customerid, username, password_hash, membershiplevel, rewardpoints) VALUES (261, 'user_261_duongjane', 'dfd2963169881a6679ebfe6d265883c602d81b2acc99835129c9a948ba091235', 'Đồng', 2738);
INSERT INTO Movie_Account (customerid, username, password_hash, membershiplevel, rewardpoints) VALUES (262, 'user_262_john39', '9fb678aabb450fe8bede40209a8f214dc63ab44f34cbb667febad1f451602b60', 'Bạc', 1782);
INSERT INTO Movie_Account (customerid, username, password_hash, membershiplevel, rewardpoints) VALUES (263, 'user_263_jane06', 'd46edb6baece73f7c3287c8a3a29bdd49f8dd26093ea8a6881c121141803dcef', 'Bạc', 3480);
INSERT INTO Movie_Account (customerid, username, password_hash, membershiplevel, rewardpoints) VALUES (264, 'user_264_janenguyen', 'a1ee955e36eac9fd6d70fcd7b41afac30c7ed854a103c46e0720c1402f4af2c1', 'Kim Cương', 4106);
INSERT INTO Movie_Account (customerid, username, password_hash, membershiplevel, rewardpoints) VALUES (265, 'user_265_janenguyen', '180eb5a5f6adf2c1743d5d306fd15993ad31f144027ccb485031d8536a6df2ec', 'Đồng', 3475);
INSERT INTO Movie_Account (customerid, username, password_hash, membershiplevel, rewardpoints) VALUES (266, 'user_266_john56', '2665eaee2e9ab3b86849bfe3da8eabfdd93cca6270d5ba28333d27030bf55ed9', 'Vàng', 1208);
INSERT INTO Movie_Account (customerid, username, password_hash, membershiplevel, rewardpoints) VALUES (267, 'user_267_lejohn', '56489cfe0b5a29fb0e92ccb3dc39a840bfa7f2df75e503b0041e53d0674dcfad', 'Kim Cương', 4706);
INSERT INTO Movie_Account (customerid, username, password_hash, membershiplevel, rewardpoints) VALUES (268, 'user_268_dangjane', 'fe956c88497029c0678fe4906cc0ec908015bd4bc52d0dea1eef9b58053d3c86', 'Vàng', 3144);
INSERT INTO Movie_Account (customerid, username, password_hash, membershiplevel, rewardpoints) VALUES (269, 'user_269_john25', '8229711980141a5699cd1ac28c451f56fb30f0ac777db7acbc267a4f1cf2fb97', 'Kim Cương', 4818);
INSERT INTO Movie_Account (customerid, username, password_hash, membershiplevel, rewardpoints) VALUES (270, 'user_270_vujane', 'b5068883d983cf8a2392319066356644fc32be90b97a6f1f3569652ec89353c3', 'Vàng', 4710);
INSERT INTO Movie_Account (customerid, username, password_hash, membershiplevel, rewardpoints) VALUES (271, 'user_271_jane27', '31d44b18d87f4e9d5b639ee8516b078d6ec7668f24e58b5d61d1fbc3fda3bb1a', 'Kim Cương', 3263);
INSERT INTO Movie_Account (customerid, username, password_hash, membershiplevel, rewardpoints) VALUES (272, 'user_272_lejohn', 'b3a109f37a81154ae528a6cf8d9df832ccecc652c1ef37b9ec91c3658e47956d', 'Vàng', 2990);
INSERT INTO Movie_Account (customerid, username, password_hash, membershiplevel, rewardpoints) VALUES (273, 'user_273_uduong', 'ff9c2998b599114f17e584a9ae7d59763fd1fa107c1c6b3d75be13abe33d4be0', 'Đồng', 2335);
INSERT INTO Movie_Account (customerid, username, password_hash, membershiplevel, rewardpoints) VALUES (274, 'user_274_duongjane', '44459b9a37f29ad94ac1957c2193cdb4e89053ff4a6fb764f94c536f4b3da396', 'Bạc', 4065);
INSERT INTO Movie_Account (customerid, username, password_hash, membershiplevel, rewardpoints) VALUES (275, 'user_275_lbui', 'e68084b3cdbb39a3e4bcefb401409bad146b922e60c897327b82d558ac84b4ba', 'Đồng', 1984);
INSERT INTO Movie_Account (customerid, username, password_hash, membershiplevel, rewardpoints) VALUES (276, 'user_276_jane49', '9039d7fdce47595ca7392fa15279b413e1850a7059829a37b3bdb2e5bde45736', 'Bạc', 4876);
INSERT INTO Movie_Account (customerid, username, password_hash, membershiplevel, rewardpoints) VALUES (277, 'user_277_xmai', 'df4aa75294f8849393f0000683bafdd179d849a25eebd1fa55af87e273568c2d', 'Đồng', 3199);
INSERT INTO Movie_Account (customerid, username, password_hash, membershiplevel, rewardpoints) VALUES (278, 'user_278_xdang', '5a44c32c85db98de4cae6c3d7db9c4d98c9e0357d9ca0c4ce53471f40bc95ebe', 'Đồng', 2866);
INSERT INTO Movie_Account (customerid, username, password_hash, membershiplevel, rewardpoints) VALUES (279, 'user_279_cduong', 'e343f179a5d7a82d76c43f8e6119ee47cc0d731ba3a128549a9866ba66a05703', 'Bạc', 411);
INSERT INTO Movie_Account (customerid, username, password_hash, membershiplevel, rewardpoints) VALUES (280, 'user_280_lnguyen', '71f3f3a7b36fec0b9bc6c55bdcd86e79d57cd173ab249629b394d9fdcb580c67', 'Đồng', 379);
INSERT INTO Movie_Account (customerid, username, password_hash, membershiplevel, rewardpoints) VALUES (281, 'user_281_mnguyen', 'c2185fa7351126bf74d28fee4e73d1be9512a3694894e9b328ffc0cf4595f964', 'Đồng', 1156);
INSERT INTO Movie_Account (customerid, username, password_hash, membershiplevel, rewardpoints) VALUES (282, 'user_282_gmai', 'a1cf7c16544cfefa96880f9ddca1447fc1516787c12bef987ebec09f4dd6c986', 'Đồng', 4036);
INSERT INTO Movie_Account (customerid, username, password_hash, membershiplevel, rewardpoints) VALUES (283, 'user_283_xle', '7d880eeba192c58e47f890fc8afafe09da8f6317994cc3226ccd5c5abd8b1227', 'Bạc', 1878);
INSERT INTO Movie_Account (customerid, username, password_hash, membershiplevel, rewardpoints) VALUES (284, 'user_284_phamjane', '4544d981a55b68a8191a9b76e65ee4b9fc070512cbbf08f8b13f2a846d395795', 'Vàng', 1468);
INSERT INTO Movie_Account (customerid, username, password_hash, membershiplevel, rewardpoints) VALUES (285, 'user_285_johnpham', '5ce8a5a2af18179dbac3ebb5b876a69e7a38c17c32f81ef52b95c165db13b9b9', 'Vàng', 4689);
INSERT INTO Movie_Account (customerid, username, password_hash, membershiplevel, rewardpoints) VALUES (286, 'user_286_johnhoang', '772945ad577b576d7b7bd1c3e60672176092e04a2be8168b27a8762df0ef6fdb', 'Đồng', 2361);
INSERT INTO Movie_Account (customerid, username, password_hash, membershiplevel, rewardpoints) VALUES (287, 'user_287_lduong', 'abe7585e907cbb06b75ea5693be9705f0505cf74b11c4d6b7cad9e1bbd95118b', 'Kim Cương', 4272);
INSERT INTO Movie_Account (customerid, username, password_hash, membershiplevel, rewardpoints) VALUES (288, 'user_288_buijane', '1b803455d483a970d542f74564396dfa1ef683f4894db82375665699c8009849', 'Vàng', 3632);
INSERT INTO Movie_Account (customerid, username, password_hash, membershiplevel, rewardpoints) VALUES (289, 'user_289_john97', '45fcbdd0ecf5bf452eca1143c44a46c059eeb22e599fa21f62948665260bd998', 'Vàng', 347);
INSERT INTO Movie_Account (customerid, username, password_hash, membershiplevel, rewardpoints) VALUES (290, 'user_290_vujane', '25993c82ab53654c9becd06a2679fd2fac77ee55ba9e80fe632c1d1b17171e5b', 'Đồng', 1608);
INSERT INTO Movie_Account (customerid, username, password_hash, membershiplevel, rewardpoints) VALUES (291, 'user_291_johnmai', '488fa3f57ce95d924f51eebbdccd3d06cd86f30e27c76014bae00a6cc98ce362', 'Đồng', 711);
INSERT INTO Movie_Account (customerid, username, password_hash, membershiplevel, rewardpoints) VALUES (292, 'user_292_nguyenjane', 'fbee4a2802cd616cc5689e58adc39d35c007aae37977b35a941221725e6e1e91', 'Kim Cương', 3313);
INSERT INTO Movie_Account (customerid, username, password_hash, membershiplevel, rewardpoints) VALUES (293, 'user_293_ivu', 'd7dadd1577c09f942a44731d24f027e6e765ec6efca5f6f051b1afbccb8ead7e', 'Bạc', 2430);
INSERT INTO Movie_Account (customerid, username, password_hash, membershiplevel, rewardpoints) VALUES (294, 'user_294_tbui', 'f84db5fe1237e13bb05d390a2ecb94761e85b1f320c703ea89d869e15b11f209', 'Vàng', 364);
INSERT INTO Movie_Account (customerid, username, password_hash, membershiplevel, rewardpoints) VALUES (295, 'user_295_maijane', '29156f41f71ef50bab4dcf5f15f1feddbc59e669ca50055a57409f702911de0c', 'Bạc', 3784);
INSERT INTO Movie_Account (customerid, username, password_hash, membershiplevel, rewardpoints) VALUES (296, 'user_296_johnvu', 'b780b585a0a5fcaaf6470a099b7054337d2b37e2ef4b83ec7c1bd739c4e263c4', 'Đồng', 1608);
INSERT INTO Movie_Account (customerid, username, password_hash, membershiplevel, rewardpoints) VALUES (297, 'user_297_janedang', '49b1b2c552b38cabd68f09da5bb884cee98f6835a5646a180c27381777877497', 'Kim Cương', 1610);
INSERT INTO Movie_Account (customerid, username, password_hash, membershiplevel, rewardpoints) VALUES (298, 'user_298_nguyenjane', 'cf9e679ab7e5ea9e92a4189c7f8bb3301dd01fd709c3682e37a8e8f2a7c84cf3', 'Đồng', 3182);
INSERT INTO Movie_Account (customerid, username, password_hash, membershiplevel, rewardpoints) VALUES (299, 'user_299_tranjane', '073603d8a38fae9030e7b7acbdc1fedab46556ef8676415b8a08721b6bb82cf9', 'Đồng', 289);
INSERT INTO Movie_Account (customerid, username, password_hash, membershiplevel, rewardpoints) VALUES (300, 'user_300_dnguyen', '67574aaa527d1a4cb3b0d6bf6dac076ba121e1859ed5d00e0d0e1fcbb3489f3c', 'Bạc', 4127);
INSERT INTO Movie_Account (customerid, username, password_hash, membershiplevel, rewardpoints) VALUES (301, 'user_301_edang', 'f200784b869a331b94374235139bacecb5b203425ee5653fcfef5b082c50d109', 'Kim Cương', 3935);
INSERT INTO Movie_Account (customerid, username, password_hash, membershiplevel, rewardpoints) VALUES (302, 'user_302_jvu', 'a72d040084238cd7f82ec97f7fe48ce76b474d9479f0d7adc850f72a5c2a38f2', 'Vàng', 164);
INSERT INTO Movie_Account (customerid, username, password_hash, membershiplevel, rewardpoints) VALUES (303, 'user_303_vujohn', '5fa87d7809d7c5d0bb42454de04152f6b41e1ae78346765eee3a341e366aed20', 'Đồng', 2898);
INSERT INTO Movie_Account (customerid, username, password_hash, membershiplevel, rewardpoints) VALUES (304, 'user_304_rtran', '33119d8a0bb317c6755798458659cdc690acbb0dc0111c223b54ccce0d52b3b7', 'Vàng', 1494);
INSERT INTO Movie_Account (customerid, username, password_hash, membershiplevel, rewardpoints) VALUES (305, 'user_305_dbui', '069ad8f3988a8efc1034d8450aa6389cbf682f607ec020435f86959f45d12c5e', 'Bạc', 4543);
INSERT INTO Movie_Account (customerid, username, password_hash, membershiplevel, rewardpoints) VALUES (306, 'user_306_john08', '80b67b7b1901761335092f443b4e7fc2730603d6db1e3842d09241bfaa2f9f2f', 'Bạc', 1783);
INSERT INTO Movie_Account (customerid, username, password_hash, membershiplevel, rewardpoints) VALUES (307, 'user_307_mvu', '8e5e7474a1ad68d58c05d1147c166e86485b95b5f865c2376ff05669ab0c88cd', 'Vàng', 3689);
INSERT INTO Movie_Account (customerid, username, password_hash, membershiplevel, rewardpoints) VALUES (308, 'user_308_tranjane', 'ce91b4caff1b4b999e8faa15aee7e3282c01d5bf743fbcb50f556d120b34725a', 'Bạc', 1143);
INSERT INTO Movie_Account (customerid, username, password_hash, membershiplevel, rewardpoints) VALUES (309, 'user_309_dvu', '12c221c89b8a2ed36b6a5daf1c417f9676fdf7d168a67ee2356d497d188047ad', 'Kim Cương', 3568);
INSERT INTO Movie_Account (customerid, username, password_hash, membershiplevel, rewardpoints) VALUES (310, 'user_310_rdang', 'b3d88234cdf9c5f94cc971a9590545a11b4d32fc62c12078ffeebf90da6cd2af', 'Kim Cương', 3890);
INSERT INTO Movie_Account (customerid, username, password_hash, membershiplevel, rewardpoints) VALUES (311, 'user_311_hoangjane', 'db03346d979b412c282a7a2194163c6d0644a87e3a023403a804c212c443a4bf', 'Đồng', 869);
INSERT INTO Movie_Account (customerid, username, password_hash, membershiplevel, rewardpoints) VALUES (312, 'user_312_john35', '8d696fe8b0709896efeed0ba566a78d723c0982a019ffc04c6c2f063203847f4', 'Kim Cương', 2976);
INSERT INTO Movie_Account (customerid, username, password_hash, membershiplevel, rewardpoints) VALUES (313, 'user_313_john38', '83a9a71c6e00094eb5fe4ff97f18d62b6dfbbe1eaa457f5c21e78e818b67c964', 'Vàng', 2607);
INSERT INTO Movie_Account (customerid, username, password_hash, membershiplevel, rewardpoints) VALUES (314, 'user_314_buijane', '81b57d4ce9e60d622cddc50f63534a9898c69a1bcb85797a43f1aa47a2138f31', 'Vàng', 2409);
INSERT INTO Movie_Account (customerid, username, password_hash, membershiplevel, rewardpoints) VALUES (315, 'user_315_nle', '4ee56dc6ef7ed24039d5b653c812985de942bfd99366215fbeacbec2a38a7ac5', 'Bạc', 959);
INSERT INTO Movie_Account (customerid, username, password_hash, membershiplevel, rewardpoints) VALUES (316, 'user_316_john56', '059d86b4b65d6d2b97d6c0adea12a60b13d9ff3cd92d147ec5612615635e78f5', 'Kim Cương', 1933);
INSERT INTO Movie_Account (customerid, username, password_hash, membershiplevel, rewardpoints) VALUES (317, 'user_317_johnmai', 'fa0d36ebf892ef068a1d889df54eaef580a43ea8b9825d32c79f76aaa83aee31', 'Kim Cương', 4936);
INSERT INTO Movie_Account (customerid, username, password_hash, membershiplevel, rewardpoints) VALUES (318, 'user_318_johnduong', '71df11fa7f08bf5b31a7834e9a138f673d9dd314baaa6c118a55b1521c26b6cd', 'Đồng', 4233);
INSERT INTO Movie_Account (customerid, username, password_hash, membershiplevel, rewardpoints) VALUES (319, 'user_319_vnguyen', 'ef0dfcda8fa58c7082904902e9be4430a0998aeac15f24f7175d17b210b79730', 'Kim Cương', 994);
INSERT INTO Movie_Account (customerid, username, password_hash, membershiplevel, rewardpoints) VALUES (320, 'user_320_hoangjane', 'a040d11fa00ac8d69aae23910601aeb00935461450d1d61e9f4e57f960ef4041', 'Vàng', 2893);
INSERT INTO Movie_Account (customerid, username, password_hash, membershiplevel, rewardpoints) VALUES (321, 'user_321_johnvu', '75b7ca47adf688bda177e3c2e0df5d8fad8c3b4b6f51bbd66877b2b8948a0867', 'Vàng', 2893);
INSERT INTO Movie_Account (customerid, username, password_hash, membershiplevel, rewardpoints) VALUES (322, 'user_322_janemai', '1f05a09e3793cd4385a8a2b445c1beafd233d6baf260d960d0682b5e116eb113', 'Vàng', 3615);
INSERT INTO Movie_Account (customerid, username, password_hash, membershiplevel, rewardpoints) VALUES (323, 'user_323_ddang', 'e7065d888e950b67d0d2db2115e30b6e4c4e65ba1bea221213bf1f203047f09e', 'Đồng', 1312);
INSERT INTO Movie_Account (customerid, username, password_hash, membershiplevel, rewardpoints) VALUES (324, 'user_324_maijohn', '6f60ffa67fefb0759b85b618ff79e1b95041987473bbb0c9d2d7065015da8991', 'Đồng', 23);
INSERT INTO Movie_Account (customerid, username, password_hash, membershiplevel, rewardpoints) VALUES (325, 'user_325_pbui', '584d5b4a2d6227b25b103536cd8dbd2bb6abc94964c0a60c2b1cc570da2ad123', 'Đồng', 2627);
INSERT INTO Movie_Account (customerid, username, password_hash, membershiplevel, rewardpoints) VALUES (326, 'user_326_jane79', 'b8dde6037ba7214e1eec0ce123d704ada3a68f72ed49077b742c0eec77db2d44', 'Đồng', 1111);
INSERT INTO Movie_Account (customerid, username, password_hash, membershiplevel, rewardpoints) VALUES (327, 'user_327_cmai', '7532a4d8e89cb65dd2483ea7861cfde3ef34f5a28b129c26e98d936f3493e972', 'Bạc', 621);
INSERT INTO Movie_Account (customerid, username, password_hash, membershiplevel, rewardpoints) VALUES (328, 'user_328_fbui', '77f35cb893d22d08439464a2353f70925a74ce2fe2c1330b974fc04e79a1dede', 'Vàng', 1537);
INSERT INTO Movie_Account (customerid, username, password_hash, membershiplevel, rewardpoints) VALUES (329, 'user_329_johnmai', '82b80cab1c83d80a2987de121f1ab401e0df16d26a9fcf0fd8592e98a94b12de', 'Bạc', 3734);
INSERT INTO Movie_Account (customerid, username, password_hash, membershiplevel, rewardpoints) VALUES (330, 'user_330_hoangjane', '477eacc464c0b28549cbecbdb312b91188d7d4ec63a33c5b5586639dbf163ed3', 'Đồng', 1696);
INSERT INTO Movie_Account (customerid, username, password_hash, membershiplevel, rewardpoints) VALUES (331, 'user_331_nguyenjohn', '4055044e3659500f1a4c934b5caaa2d58046001cf9a7878c91be396d0bebfc8a', 'Đồng', 1174);
INSERT INTO Movie_Account (customerid, username, password_hash, membershiplevel, rewardpoints) VALUES (332, 'user_332_jane40', 'f978b24c90181da51d79c96568353eb6a445cabe224dda927cb772cc76dc9d1c', 'Đồng', 4322);
INSERT INTO Movie_Account (customerid, username, password_hash, membershiplevel, rewardpoints) VALUES (333, 'user_333_svu', '464480910439e56a7927a7b54df5a2be520e28a08ddfbacac034e0da725d1659', 'Đồng', 3515);
INSERT INTO Movie_Account (customerid, username, password_hash, membershiplevel, rewardpoints) VALUES (334, 'user_334_john07', '913611cf8373102155caa4dc789c3304b4c4b26024b13d782c4939a1048ee432', 'Kim Cương', 2358);
INSERT INTO Movie_Account (customerid, username, password_hash, membershiplevel, rewardpoints) VALUES (335, 'user_335_john21', 'a23e5ab32982ccc3c90bfca1a925cd9c43e327b6270fc663ec9cfa0f8737fb23', 'Bạc', 4809);
INSERT INTO Movie_Account (customerid, username, password_hash, membershiplevel, rewardpoints) VALUES (336, 'user_336_wle', '5c6a2fc40adae4b7f613e194e52e8dbfd420489eac282713f3b682e2990a8929', 'Kim Cương', 251);
INSERT INTO Movie_Account (customerid, username, password_hash, membershiplevel, rewardpoints) VALUES (337, 'user_337_tranjane', '2bb754f48a507c222080315a3ba2e6a4dc27452ea329d8d75447d60e1cf35634', 'Bạc', 3508);
INSERT INTO Movie_Account (customerid, username, password_hash, membershiplevel, rewardpoints) VALUES (338, 'user_338_janemai', '81e3e692eff9cbfc894f36dc971429f1b2c3bc256895629cce46eb91e3af8446', 'Vàng', 3240);
INSERT INTO Movie_Account (customerid, username, password_hash, membershiplevel, rewardpoints) VALUES (339, 'user_339_nguyenjohn', '9ddfab26f69ea6290033da1b94aa3c505a2f98eb079d77cefd37eb28a6e12020', 'Đồng', 3363);
INSERT INTO Movie_Account (customerid, username, password_hash, membershiplevel, rewardpoints) VALUES (340, 'user_340_janedang', '8982ed2716c00fd23a4a9dd9187b68ec2013a175a4bd6d44656ebe58af0eae95', 'Vàng', 4681);
INSERT INTO Movie_Account (customerid, username, password_hash, membershiplevel, rewardpoints) VALUES (341, 'user_341_maijohn', '447255ec64b54fc0faf64611be3507571e3d0ad78a413a57f775c34063973f13', 'Đồng', 2856);
INSERT INTO Movie_Account (customerid, username, password_hash, membershiplevel, rewardpoints) VALUES (342, 'user_342_janemai', '835989b08b3397be529e7906716277bfabf4e331b388c5cbd6bbda189bad9c0d', 'Đồng', 893);
INSERT INTO Movie_Account (customerid, username, password_hash, membershiplevel, rewardpoints) VALUES (343, 'user_343_johnduong', '6af2f503cf7d402a42d79fe4327d3f111d06b909ee8f477ce7a2eca5f13af8b0', 'Bạc', 3954);
INSERT INTO Movie_Account (customerid, username, password_hash, membershiplevel, rewardpoints) VALUES (344, 'user_344_john70', '0de5074e69625a85a32c18884404563f46dcd2328460e7eb32d6e6c85a42dd68', 'Vàng', 992);
INSERT INTO Movie_Account (customerid, username, password_hash, membershiplevel, rewardpoints) VALUES (345, 'user_345_lpham', '98a881bc6c1ae96bd6c43a472232b6b8efca2ffc100c11c1293345541292cf3f', 'Vàng', 1357);
INSERT INTO Movie_Account (customerid, username, password_hash, membershiplevel, rewardpoints) VALUES (346, 'user_346_zmai', 'ffb813b75bc2956f2a85ef050966fefb083b80160549ea615639f176a8bb621b', 'Đồng', 1423);
INSERT INTO Movie_Account (customerid, username, password_hash, membershiplevel, rewardpoints) VALUES (347, 'user_347_john87', 'b348841f0a683cf4f725314df89d67cb15de14fd327b43c848131c096a42bcdd', 'Đồng', 3905);
INSERT INTO Movie_Account (customerid, username, password_hash, membershiplevel, rewardpoints) VALUES (348, 'user_348_tbui', '7cdd21f008b62c2243bace72b48b24f20085d52e58cdfa1888f0a1056337dfdf', 'Bạc', 3299);
INSERT INTO Movie_Account (customerid, username, password_hash, membershiplevel, rewardpoints) VALUES (349, 'user_349_vujane', '9e5c3f4c28466c5cc32ae9af6f6fdf84ff4630b2cfe260f0f46f7c1a3bc54287', 'Vàng', 49);
INSERT INTO Movie_Account (customerid, username, password_hash, membershiplevel, rewardpoints) VALUES (350, 'user_350_kpham', 'd72dfd15cab51ea7063b08dfdecfc541eed6763d9b1288d0a98122b16f41650e', 'Đồng', 1885);
INSERT INTO Movie_Account (customerid, username, password_hash, membershiplevel, rewardpoints) VALUES (351, 'user_351_maijohn', 'a24e704862d5da343e1fca2f346b239f611fb1bdca916a0278ab2e2cc0e167e6', 'Vàng', 4985);
INSERT INTO Movie_Account (customerid, username, password_hash, membershiplevel, rewardpoints) VALUES (352, 'user_352_johnpham', 'fc221230a2b8bd052950cf427e1b4681daa5028955852cd552d82a8e6d81c7ab', 'Kim Cương', 2749);
INSERT INTO Movie_Account (customerid, username, password_hash, membershiplevel, rewardpoints) VALUES (353, 'user_353_hoangjane', 'f9242cd11848695e436729406ddba0536aca0a33f4ad43ad768a1b62b13f6f79', 'Kim Cương', 4632);
INSERT INTO Movie_Account (customerid, username, password_hash, membershiplevel, rewardpoints) VALUES (354, 'user_354_johnmai', '8faa24fa6a73943788248d3abb24b59121e2d04f3a7f75d56ad39edcf18cc927', 'Bạc', 4604);
INSERT INTO Movie_Account (customerid, username, password_hash, membershiplevel, rewardpoints) VALUES (355, 'user_355_johndang', '605853d1f7debc6153117140fa49a48e37590512c1fc0a64631c02ca4db03f6a', 'Bạc', 2507);
INSERT INTO Movie_Account (customerid, username, password_hash, membershiplevel, rewardpoints) VALUES (356, 'user_356_phamjohn', '6e02861c99ccf977baeb87441a515d14d9cedd7e7cf13678fecf04e81e050292', 'Kim Cương', 195);
INSERT INTO Movie_Account (customerid, username, password_hash, membershiplevel, rewardpoints) VALUES (357, 'user_357_jane19', '6d63b9be64ebe52b6c0baf3d9fbf3c6ba0ab507acf5fc7aad804995a9040442e', 'Vàng', 3833);
INSERT INTO Movie_Account (customerid, username, password_hash, membershiplevel, rewardpoints) VALUES (358, 'user_358_jane11', 'e2e404615025daaee17341e8324102a291f30021a8e1af2726b05c5c67db8727', 'Vàng', 887);
INSERT INTO Movie_Account (customerid, username, password_hash, membershiplevel, rewardpoints) VALUES (359, 'user_359_cpham', 'bec8385b9d1943215775ad099d7698b7e491396cb6026f54f3ce93f60639bf5f', 'Kim Cương', 1021);
INSERT INTO Movie_Account (customerid, username, password_hash, membershiplevel, rewardpoints) VALUES (360, 'user_360_jane11', 'c75780e4359c7527f36fca553eee953df147aad7cd33be034f3c396117102612', 'Bạc', 4514);
INSERT INTO Movie_Account (customerid, username, password_hash, membershiplevel, rewardpoints) VALUES (361, 'user_361_wduong', 'd38b34e9323cfe5bf24745cee9df963e0f48278679207f88679935d2f6e7cfb0', 'Vàng', 2501);
INSERT INTO Movie_Account (customerid, username, password_hash, membershiplevel, rewardpoints) VALUES (362, 'user_362_johnvu', '1240e2ad24b7c9372de397cbf416132a2723cae9b212b7c0ce28b8c02a75d6b0', 'Bạc', 2674);
INSERT INTO Movie_Account (customerid, username, password_hash, membershiplevel, rewardpoints) VALUES (363, 'user_363_nguyenjohn', 'f971b5e9e4fc9a5180a579452f15e08cfe5c8967ae1e4050a31cf1981dd4bdb5', 'Kim Cương', 2496);
INSERT INTO Movie_Account (customerid, username, password_hash, membershiplevel, rewardpoints) VALUES (364, 'user_364_enguyen', '8ef271b68c9fd1c7cd1758c59106e9a7ed9d02b3064c545ba488e4da75479e2c', 'Đồng', 2218);
INSERT INTO Movie_Account (customerid, username, password_hash, membershiplevel, rewardpoints) VALUES (365, 'user_365_johnpham', 'd562e8bc398932130132f3a62b88e33aa73afbc3b1aff960a45649dae42877b8', 'Đồng', 1908);
INSERT INTO Movie_Account (customerid, username, password_hash, membershiplevel, rewardpoints) VALUES (366, 'user_366_john84', '72e52a9e0f40c2cbd68d3bad7e43d163d43582f33ee92e3ed89c54e5fc25398c', 'Bạc', 4980);
INSERT INTO Movie_Account (customerid, username, password_hash, membershiplevel, rewardpoints) VALUES (367, 'user_367_xdang', 'f9b9dbc8c01b988eed99fda2f920ec80a78a3985986a2badac14e1b8714e6657', 'Vàng', 4410);
INSERT INTO Movie_Account (customerid, username, password_hash, membershiplevel, rewardpoints) VALUES (368, 'user_368_vujane', 'ad95d05d96e7ad0136c162f1757d6e93b148383faa261054e9fceeeeefab4b3a', 'Vàng', 972);
INSERT INTO Movie_Account (customerid, username, password_hash, membershiplevel, rewardpoints) VALUES (369, 'user_369_john43', '2cf66f6b9cd3cbb9764fb092cb41d7c108ec790595db1afbc8c55e2d1bea8a69', 'Bạc', 4763);
INSERT INTO Movie_Account (customerid, username, password_hash, membershiplevel, rewardpoints) VALUES (370, 'user_370_vujane', '68f3fb635004ea093a89a206c70a99724a78375190258e678c172a8116aaac9b', 'Kim Cương', 2296);
INSERT INTO Movie_Account (customerid, username, password_hash, membershiplevel, rewardpoints) VALUES (371, 'user_371_johnmai', 'a4023b7686945c50f45d08cb30f94764877dab80e40c4b7cb3446838bdb1ab4d', 'Bạc', 4035);
INSERT INTO Movie_Account (customerid, username, password_hash, membershiplevel, rewardpoints) VALUES (372, 'user_372_johndang', 'b3d298271c031de320e6873b5b3f903c50bdc366312ff57c61e4381804c33ee3', 'Đồng', 3481);
INSERT INTO Movie_Account (customerid, username, password_hash, membershiplevel, rewardpoints) VALUES (373, 'user_373_buijane', '5b0d6d4040c84e8e93a59bc3965ad9868e443855475b8b92d67c63b5ce899f96', 'Kim Cương', 4502);
INSERT INTO Movie_Account (customerid, username, password_hash, membershiplevel, rewardpoints) VALUES (374, 'user_374_lejohn', '0985a3a63987e18b2f3ac5aef462ce2daaaecd2d81e710a4940ffea6ccd30b87', 'Kim Cương', 4340);
INSERT INTO Movie_Account (customerid, username, password_hash, membershiplevel, rewardpoints) VALUES (375, 'user_375_janenguyen', 'f306790975be6716b487e577a46e53807df98a10a51fb542363105da18bd4e8b', 'Kim Cương', 3182);
INSERT INTO Movie_Account (customerid, username, password_hash, membershiplevel, rewardpoints) VALUES (376, 'user_376_jane09', '493e03689805e31f4443d6bd5445b76b5daf46ceef27f1b535fbf491afd0ecdb', 'Vàng', 758);
INSERT INTO Movie_Account (customerid, username, password_hash, membershiplevel, rewardpoints) VALUES (377, 'user_377_johnpham', '042a67494cf6234db7c01d98d1f966b20d2ce83fdfce7148b4451cf4479c18c3', 'Vàng', 2894);
INSERT INTO Movie_Account (customerid, username, password_hash, membershiplevel, rewardpoints) VALUES (378, 'user_378_janevu', 'c9a74535efa10bf56edc4e1b7a87da6724ee107c52a1daef09018118f9889a81', 'Vàng', 907);
INSERT INTO Movie_Account (customerid, username, password_hash, membershiplevel, rewardpoints) VALUES (379, 'user_379_johnmai', '380d069283fddbb8365359c167ce282f0a61d7987bbaeec150cd2861e245098d', 'Bạc', 4122);
INSERT INTO Movie_Account (customerid, username, password_hash, membershiplevel, rewardpoints) VALUES (380, 'user_380_cpham', '659e64aa72f7709871d1edf6eb74162a72c0b183a67d0c340b4a3e4c7872f84e', 'Kim Cương', 3797);
INSERT INTO Movie_Account (customerid, username, password_hash, membershiplevel, rewardpoints) VALUES (381, 'user_381_cmai', '499d4a7f084be0ba1125b330ddc3001b4c121f98b60310b786109ef67b3d8cac', 'Đồng', 4493);
INSERT INTO Movie_Account (customerid, username, password_hash, membershiplevel, rewardpoints) VALUES (382, 'user_382_johnmai', '767164e760f9a534d3fda05470bef7dc667db09c42307365194aff3455349e94', 'Đồng', 265);
INSERT INTO Movie_Account (customerid, username, password_hash, membershiplevel, rewardpoints) VALUES (383, 'user_383_phamjane', '82f97418be01696c72580e6a0edf6dd6164eb978a6503e2ce3632f70f0ecb5cc', 'Đồng', 1330);
INSERT INTO Movie_Account (customerid, username, password_hash, membershiplevel, rewardpoints) VALUES (384, 'user_384_rnguyen', 'e332ccc87b6fc30c1fc41ec29ad17a94c636d792e1807d3f807fa40b5ea7fec9', 'Vàng', 3937);
INSERT INTO Movie_Account (customerid, username, password_hash, membershiplevel, rewardpoints) VALUES (385, 'user_385_johntran', '1bbaebb68e499ec8ca7ea6ab0d0dab47a4fa35192706e09d8d7d36b2e536486b', 'Đồng', 4337);
INSERT INTO Movie_Account (customerid, username, password_hash, membershiplevel, rewardpoints) VALUES (386, 'user_386_janevu', '69282130e605b1cd290ac501fbe30a9fbfe5e84ea4b642489fc4fc241d7cea33', 'Vàng', 195);
INSERT INTO Movie_Account (customerid, username, password_hash, membershiplevel, rewardpoints) VALUES (387, 'user_387_johnvu', '1dba5224606d9bf7b67f8e75c4c0412e10920008494e78ced0ba2958cd43aef0', 'Đồng', 3712);
INSERT INTO Movie_Account (customerid, username, password_hash, membershiplevel, rewardpoints) VALUES (388, 'user_388_ktran', 'eec7bb448de5f6e61bbd29f5de092f6873f1372d881be0916a56a22ebe599fa3', 'Kim Cương', 1438);
INSERT INTO Movie_Account (customerid, username, password_hash, membershiplevel, rewardpoints) VALUES (389, 'user_389_johntran', '15ddf468a390a92b0ccac34bce1bae057d4a204a37edb7b96922d9d83143afe0', 'Đồng', 2190);
INSERT INTO Movie_Account (customerid, username, password_hash, membershiplevel, rewardpoints) VALUES (390, 'user_390_johntran', '2da6cab67ba41d5f875e7c21ede7b1450f781c60f57acf2a63b2f249ec24772f', 'Vàng', 909);
INSERT INTO Movie_Account (customerid, username, password_hash, membershiplevel, rewardpoints) VALUES (391, 'user_391_evu', '500519798da87fe30fe70287f7fd3702daa370e565fbbe31d880defffb6e8841', 'Kim Cương', 3173);
INSERT INTO Movie_Account (customerid, username, password_hash, membershiplevel, rewardpoints) VALUES (392, 'user_392_tnguyen', '22063ea8fe8ec355f114c4119e2ef10c7d203f89c5ef19fdab1c6a93648fbf2b', 'Bạc', 2256);
INSERT INTO Movie_Account (customerid, username, password_hash, membershiplevel, rewardpoints) VALUES (393, 'user_393_johnvu', '7906bde335d2c5a4d268738b851a7b7e010e63dcfcbb94c3743c047044fc2f58', 'Vàng', 2064);
INSERT INTO Movie_Account (customerid, username, password_hash, membershiplevel, rewardpoints) VALUES (394, 'user_394_jane37', 'a5511b48095bb4364d3fe45a9597418be1eeb5744939ee7d96e0e817ac9dbb58', 'Kim Cương', 3197);
INSERT INTO Movie_Account (customerid, username, password_hash, membershiplevel, rewardpoints) VALUES (395, 'user_395_janeduong', '87556e92495678be0d71a26e275f09c34e3cb279137d0694d82cade1e93c5e72', 'Vàng', 1075);
INSERT INTO Movie_Account (customerid, username, password_hash, membershiplevel, rewardpoints) VALUES (396, 'user_396_john91', 'd932cc00f90e5f63cace1230dd3437baadfd71d4ecec5fac9f80d8819f23941e', 'Vàng', 1267);
INSERT INTO Movie_Account (customerid, username, password_hash, membershiplevel, rewardpoints) VALUES (397, 'user_397_nguyenjohn', '85d57b128013ac89ae244cd0c1f44bb9ea3b654f95ce97ae467fff24877c0625', 'Đồng', 1857);
INSERT INTO Movie_Account (customerid, username, password_hash, membershiplevel, rewardpoints) VALUES (398, 'user_398_maijane', 'd8aae306ff51ea46f3a46eadef18bbabcd0cf7698aad4845b11d32a4db1e2da6', 'Kim Cương', 584);
INSERT INTO Movie_Account (customerid, username, password_hash, membershiplevel, rewardpoints) VALUES (399, 'user_399_janevu', '338c8758455d99f10f3a9288989d761d66555b29449f3a2f9b14f23e8561ba52', 'Vàng', 974);
INSERT INTO Movie_Account (customerid, username, password_hash, membershiplevel, rewardpoints) VALUES (400, 'user_400_john93', 'f104db93aedd95178bbf2626a5b95dbef2a6394b150071b38886aa8db8c02707', 'Kim Cương', 1004);
INSERT INTO Movie_Account (customerid, username, password_hash, membershiplevel, rewardpoints) VALUES (401, 'user_401_john08', '728e93b8a2898d79580714a9903fecbecb6141f83a3eb4c6b19e849b598fb5e3', 'Kim Cương', 667);
INSERT INTO Movie_Account (customerid, username, password_hash, membershiplevel, rewardpoints) VALUES (402, 'user_402_jane72', '672ff169489628d7ef18f5d194e7bfb90268d7d13d2a22e2be54b715ee547b19', 'Bạc', 1180);
INSERT INTO Movie_Account (customerid, username, password_hash, membershiplevel, rewardpoints) VALUES (403, 'user_403_ole', 'f96c3272d7a340d8b04d64aa212a7f54480edef2f63cb62b411d1af96f716fce', 'Kim Cương', 4690);
INSERT INTO Movie_Account (customerid, username, password_hash, membershiplevel, rewardpoints) VALUES (404, 'user_404_janevu', '854766604a3319afb351936bad1fa1853a309301dd3b3092769be81a66ce12db', 'Bạc', 4955);
INSERT INTO Movie_Account (customerid, username, password_hash, membershiplevel, rewardpoints) VALUES (405, 'user_405_eduong', '1545cf88a258e139c5493672b4f380209e40131e245d704b61d5a1ff44c5b312', 'Vàng', 949);
INSERT INTO Movie_Account (customerid, username, password_hash, membershiplevel, rewardpoints) VALUES (406, 'user_406_janedang', '814eb0f4036c935b2e92f19af950afd160e07757f890ce77fa54d427a50bfe39', 'Kim Cương', 1808);
INSERT INTO Movie_Account (customerid, username, password_hash, membershiplevel, rewardpoints) VALUES (407, 'user_407_phamjane', '453266479956de52eef69f1d2c173d5e331ad19fe10b3d37f1bc54673b5987e9', 'Vàng', 4705);
INSERT INTO Movie_Account (customerid, username, password_hash, membershiplevel, rewardpoints) VALUES (408, 'user_408_maijane', '387fa00f5d0e1c8d4e192f7480fc99e3e546467cb3cb439cc8d15beee6f8e8a4', 'Đồng', 1731);
INSERT INTO Movie_Account (customerid, username, password_hash, membershiplevel, rewardpoints) VALUES (409, 'user_409_maijohn', '534a2c4b0e2f873ce2fdb105ac3f8d9333d1899b74f8a1800c8892f005a34581', 'Bạc', 3504);
INSERT INTO Movie_Account (customerid, username, password_hash, membershiplevel, rewardpoints) VALUES (410, 'user_410_zduong', '5eea93b0840de106a269ae0ccedda18ee1d8e9df816f5b00e57ab69889fe1611', 'Đồng', 4060);
INSERT INTO Movie_Account (customerid, username, password_hash, membershiplevel, rewardpoints) VALUES (411, 'user_411_mvu', '665725606422f61489da6e60adb5dc8225e0f87c6afb5e34637ce9534c7d4f0d', 'Bạc', 4528);
INSERT INTO Movie_Account (customerid, username, password_hash, membershiplevel, rewardpoints) VALUES (412, 'user_412_duongjane', '95ca706c4f4ea2b07cfdfe49a6786053a79c5561fe67dd4e2fac6455a0480925', 'Đồng', 1686);
INSERT INTO Movie_Account (customerid, username, password_hash, membershiplevel, rewardpoints) VALUES (413, 'user_413_janeduong', 'dbb6217967566a3be23c7dd0035f5c142d1de8c3a12bd14ebddef0c465904205', 'Vàng', 121);
INSERT INTO Movie_Account (customerid, username, password_hash, membershiplevel, rewardpoints) VALUES (414, 'user_414_jane16', '18c19cff85d59978f01bce7c43dddf9ac750ed20e3313d845bf1a65490067edf', 'Kim Cương', 1111);
INSERT INTO Movie_Account (customerid, username, password_hash, membershiplevel, rewardpoints) VALUES (415, 'user_415_dangjohn', '067b4dbc72d533ee49e95ead90746cc94fe6258fba7165084aaee114b5266ce8', 'Bạc', 4146);
INSERT INTO Movie_Account (customerid, username, password_hash, membershiplevel, rewardpoints) VALUES (416, 'user_416_kle', '589f7651e56620ec100cf4555e9f0766631d7999243daae20867569c557d6334', 'Kim Cương', 4694);
INSERT INTO Movie_Account (customerid, username, password_hash, membershiplevel, rewardpoints) VALUES (417, 'user_417_bvu', 'ddc031f32be827849b1cf7d0543f30ec53a2fd69fc452d470b2e390819866e0d', 'Đồng', 1471);
INSERT INTO Movie_Account (customerid, username, password_hash, membershiplevel, rewardpoints) VALUES (418, 'user_418_phoang', 'cee4728a838d35ec1267eb0269d7787f24d8aadfafee08cb2cb70865f4972678', 'Vàng', 2023);
INSERT INTO Movie_Account (customerid, username, password_hash, membershiplevel, rewardpoints) VALUES (419, 'user_419_janevu', '676cf789867834ac25e661bbb44927c88962e46bb8a6b6c22c4fb1b7035ac9e6', 'Vàng', 1358);
INSERT INTO Movie_Account (customerid, username, password_hash, membershiplevel, rewardpoints) VALUES (420, 'user_420_vle', 'd1f4ba9af4777fd30fde1cd397f8a53c1a28ebbd72287706be1e6798f4a20969', 'Bạc', 2296);
INSERT INTO Movie_Account (customerid, username, password_hash, membershiplevel, rewardpoints) VALUES (421, 'user_421_johnle', '5a61ab26e485f4c4651c496e5925766e4479110c142488f687ad55eefd434c10', 'Kim Cương', 1869);
INSERT INTO Movie_Account (customerid, username, password_hash, membershiplevel, rewardpoints) VALUES (422, 'user_422_zmai', 'b99b825b6a4926f75f9cbcd6636dd35433aed6182885a6f9c655c319b04083f4', 'Bạc', 1698);
INSERT INTO Movie_Account (customerid, username, password_hash, membershiplevel, rewardpoints) VALUES (423, 'user_423_phamjohn', '7fb0b549c20b429d9111997a45f292930d6eff19cbbecfd539b38fd04075a483', 'Đồng', 887);
INSERT INTO Movie_Account (customerid, username, password_hash, membershiplevel, rewardpoints) VALUES (424, 'user_424_janele', '1622551c681a43f40cabb6a8b57230b97a26736267b2307e75205c98cb9120c8', 'Bạc', 2372);
INSERT INTO Movie_Account (customerid, username, password_hash, membershiplevel, rewardpoints) VALUES (425, 'user_425_maijohn', 'e24468a9e5014265b572ec245d8f4ff3e5214ba4feff336994cfe1f5d00777b0', 'Vàng', 4182);
INSERT INTO Movie_Account (customerid, username, password_hash, membershiplevel, rewardpoints) VALUES (426, 'user_426_johnvu', '3871f24091f503b0da7566ea9a5821aeb92f7118919a0430353b524e4eb21668', 'Bạc', 2665);
INSERT INTO Movie_Account (customerid, username, password_hash, membershiplevel, rewardpoints) VALUES (427, 'user_427_nguyenjohn', 'adcb46eaa4bfa46eb7111c8faf7efabe4c432591b7bf81575d4d9144772a9741', 'Kim Cương', 4859);
INSERT INTO Movie_Account (customerid, username, password_hash, membershiplevel, rewardpoints) VALUES (428, 'user_428_ivu', 'd603ea472c5ff126b66f973eab4fafd3d1b49652982e947f98bac237d9618dd4', 'Vàng', 4058);
INSERT INTO Movie_Account (customerid, username, password_hash, membershiplevel, rewardpoints) VALUES (429, 'user_429_janedang', '7e3c2e9da1a4436dffd3a5f2e4b1d81026e158c1e6550f6d42da14f49c9e4fbd', 'Bạc', 2640);
INSERT INTO Movie_Account (customerid, username, password_hash, membershiplevel, rewardpoints) VALUES (430, 'user_430_buijane', '9fe02374d4e27505f65682877fe544925c49668eddf5a98687e81fee93d40d6d', 'Kim Cương', 2831);
INSERT INTO Movie_Account (customerid, username, password_hash, membershiplevel, rewardpoints) VALUES (431, 'user_431_john01', '119bb1cc68cff3c6666acedf34cf3cd7e879ce2413482737c91322505f793af4', 'Kim Cương', 195);
INSERT INTO Movie_Account (customerid, username, password_hash, membershiplevel, rewardpoints) VALUES (432, 'user_432_hoangjane', '56e68c40191d682e74a9b709ba37ccd232c7b2ece26b2998fa88498699f3aeaa', 'Bạc', 4241);
INSERT INTO Movie_Account (customerid, username, password_hash, membershiplevel, rewardpoints) VALUES (433, 'user_433_johnpham', 'ffdf42cf4cce468b8f06e4195b2bd2c6338d74937e67b2f4b3fc5cda29538df1', 'Vàng', 579);
INSERT INTO Movie_Account (customerid, username, password_hash, membershiplevel, rewardpoints) VALUES (434, 'user_434_duongjane', '84254be7877e483abd0056fd09a7f7aa8492425f90e10956ae7d604476d39094', 'Kim Cương', 4648);
INSERT INTO Movie_Account (customerid, username, password_hash, membershiplevel, rewardpoints) VALUES (435, 'user_435_johnduong', '84f4ab2565a831350e69252bc8cce5ec22c0cd6e344c7eced49c3c5e5f41d1de', 'Đồng', 4866);
INSERT INTO Movie_Account (customerid, username, password_hash, membershiplevel, rewardpoints) VALUES (436, 'user_436_wvu', '72964fe283d7e62c12c73251f872db508cad6bbe7c66a7f6396b542ab63f2236', 'Vàng', 369);
INSERT INTO Movie_Account (customerid, username, password_hash, membershiplevel, rewardpoints) VALUES (437, 'user_437_jane22', 'dd98a8f17dc466af36d58891a8bb07d574862a38e8156404ee102252783072a3', 'Bạc', 2977);
INSERT INTO Movie_Account (customerid, username, password_hash, membershiplevel, rewardpoints) VALUES (438, 'user_438_janehoang', '2666a3acdf6df9bb27f3ad9eb8a656d12ec96d1597af9d7e41646d9116b3630d', 'Đồng', 3976);
INSERT INTO Movie_Account (customerid, username, password_hash, membershiplevel, rewardpoints) VALUES (439, 'user_439_john10', '2ef0fa65739535583083b1b860d7d21ea08fadd3f5ccb4dac3d13be783aeb300', 'Kim Cương', 2323);
INSERT INTO Movie_Account (customerid, username, password_hash, membershiplevel, rewardpoints) VALUES (440, 'user_440_johnmai', '3dad5b1bcd1050c5d0ea6e66dc8a0f9898d5a9b82257f4825395b6f2f63c7156', 'Kim Cương', 410);
INSERT INTO Movie_Account (customerid, username, password_hash, membershiplevel, rewardpoints) VALUES (441, 'user_441_xhoang', 'bd4a76ddadc7b15f69d089889840f2b4f328c1c77482e6e9a5252df802f483b6', 'Vàng', 294);
INSERT INTO Movie_Account (customerid, username, password_hash, membershiplevel, rewardpoints) VALUES (442, 'user_442_duongjohn', '1e622d1f0f72e5fc3cc70037af930ff79f1089b3d880dd12712aa91d57a8e19b', 'Vàng', 537);
INSERT INTO Movie_Account (customerid, username, password_hash, membershiplevel, rewardpoints) VALUES (443, 'user_443_johnhoang', 'af83a59b82c8373abf4e98a605a2c37b7b5055be6a197e8988e8e9b9b25c8368', 'Kim Cương', 1536);
INSERT INTO Movie_Account (customerid, username, password_hash, membershiplevel, rewardpoints) VALUES (444, 'user_444_john82', '7e7c92611c095e78346a45495bc74ae6d94f79d681d685c1256dcfbb8c7d79eb', 'Kim Cương', 1080);
INSERT INTO Movie_Account (customerid, username, password_hash, membershiplevel, rewardpoints) VALUES (445, 'user_445_jane74', '0f8ae3b0c3e1d884fdf2867cd689d9cc04f34ff9833853b71c8f1a43ec907408', 'Bạc', 2854);
INSERT INTO Movie_Account (customerid, username, password_hash, membershiplevel, rewardpoints) VALUES (446, 'user_446_rpham', '4bcb03b12873e8cbe871a2a99c10c1e6a227879bcef68bb03f483a81ffdf4f88', 'Kim Cương', 1360);
INSERT INTO Movie_Account (customerid, username, password_hash, membershiplevel, rewardpoints) VALUES (447, 'user_447_umai', '5534222c1b5a6a20a1e95e205300f67c6daacd77ee00fe76e6aceb6e9acff977', 'Vàng', 15);
INSERT INTO Movie_Account (customerid, username, password_hash, membershiplevel, rewardpoints) VALUES (448, 'user_448_john40', 'ee9dce234381b8a5edcb87e43f2ca01b565e7b313b414f2c3db69908596137ab', 'Kim Cương', 4446);
INSERT INTO Movie_Account (customerid, username, password_hash, membershiplevel, rewardpoints) VALUES (449, 'user_449_hmai', '60dbb0e438ac61c71476d96f758a7d425db02891d5a8752080fe049753ad50a6', 'Vàng', 4532);
INSERT INTO Movie_Account (customerid, username, password_hash, membershiplevel, rewardpoints) VALUES (450, 'user_450_sduong', '27cedd9c4dcf67a97bf318bb0bad80262d48300449e41e63f6d79f64683f4a1a', 'Bạc', 728);
INSERT INTO Movie_Account (customerid, username, password_hash, membershiplevel, rewardpoints) VALUES (451, 'user_451_janebui', 'ca8f9bbecbbc4e12728e9340c9518d056e85c50fc2a675e61f51e9b31277abf1', 'Kim Cương', 766);
INSERT INTO Movie_Account (customerid, username, password_hash, membershiplevel, rewardpoints) VALUES (452, 'user_452_duongjane', '0368d6f033da275a93c9bd0b38a6f4237ed90183dba5dac44d8908f4f38d4b97', 'Vàng', 3069);
INSERT INTO Movie_Account (customerid, username, password_hash, membershiplevel, rewardpoints) VALUES (453, 'user_453_nguyenjane', 'c2d38a1e4debe69a16762025634a62c7538b6f22951cff054510b526cd563919', 'Đồng', 3239);
INSERT INTO Movie_Account (customerid, username, password_hash, membershiplevel, rewardpoints) VALUES (454, 'user_454_ivu', '69151e056acb51b0c717ae672b6e79c371a1afb1d8388af4ab1bb26a3a8a7997', 'Kim Cương', 4465);
INSERT INTO Movie_Account (customerid, username, password_hash, membershiplevel, rewardpoints) VALUES (455, 'user_455_vujohn', '7de1d960d47328e19fc3ff258b474b48f0ba5e55835bde6a2a36c283d28669f5', 'Vàng', 603);
INSERT INTO Movie_Account (customerid, username, password_hash, membershiplevel, rewardpoints) VALUES (456, 'user_456_hmai', '3a8f3ded76bbdb90a5dbf863730bcdb8702e86ba93e962580cef555a03ff8342', 'Đồng', 2281);
INSERT INTO Movie_Account (customerid, username, password_hash, membershiplevel, rewardpoints) VALUES (457, 'user_457_john16', '7e1a3e34910113b0712fe875ed69735359210422484daa1689c36d40d9138a7c', 'Đồng', 1908);
INSERT INTO Movie_Account (customerid, username, password_hash, membershiplevel, rewardpoints) VALUES (458, 'user_458_lnguyen', '6df8a538b16c998069041f321660c8342922424fb5f3edc1764dc4766d6d2b90', 'Kim Cương', 2369);
INSERT INTO Movie_Account (customerid, username, password_hash, membershiplevel, rewardpoints) VALUES (459, 'user_459_wtran', '6fec536c8b50d599bd9e2a084d357eba44cc90cda16c3c171250e379d91d3342', 'Vàng', 2716);
INSERT INTO Movie_Account (customerid, username, password_hash, membershiplevel, rewardpoints) VALUES (460, 'user_460_janepham', 'c414b716144d7eacb5b45ce7759a010170c4d7995e9d53b84149371b0c6fdcb1', 'Kim Cương', 812);
INSERT INTO Movie_Account (customerid, username, password_hash, membershiplevel, rewardpoints) VALUES (461, 'user_461_vujohn', 'abe8df930213109ab285c6c401c305f5fc704ebf7893ec2e9e549eefd0d8eca7', 'Đồng', 590);
INSERT INTO Movie_Account (customerid, username, password_hash, membershiplevel, rewardpoints) VALUES (462, 'user_462_jane56', '82b4285cc5ef456892028e43e41a8cf520b3df28be9f4e76aec9f79e3df5a474', 'Bạc', 3849);
INSERT INTO Movie_Account (customerid, username, password_hash, membershiplevel, rewardpoints) VALUES (463, 'user_463_john14', 'f67e63014bc23b9ae32dd7ce6edd2d8213096be0af09daf76c81e90543f03bfa', 'Bạc', 1953);
INSERT INTO Movie_Account (customerid, username, password_hash, membershiplevel, rewardpoints) VALUES (464, 'user_464_yvu', 'fcc5839aab670c6e08166de2a82bc46de2f114a1d8ae03864f2d207c9e3238cc', 'Đồng', 1377);
INSERT INTO Movie_Account (customerid, username, password_hash, membershiplevel, rewardpoints) VALUES (465, 'user_465_hoangjane', '9969419dfc8a07d476c26ce8268b963b7b311754ec1ed866a0dbc495321bbf90', 'Đồng', 2756);
INSERT INTO Movie_Account (customerid, username, password_hash, membershiplevel, rewardpoints) VALUES (466, 'user_466_johnhoang', '33eeec945ca961bd804a4f7f79ef1747dc15553d2816f7e3dd6e1ff20a5dbe3d', 'Đồng', 2310);
INSERT INTO Movie_Account (customerid, username, password_hash, membershiplevel, rewardpoints) VALUES (467, 'user_467_janehoang', '97b65248dc12041a1f0f651f0714076ad7d445de2ad4c955621ba639eabbe1bb', 'Vàng', 2821);
INSERT INTO Movie_Account (customerid, username, password_hash, membershiplevel, rewardpoints) VALUES (468, 'user_468_sbui', 'bb7497ccde8ee814c188d6f6a82650179d8771f9247759e3417f2d7491d5b1e5', 'Kim Cương', 2483);
INSERT INTO Movie_Account (customerid, username, password_hash, membershiplevel, rewardpoints) VALUES (469, 'user_469_janeduong', '9955aec3baef55a8a53795339952fdd5822b125f6d2f68701d46008e2937a17f', 'Đồng', 416);
INSERT INTO Movie_Account (customerid, username, password_hash, membershiplevel, rewardpoints) VALUES (470, 'user_470_janenguyen', '153ac8563f41b8f87d50276f9efc006ea0477500b7cd14c9f94d8072a3d7c61d', 'Kim Cương', 2302);
INSERT INTO Movie_Account (customerid, username, password_hash, membershiplevel, rewardpoints) VALUES (471, 'user_471_phamjohn', '051152d97e84822edb7a26c4e69769a823c507b4e08e7af8fbe4382d716d349d', 'Bạc', 2775);
INSERT INTO Movie_Account (customerid, username, password_hash, membershiplevel, rewardpoints) VALUES (472, 'user_472_jane25', 'f9fd89385117bc42aad209a2db2f118f82171d28ca275fbd4447a86781147b06', 'Bạc', 554);
INSERT INTO Movie_Account (customerid, username, password_hash, membershiplevel, rewardpoints) VALUES (473, 'user_473_jane42', '06a85294db84e723274a7fec59d20eb8911bbb636d249c7d4fb06251ef17d62c', 'Bạc', 1776);
INSERT INTO Movie_Account (customerid, username, password_hash, membershiplevel, rewardpoints) VALUES (474, 'user_474_knguyen', '59141c75e2f1a2d67348a8ac8dc9855256552fbd13ba6135a859c9430497c701', 'Bạc', 1718);
INSERT INTO Movie_Account (customerid, username, password_hash, membershiplevel, rewardpoints) VALUES (475, 'user_475_jane37', 'c05f2177640c92a84d435e6c7531832e592ffe1faf9272f5c602aef77b87f1a1', 'Kim Cương', 4045);
INSERT INTO Movie_Account (customerid, username, password_hash, membershiplevel, rewardpoints) VALUES (476, 'user_476_jane40', '8930d89334e194f2ff73d7926901bf1d99029679c4ee59eb7a502e2e40d4b7aa', 'Bạc', 1948);
INSERT INTO Movie_Account (customerid, username, password_hash, membershiplevel, rewardpoints) VALUES (477, 'user_477_buijohn', '7521d10d38f0294b14686b7f41fb1223864e239b0e2b49a1d822fa3d8c1a4289', 'Bạc', 3868);
INSERT INTO Movie_Account (customerid, username, password_hash, membershiplevel, rewardpoints) VALUES (478, 'user_478_lmai', '3a1357669089f4be402bbab63a89fc3e9ed3710ae310ab24f1df710d2aa534b0', 'Bạc', 1273);
INSERT INTO Movie_Account (customerid, username, password_hash, membershiplevel, rewardpoints) VALUES (479, 'user_479_vujohn', '6e8b9520bce06925f2bd51b4150efe78f4746d92ca3ccb6f6c077de73bc83e2a', 'Đồng', 2996);
INSERT INTO Movie_Account (customerid, username, password_hash, membershiplevel, rewardpoints) VALUES (480, 'user_480_jane71', '2050222946e862a95cb86b02ba564cdd919117acc4459a8c9f8cc1e71ab57d55', 'Đồng', 181);
INSERT INTO Movie_Account (customerid, username, password_hash, membershiplevel, rewardpoints) VALUES (481, 'user_481_phamjane', '753f0c1d3aea3daaf3955ef7274a74c6d66b8b8d2dbdb8b1562392f4a77cb1a9', 'Đồng', 4551);
INSERT INTO Movie_Account (customerid, username, password_hash, membershiplevel, rewardpoints) VALUES (482, 'user_482_buijane', '714a51c8e50218716f6600c10088645fbe2362d6ad4c07921c0c14fa41cb57de', 'Kim Cương', 1855);
INSERT INTO Movie_Account (customerid, username, password_hash, membershiplevel, rewardpoints) VALUES (483, 'user_483_phamjane', '7f9f64f0e3025564101b1feffb26df5183c855128d924be2abfac2ea7f6ba779', 'Kim Cương', 2749);
INSERT INTO Movie_Account (customerid, username, password_hash, membershiplevel, rewardpoints) VALUES (484, 'user_484_vujohn', 'a78e07e0620114a1a7e17a87c439cbf1a5c873c12e2aae3428f28870b3bff772', 'Kim Cương', 4106);
INSERT INTO Movie_Account (customerid, username, password_hash, membershiplevel, rewardpoints) VALUES (485, 'user_485_john10', 'f04e0c2dfaaf5ca28faa5e9a0710a7a3a2c1166389abfa41450be00bc3aa61ce', 'Đồng', 4896);
INSERT INTO Movie_Account (customerid, username, password_hash, membershiplevel, rewardpoints) VALUES (486, 'user_486_johnbui', '7f64d4ba4daf43ac6a81b71282b2d065b8d5aacb311b96c574b302f43c579640', 'Vàng', 2164);
INSERT INTO Movie_Account (customerid, username, password_hash, membershiplevel, rewardpoints) VALUES (487, 'user_487_buijane', '8ce96c7f74f41c41bdec4362177289f3368bf51b0e163a4762835c6d1f92a9b0', 'Vàng', 3082);
INSERT INTO Movie_Account (customerid, username, password_hash, membershiplevel, rewardpoints) VALUES (488, 'user_488_janeduong', '2c66ec2743366b5ba092cf5da575a0838797228d9e44c671383b2d80572af461', 'Vàng', 2483);
INSERT INTO Movie_Account (customerid, username, password_hash, membershiplevel, rewardpoints) VALUES (489, 'user_489_hoangjohn', '897bcca3c489ae61826409bc476290ce7b068295299a445f09948973f41c3a88', 'Kim Cương', 1742);
INSERT INTO Movie_Account (customerid, username, password_hash, membershiplevel, rewardpoints) VALUES (490, 'user_490_duongjane', '2fbbfe5f5937bd0ba64fbb19742abeb065fc684c509f2842de52353ac4dd1025', 'Kim Cương', 4925);
INSERT INTO Movie_Account (customerid, username, password_hash, membershiplevel, rewardpoints) VALUES (491, 'user_491_kpham', 'd07e38f19a1b9242d74cbc4399933ae4b6b741d213b908f1001f6ac77bf63d54', 'Kim Cương', 200);
INSERT INTO Movie_Account (customerid, username, password_hash, membershiplevel, rewardpoints) VALUES (492, 'user_492_pmai', 'e7ed34d0dae9121d5ba26d025515af3f01f02c286caa73fb4cdcc4a0462286b1', 'Đồng', 3284);
INSERT INTO Movie_Account (customerid, username, password_hash, membershiplevel, rewardpoints) VALUES (493, 'user_493_obui', '96bb48a5167733902c32d75d863e805fc68a717b5a02dfa7ee91c44027c333d1', 'Kim Cương', 4043);
INSERT INTO Movie_Account (customerid, username, password_hash, membershiplevel, rewardpoints) VALUES (494, 'user_494_phamjane', 'b75d046ef0855b8945a35c8448ac60058c7a2c86a02411001423d04893727eac', 'Vàng', 2734);
INSERT INTO Movie_Account (customerid, username, password_hash, membershiplevel, rewardpoints) VALUES (495, 'user_495_johnvu', '1cd61ac7b6b6fae984f706310d2b8494a1f377c54a1133b8d4326d68a6c5e715', 'Vàng', 3823);
INSERT INTO Movie_Account (customerid, username, password_hash, membershiplevel, rewardpoints) VALUES (496, 'user_496_xbui', 'fdffb2da6110a9fb98b0645ce166157d4ca89a0a1369bd8682ce4e7d3256fd88', 'Đồng', 1353);
INSERT INTO Movie_Account (customerid, username, password_hash, membershiplevel, rewardpoints) VALUES (497, 'user_497_pdang', 'dbe521d4f645ffac5587896fad559f5dd135b631852e97949e53d0f51af6dbed', 'Vàng', 3742);
INSERT INTO Movie_Account (customerid, username, password_hash, membershiplevel, rewardpoints) VALUES (498, 'user_498_jane39', '60e3926c9bf06017cf2db7c3f1d802750265d62d3a5f9dca55507e2927e8f433', 'Bạc', 90);
INSERT INTO Movie_Account (customerid, username, password_hash, membershiplevel, rewardpoints) VALUES (499, 'user_499_nguyenjohn', '8957a7beaf6f5a26cf3956d7e7cabc93a4806e89afe2ff437e43e27ae048c24a', 'Bạc', 4385);
INSERT INTO Movie_Account (customerid, username, password_hash, membershiplevel, rewardpoints) VALUES (500, 'user_500_yvu', 'fc5ff7c0f5eb8b7c274f47834683a805758c3859be8d1e3d0c05183fdf2153f3', 'Kim Cương', 4556);

-- === 2. BẢNG MANAGER (30 DÒNG) === --
INSERT INTO Manager (fullname, dateofbirth) VALUES ('Vũ Hải Lan', '1990-11-22');
INSERT INTO Manager (fullname, dateofbirth) VALUES ('Võ Xuân Hoa', '1973-10-23');
INSERT INTO Manager (fullname, dateofbirth) VALUES ('Phan Tuấn Ngọc', '1974-04-04');
INSERT INTO Manager (fullname, dateofbirth) VALUES ('Phan Minh Ngọc', '1977-08-17');
INSERT INTO Manager (fullname, dateofbirth) VALUES ('Lê Đức Việt', '1987-10-08');
INSERT INTO Manager (fullname, dateofbirth) VALUES ('Nguyễn Anh Hoa', '1989-03-18');
INSERT INTO Manager (fullname, dateofbirth) VALUES ('Huỳnh Hữu Dũng', '1976-02-20');
INSERT INTO Manager (fullname, dateofbirth) VALUES ('Hồ Bảo Hoa', '1980-12-28');
INSERT INTO Manager (fullname, dateofbirth) VALUES ('Phạm Tuấn Đạt', '1993-11-24');
INSERT INTO Manager (fullname, dateofbirth) VALUES ('Phạm Thúy Phong', '1993-08-25');
INSERT INTO Manager (fullname, dateofbirth) VALUES ('Phan Gia Cường', '1988-01-18');
INSERT INTO Manager (fullname, dateofbirth) VALUES ('Dương Bảo Linh', '1980-07-29');
INSERT INTO Manager (fullname, dateofbirth) VALUES ('Ngô Đức Nam', '1983-11-11');
INSERT INTO Manager (fullname, dateofbirth) VALUES ('Phạm Thanh Trang', '1997-05-08');
INSERT INTO Manager (fullname, dateofbirth) VALUES ('Trần Đức Nam', '1991-11-25');
INSERT INTO Manager (fullname, dateofbirth) VALUES ('Huỳnh Tuấn Hải', '1991-02-26');
INSERT INTO Manager (fullname, dateofbirth) VALUES ('Lê Thu Đạt', '1984-08-29');
INSERT INTO Manager (fullname, dateofbirth) VALUES ('Hoàng Thu Dũng', '1986-08-21');
INSERT INTO Manager (fullname, dateofbirth) VALUES ('Lê Ngọc Dũng', '1973-01-20');
INSERT INTO Manager (fullname, dateofbirth) VALUES ('Đỗ Minh Thảo', '1990-12-21');
INSERT INTO Manager (fullname, dateofbirth) VALUES ('Ngô Hữu Nam', '1993-04-13');
INSERT INTO Manager (fullname, dateofbirth) VALUES ('Huỳnh Xuân Ngọc', '1971-07-08');
INSERT INTO Manager (fullname, dateofbirth) VALUES ('Võ Thái Việt', '1988-12-22');
INSERT INTO Manager (fullname, dateofbirth) VALUES ('Đỗ Tuấn Lan', '1978-07-13');
INSERT INTO Manager (fullname, dateofbirth) VALUES ('Lý Văn Đạt', '1986-04-18');
INSERT INTO Manager (fullname, dateofbirth) VALUES ('Lý Thu Trang', '1985-09-03');
INSERT INTO Manager (fullname, dateofbirth) VALUES ('Huỳnh Tuấn Dũng', '1974-09-15');
INSERT INTO Manager (fullname, dateofbirth) VALUES ('Đặng Mai Phong', '1972-05-24');
INSERT INTO Manager (fullname, dateofbirth) VALUES ('Bùi Mai Phong', '1993-11-07');
INSERT INTO Manager (fullname, dateofbirth) VALUES ('Huỳnh Minh Việt', '1991-12-06');

-- === BẢNG MANAGER_CONTACT === --
INSERT INTO Manager_Contact (managerid, phonenumber, email) VALUES (1, '(05) 7095 2718', 'duongjohn@example.net');
INSERT INTO Manager_Contact (managerid, phonenumber, email) VALUES (2, '+84 03 3861840', 'johntran@example.org');
INSERT INTO Manager_Contact (managerid, phonenumber, email) VALUES (3, '02 0727 9468', 'janele@example.net');
INSERT INTO Manager_Contact (managerid, phonenumber, email) VALUES (4, '+84-29-484 6263', 'john03@example.net');
INSERT INTO Manager_Contact (managerid, phonenumber, email) VALUES (5, '+84 60 5164578', 'nguyenjohn@example.org');
INSERT INTO Manager_Contact (managerid, phonenumber, email) VALUES (6, '00 5943747', 'rvu@example.org');
INSERT INTO Manager_Contact (managerid, phonenumber, email) VALUES (7, '+84-65-830 9183', 'john24@example.org');
INSERT INTO Manager_Contact (managerid, phonenumber, email) VALUES (8, '(08)604-6841', 'jane23@example.net');
INSERT INTO Manager_Contact (managerid, phonenumber, email) VALUES (9, '04 6023 1452', 'john97@example.com');
INSERT INTO Manager_Contact (managerid, phonenumber, email) VALUES (10, '+84-48-896492', 'lejane@example.org');
INSERT INTO Manager_Contact (managerid, phonenumber, email) VALUES (11, '(05)760-3194', 'johnle@example.org');
INSERT INTO Manager_Contact (managerid, phonenumber, email) VALUES (12, '+84-96-411672', 'duongjane@example.org');
INSERT INTO Manager_Contact (managerid, phonenumber, email) VALUES (13, '02 2081141', 'johnmai@example.org');
INSERT INTO Manager_Contact (managerid, phonenumber, email) VALUES (14, '+84-94-516352', 'epham@example.org');
INSERT INTO Manager_Contact (managerid, phonenumber, email) VALUES (15, '02 6926 3933', 'johnmai@example.org');
INSERT INTO Manager_Contact (managerid, phonenumber, email) VALUES (16, '+84-07-542665', 'john88@example.com');
INSERT INTO Manager_Contact (managerid, phonenumber, email) VALUES (17, '02 3624 1229', 'gnguyen@example.com');
INSERT INTO Manager_Contact (managerid, phonenumber, email) VALUES (18, '+84 24 5940001', 'johnhoang@example.org');
INSERT INTO Manager_Contact (managerid, phonenumber, email) VALUES (19, '02 7970 3432', 'jane82@example.com');
INSERT INTO Manager_Contact (managerid, phonenumber, email) VALUES (20, '+84-70-464 8923', 'johntran@example.org');
INSERT INTO Manager_Contact (managerid, phonenumber, email) VALUES (21, '+84-02-708 4670', 'john31@example.org');
INSERT INTO Manager_Contact (managerid, phonenumber, email) VALUES (22, '(09) 6005 1687', 'john70@example.com');
INSERT INTO Manager_Contact (managerid, phonenumber, email) VALUES (23, '(01)826-0824', 'duongjane@example.org');
INSERT INTO Manager_Contact (managerid, phonenumber, email) VALUES (24, '(03) 5974 9952', 'janetran@example.com');
INSERT INTO Manager_Contact (managerid, phonenumber, email) VALUES (25, '+84-79-045 6717', 'lejane@example.com');
INSERT INTO Manager_Contact (managerid, phonenumber, email) VALUES (26, '+84-17-898434', 'johnvu@example.net');
INSERT INTO Manager_Contact (managerid, phonenumber, email) VALUES (27, '00 9936363', 'johnle@example.com');
INSERT INTO Manager_Contact (managerid, phonenumber, email) VALUES (28, '+84 82 2250857', 'pmai@example.net');
INSERT INTO Manager_Contact (managerid, phonenumber, email) VALUES (29, '(02) 3783 3723', 'john80@example.org');
INSERT INTO Manager_Contact (managerid, phonenumber, email) VALUES (30, '+84-11-104741', 'johnhoang@example.net');

-- === BẢNG STAFF (150 DÒNG) === --
INSERT INTO Staff (managerid, fullname, role, dateofbirth, address, salary) VALUES (14, 'Lý Văn Phong', 'Soát vé', '1999-02-13', '8 Nguyễn Đường
JohnQuận, 373916', 11000000);
INSERT INTO Staff (managerid, fullname, role, dateofbirth, address, salary) VALUES (6, 'Phạm Thanh Linh', 'Kỹ thuật máy chiếu', '1999-03-11', '3 Phạm Tổ
Quận JohnHuyện, 830342', 15000000);
INSERT INTO Staff (managerid, fullname, role, dateofbirth, address, salary) VALUES (16, 'Trần Anh Linh', 'Bảo vệ', '2001-07-31', '9 Mai Khu
JohnThị xã, 878677', 12000000);
INSERT INTO Staff (managerid, fullname, role, dateofbirth, address, salary) VALUES (9, 'Phạm Đình Hoa', 'Soát vé', '1996-05-16', '4 Nguyễn Đường
Huyện JanePhường, 764587', 7000000);
INSERT INTO Staff (managerid, fullname, role, dateofbirth, address, salary) VALUES (19, 'Dương Hoàng Phong', 'Phục vụ', '1992-01-07', '0 Bùi Số
Thị xã JaneXã, 975724', 7000000);
INSERT INTO Staff (managerid, fullname, role, dateofbirth, address, salary) VALUES (28, 'Dương Thái Huy', 'Bán vé', '1993-04-22', '105 Lê Làng
JohnThành phố, 396467', 5000000);
INSERT INTO Staff (managerid, fullname, role, dateofbirth, address, salary) VALUES (1, 'Nguyễn Tuấn Đạt', 'Bảo vệ', '1992-09-16', '18 Đặng Dãy
Quận JaneXã, 344566', 6000000);
INSERT INTO Staff (managerid, fullname, role, dateofbirth, address, salary) VALUES (25, 'Đặng Xuân Đạt', 'Phục vụ', '2004-10-24', '2 John Làng
JohnHuyện, 509698', 11000000);
INSERT INTO Staff (managerid, fullname, role, dateofbirth, address, salary) VALUES (15, 'Hoàng Thị Huy', 'Kỹ thuật máy chiếu', '1993-10-19', '7 John Làng
Thành phố JaneThành phố, 429849', 10000000);
INSERT INTO Staff (managerid, fullname, role, dateofbirth, address, salary) VALUES (11, 'Vũ Mai Hà', 'Soát vé', '1988-12-31', '4 Nguyễn Dãy
Huyện JohnThành phố, 607059', 12000000);
INSERT INTO Staff (managerid, fullname, role, dateofbirth, address, salary) VALUES (23, 'Phan Thu Linh', 'Soát vé', '1995-11-12', '41 Jane Làng
Thành phố JaneHuyện, 685124', 7000000);
INSERT INTO Staff (managerid, fullname, role, dateofbirth, address, salary) VALUES (8, 'Phạm Tuấn Việt', 'Kỹ thuật máy chiếu', '2000-05-26', '207 Jane Đường
Huyện JaneHuyện, 789954', 14000000);
INSERT INTO Staff (managerid, fullname, role, dateofbirth, address, salary) VALUES (1, 'Bùi Minh Phong', 'Soát vé', '1994-04-12', '27 John Số
JohnHuyện, 728552', 12000000);
INSERT INTO Staff (managerid, fullname, role, dateofbirth, address, salary) VALUES (9, 'Trần Anh Anh', 'Soát vé', '2000-04-16', '0 Lê Ngõ
Thị xã JohnQuận, 877865', 12000000);
INSERT INTO Staff (managerid, fullname, role, dateofbirth, address, salary) VALUES (14, 'Vũ Minh Anh', 'Bán vé', '1991-09-06', 'Thành phố JaneThị xã
8 John Làng, 940194', 5000000);
INSERT INTO Staff (managerid, fullname, role, dateofbirth, address, salary) VALUES (5, 'Đỗ Đức Trang', 'Phục vụ', '1987-06-16', '48 Bùi Số
Quận JohnThành phố, 964164', 5000000);
INSERT INTO Staff (managerid, fullname, role, dateofbirth, address, salary) VALUES (17, 'Đặng Minh Thảo', 'Phục vụ', '1986-04-24', '6 John Ngõ
JohnQuận, 436084', 13000000);
INSERT INTO Staff (managerid, fullname, role, dateofbirth, address, salary) VALUES (16, 'Hoàng Tuấn Thảo', 'Soát vé', '1988-07-10', '2 Vũ Làng
Quận JohnHuyện, 842426', 5000000);
INSERT INTO Staff (managerid, fullname, role, dateofbirth, address, salary) VALUES (5, 'Nguyễn Thúy Việt', 'Phục vụ', '1996-04-01', '0 Đặng Đường
JohnThành phố, 383472', 13000000);
INSERT INTO Staff (managerid, fullname, role, dateofbirth, address, salary) VALUES (12, 'Vũ Bảo Hải', 'Bán vé', '1997-05-11', '209 John Tổ
Quận JaneXã, 129046', 8000000);
INSERT INTO Staff (managerid, fullname, role, dateofbirth, address, salary) VALUES (22, 'Đặng Thái Tuấn', 'Phục vụ', '1998-01-29', '906 Lê Đường
Thành phố JohnThành phố, 613445', 9000000);
INSERT INTO Staff (managerid, fullname, role, dateofbirth, address, salary) VALUES (30, 'Lý Đức Hoa', 'Kỹ thuật máy chiếu', '1997-08-24', '434 John Dãy
Quận JaneThị xã, 707001', 6000000);
INSERT INTO Staff (managerid, fullname, role, dateofbirth, address, salary) VALUES (20, 'Võ Tuấn Hoa', 'Soát vé', '1992-06-03', '752 Jane Đường
JohnPhường, 671092', 14000000);
INSERT INTO Staff (managerid, fullname, role, dateofbirth, address, salary) VALUES (22, 'Phạm Hải Cường', 'Phục vụ', '2001-11-03', '717 John Hẻm
Huyện JaneThị xã, 997132', 7000000);
INSERT INTO Staff (managerid, fullname, role, dateofbirth, address, salary) VALUES (5, 'Bùi Thái Hà', 'Kỹ thuật máy chiếu', '1996-09-21', '9 Bùi Ngõ
Huyện JaneXã, 659727', 7000000);
INSERT INTO Staff (managerid, fullname, role, dateofbirth, address, salary) VALUES (5, 'Hồ Xuân Ngọc', 'Kỹ thuật máy chiếu', '2003-11-06', '688 Nguyễn Làng
Thành phố JohnXã, 339918', 15000000);
INSERT INTO Staff (managerid, fullname, role, dateofbirth, address, salary) VALUES (17, 'Lý Văn Lan', 'Bảo vệ', '1989-05-14', '92 Jane Số
Thị xã JaneThị xã, 918466', 15000000);
INSERT INTO Staff (managerid, fullname, role, dateofbirth, address, salary) VALUES (8, 'Phạm Hữu Ngọc', 'Phục vụ', '2003-08-05', '980 Hoàng Số
Thị xã JaneHuyện, 191610', 8000000);
INSERT INTO Staff (managerid, fullname, role, dateofbirth, address, salary) VALUES (8, 'Lê Thái Đạt', 'Phục vụ', '1993-09-15', '453 Bùi Ngõ
Thị xã JanePhường, 735516', 13000000);
INSERT INTO Staff (managerid, fullname, role, dateofbirth, address, salary) VALUES (19, 'Hoàng Hữu Dũng', 'Bán vé', '1998-08-13', '07 Phạm Đường
JohnPhường, 312642', 10000000);
INSERT INTO Staff (managerid, fullname, role, dateofbirth, address, salary) VALUES (13, 'Huỳnh Văn Ngọc', 'Bán vé', '2004-03-01', '6 Jane Dãy
JanePhường, 443194', 7000000);
INSERT INTO Staff (managerid, fullname, role, dateofbirth, address, salary) VALUES (21, 'Phạm Thúy Trang', 'Bảo vệ', '1998-12-23', '890 Lê Hẻm
JohnPhường, 521383', 13000000);
INSERT INTO Staff (managerid, fullname, role, dateofbirth, address, salary) VALUES (24, 'Hồ Anh Cường', 'Bảo vệ', '1999-12-04', '9 John Dãy
Huyện JaneThành phố, 644154', 9000000);
INSERT INTO Staff (managerid, fullname, role, dateofbirth, address, salary) VALUES (26, 'Vũ Bảo Linh', 'Soát vé', '2004-08-27', '086 Bùi Khu
JohnPhường, 330158', 6000000);
INSERT INTO Staff (managerid, fullname, role, dateofbirth, address, salary) VALUES (28, 'Võ Thu Cường', 'Bảo vệ', '1992-02-06', '9 Mai Ngõ
Thị xã JohnPhường, 531178', 8000000);
INSERT INTO Staff (managerid, fullname, role, dateofbirth, address, salary) VALUES (9, 'Phạm Gia Hải', 'Bảo vệ', '2005-07-15', '905 Jane Số
Quận JohnPhường, 911088', 11000000);
INSERT INTO Staff (managerid, fullname, role, dateofbirth, address, salary) VALUES (27, 'Huỳnh Văn Lan', 'Bảo vệ', '1993-05-24', '7 Vũ Hẻm
Thành phố JanePhường, 362002', 10000000);
INSERT INTO Staff (managerid, fullname, role, dateofbirth, address, salary) VALUES (20, 'Đỗ Hải Thảo', 'Soát vé', '2008-03-30', 'Thành phố JaneHuyện
7 Dương Ngõ, 826846', 11000000);
INSERT INTO Staff (managerid, fullname, role, dateofbirth, address, salary) VALUES (27, 'Lê Bảo Dũng', 'Kỹ thuật máy chiếu', '1988-01-26', '2 Mai Làng
Huyện JohnPhường, 590252', 9000000);
INSERT INTO Staff (managerid, fullname, role, dateofbirth, address, salary) VALUES (3, 'Vũ Thanh Việt', 'Phục vụ', '1993-10-24', '468 Phạm Khu
Thành phố JohnHuyện, 442904', 8000000);
INSERT INTO Staff (managerid, fullname, role, dateofbirth, address, salary) VALUES (21, 'Bùi Ngọc Đạt', 'Bảo vệ', '2006-08-28', '484 Dương Hẻm
Thị xã JaneQuận, 567094', 15000000);
INSERT INTO Staff (managerid, fullname, role, dateofbirth, address, salary) VALUES (30, 'Đặng Đình Anh', 'Soát vé', '1991-04-13', '074 Jane Hẻm
Huyện JohnPhường, 751587', 5000000);
INSERT INTO Staff (managerid, fullname, role, dateofbirth, address, salary) VALUES (13, 'Dương Đức Hải', 'Bảo vệ', '2005-03-21', '060 Jane Đường
Huyện JohnHuyện, 706690', 13000000);
INSERT INTO Staff (managerid, fullname, role, dateofbirth, address, salary) VALUES (29, 'Lý Thúy Trang', 'Bán vé', '1996-01-28', '2 Vũ Hẻm
Quận JohnXã, 659826', 12000000);
INSERT INTO Staff (managerid, fullname, role, dateofbirth, address, salary) VALUES (9, 'Phạm Thanh Huy', 'Bán vé', '1993-07-10', '17 John Khu
Thị xã JohnHuyện, 797052', 5000000);
INSERT INTO Staff (managerid, fullname, role, dateofbirth, address, salary) VALUES (25, 'Hoàng Bảo Việt', 'Phục vụ', '2006-11-07', '9 Dương Ngõ
Thành phố JohnHuyện, 905520', 11000000);
INSERT INTO Staff (managerid, fullname, role, dateofbirth, address, salary) VALUES (13, 'Hoàng Hoàng Ngọc', 'Bảo vệ', '1986-11-19', '61 Lê Hẻm
JohnThị xã, 399336', 13000000);
INSERT INTO Staff (managerid, fullname, role, dateofbirth, address, salary) VALUES (21, 'Hồ Đức Sơn', 'Bảo vệ', '1993-03-06', '599 Jane Dãy
JaneThị xã, 934864', 9000000);
INSERT INTO Staff (managerid, fullname, role, dateofbirth, address, salary) VALUES (4, 'Hồ Hữu Lan', 'Bán vé', '2006-06-19', '8 Nguyễn Ngõ
Thành phố JanePhường, 895921', 8000000);
INSERT INTO Staff (managerid, fullname, role, dateofbirth, address, salary) VALUES (13, 'Hoàng Tuấn Hoa', 'Kỹ thuật máy chiếu', '1996-11-12', '358 John Dãy
JohnHuyện, 159141', 6000000);
INSERT INTO Staff (managerid, fullname, role, dateofbirth, address, salary) VALUES (8, 'Vũ Hữu Việt', 'Bán vé', '1993-12-15', 'Quận JaneThị xã
7 John Số, 924682', 9000000);
INSERT INTO Staff (managerid, fullname, role, dateofbirth, address, salary) VALUES (23, 'Phan Thanh Tuấn', 'Phục vụ', '1987-03-02', '410 Nguyễn Đường
Quận JaneQuận, 756739', 7000000);
INSERT INTO Staff (managerid, fullname, role, dateofbirth, address, salary) VALUES (1, 'Võ Anh Nhung', 'Phục vụ', '1997-08-29', '3 John Làng
JaneHuyện, 502633', 13000000);
INSERT INTO Staff (managerid, fullname, role, dateofbirth, address, salary) VALUES (29, 'Võ Đức Linh', 'Phục vụ', '1989-05-06', '7 John Tổ
Thành phố JohnPhường, 676167', 10000000);
INSERT INTO Staff (managerid, fullname, role, dateofbirth, address, salary) VALUES (24, 'Trần Gia Linh', 'Phục vụ', '1997-03-30', 'Thành phố JohnXã
394 Jane Số, 514281', 6000000);
INSERT INTO Staff (managerid, fullname, role, dateofbirth, address, salary) VALUES (2, 'Dương Hữu Nhung', 'Kỹ thuật máy chiếu', '1991-04-19', '769 John Dãy
JohnThành phố, 482102', 6000000);
INSERT INTO Staff (managerid, fullname, role, dateofbirth, address, salary) VALUES (12, 'Trần Xuân Nam', 'Bán vé', '1997-07-09', '17 Phạm Hẻm
Quận JohnThị xã, 394972', 14000000);
INSERT INTO Staff (managerid, fullname, role, dateofbirth, address, salary) VALUES (24, 'Hồ Đức Sơn', 'Bán vé', '2007-03-09', '3 Hoàng Đường
Quận JaneXã, 584444', 6000000);
INSERT INTO Staff (managerid, fullname, role, dateofbirth, address, salary) VALUES (10, 'Bùi Thị Việt', 'Kỹ thuật máy chiếu', '1994-08-28', '60 Jane Khu
Thị xã JohnPhường, 353330', 7000000);
INSERT INTO Staff (managerid, fullname, role, dateofbirth, address, salary) VALUES (2, 'Phạm Minh Phong', 'Phục vụ', '2001-05-18', '1 Jane Làng
Thành phố JohnThị xã, 817984', 7000000);
INSERT INTO Staff (managerid, fullname, role, dateofbirth, address, salary) VALUES (17, 'Đặng Thị Linh', 'Bán vé', '2004-06-23', '3 Hoàng Đường
Thành phố JohnPhường, 705472', 8000000);
INSERT INTO Staff (managerid, fullname, role, dateofbirth, address, salary) VALUES (8, 'Lê Đức Linh', 'Phục vụ', '1995-07-10', '805 Phạm Làng
JohnXã, 348350', 15000000);
INSERT INTO Staff (managerid, fullname, role, dateofbirth, address, salary) VALUES (11, 'Bùi Thanh Tuấn', 'Kỹ thuật máy chiếu', '1988-08-23', '44 Lê Tổ
Thành phố JohnHuyện, 106368', 15000000);
INSERT INTO Staff (managerid, fullname, role, dateofbirth, address, salary) VALUES (27, 'Võ Tuấn Phong', 'Soát vé', '1992-05-04', '8 Hoàng Đường
JohnXã, 775440', 11000000);
INSERT INTO Staff (managerid, fullname, role, dateofbirth, address, salary) VALUES (15, 'Võ Xuân Ngọc', 'Bán vé', '2007-03-28', '9 Bùi Đường
Huyện JaneHuyện, 297869', 5000000);
INSERT INTO Staff (managerid, fullname, role, dateofbirth, address, salary) VALUES (24, 'Lý Thanh Nhung', 'Kỹ thuật máy chiếu', '1985-09-10', '41 Nguyễn Số
JohnQuận, 877082', 14000000);
INSERT INTO Staff (managerid, fullname, role, dateofbirth, address, salary) VALUES (22, 'Hoàng Văn Phong', 'Bảo vệ', '2003-07-13', '590 Jane Đường
JohnThị xã, 121849', 8000000);
INSERT INTO Staff (managerid, fullname, role, dateofbirth, address, salary) VALUES (13, 'Ngô Mai Ngọc', 'Kỹ thuật máy chiếu', '1992-12-02', '75 Đặng Dãy
Thành phố JaneQuận, 961712', 8000000);
INSERT INTO Staff (managerid, fullname, role, dateofbirth, address, salary) VALUES (8, 'Phan Văn Tuấn', 'Soát vé', '1992-11-18', '9 John Số
JaneThị xã, 605631', 9000000);
INSERT INTO Staff (managerid, fullname, role, dateofbirth, address, salary) VALUES (27, 'Phan Xuân Cường', 'Bảo vệ', '1987-10-21', '80 Bùi Khu
Thành phố JohnHuyện, 200835', 10000000);
INSERT INTO Staff (managerid, fullname, role, dateofbirth, address, salary) VALUES (23, 'Dương Hải Phong', 'Bán vé', '1994-08-04', '423 Jane Đường
JohnXã, 213222', 15000000);
INSERT INTO Staff (managerid, fullname, role, dateofbirth, address, salary) VALUES (28, 'Phạm Hữu Dũng', 'Bán vé', '2004-02-01', '29 Jane Ngõ
JohnHuyện, 818341', 14000000);
INSERT INTO Staff (managerid, fullname, role, dateofbirth, address, salary) VALUES (27, 'Hồ Đình Khánh', 'Kỹ thuật máy chiếu', '1997-12-29', '81 Phạm Tổ
Thành phố JaneThành phố, 655059', 9000000);
INSERT INTO Staff (managerid, fullname, role, dateofbirth, address, salary) VALUES (9, 'Hồ Ngọc Đạt', 'Phục vụ', '2002-04-22', '0 Nguyễn Dãy
JohnThị xã, 209760', 10000000);
INSERT INTO Staff (managerid, fullname, role, dateofbirth, address, salary) VALUES (16, 'Phan Hải Lan', 'Soát vé', '1987-03-19', '67 Jane Tổ
JohnThành phố, 809504', 8000000);
INSERT INTO Staff (managerid, fullname, role, dateofbirth, address, salary) VALUES (16, 'Vũ Gia Hà', 'Soát vé', '1995-02-17', '2 John Hẻm
Quận JohnXã, 589237', 10000000);
INSERT INTO Staff (managerid, fullname, role, dateofbirth, address, salary) VALUES (11, 'Nguyễn Hoàng Trang', 'Kỹ thuật máy chiếu', '2008-02-26', '502 Jane Số
Thành phố JohnPhường, 179005', 5000000);
INSERT INTO Staff (managerid, fullname, role, dateofbirth, address, salary) VALUES (11, 'Hồ Hữu Linh', 'Kỹ thuật máy chiếu', '1996-05-16', '83 Jane Khu
JaneThị xã, 317100', 8000000);
INSERT INTO Staff (managerid, fullname, role, dateofbirth, address, salary) VALUES (28, 'Vũ Thu Dũng', 'Phục vụ', '1986-05-03', '37 Nguyễn Hẻm
Quận JaneThị xã, 849512', 10000000);
INSERT INTO Staff (managerid, fullname, role, dateofbirth, address, salary) VALUES (22, 'Vũ Thúy Lan', 'Kỹ thuật máy chiếu', '2006-09-23', '98 John Ngõ
Quận JaneQuận, 898589', 14000000);
INSERT INTO Staff (managerid, fullname, role, dateofbirth, address, salary) VALUES (25, 'Phạm Xuân Ngọc', 'Soát vé', '2003-01-06', '0 John Khu
JaneHuyện, 126239', 15000000);
INSERT INTO Staff (managerid, fullname, role, dateofbirth, address, salary) VALUES (26, 'Vũ Tuấn Trang', 'Bán vé', '1993-03-17', 'JohnQuận
46 Jane Đường, 105782', 9000000);
INSERT INTO Staff (managerid, fullname, role, dateofbirth, address, salary) VALUES (17, 'Đặng Thái Việt', 'Phục vụ', '1998-01-18', '3 John Làng
JanePhường, 807730', 11000000);
INSERT INTO Staff (managerid, fullname, role, dateofbirth, address, salary) VALUES (30, 'Lý Đình Nhung', 'Phục vụ', '1997-02-27', '5 Jane Ngõ
JohnPhường, 768439', 12000000);
INSERT INTO Staff (managerid, fullname, role, dateofbirth, address, salary) VALUES (19, 'Dương Bảo Tuấn', 'Phục vụ', '1992-01-26', '220 John Số
JaneXã, 277962', 5000000);
INSERT INTO Staff (managerid, fullname, role, dateofbirth, address, salary) VALUES (7, 'Trần Đức Huy', 'Bảo vệ', '1990-04-10', '18 Vũ Làng
JohnHuyện, 460642', 10000000);
INSERT INTO Staff (managerid, fullname, role, dateofbirth, address, salary) VALUES (7, 'Lê Thanh Tuấn', 'Soát vé', '1992-07-13', '75 Bùi Dãy
JohnThành phố, 572071', 15000000);
INSERT INTO Staff (managerid, fullname, role, dateofbirth, address, salary) VALUES (13, 'Hoàng Gia Hoa', 'Bảo vệ', '1994-09-02', '932 John Làng
JaneHuyện, 517822', 10000000);
INSERT INTO Staff (managerid, fullname, role, dateofbirth, address, salary) VALUES (17, 'Hoàng Văn Dũng', 'Kỹ thuật máy chiếu', '1989-09-07', '21 Jane Đường
JaneThành phố, 254483', 6000000);
INSERT INTO Staff (managerid, fullname, role, dateofbirth, address, salary) VALUES (2, 'Lê Thị Nam', 'Soát vé', '1990-08-13', '65 John Dãy
JohnXã, 134160', 12000000);
INSERT INTO Staff (managerid, fullname, role, dateofbirth, address, salary) VALUES (15, 'Lê Đức Thảo', 'Kỹ thuật máy chiếu', '2003-01-19', '984 Dương Làng
Quận JohnThị xã, 464369', 15000000);
INSERT INTO Staff (managerid, fullname, role, dateofbirth, address, salary) VALUES (5, 'Lý Hải Phong', 'Kỹ thuật máy chiếu', '2003-03-03', '074 Phạm Đường
Quận JohnThị xã, 788994', 8000000);
INSERT INTO Staff (managerid, fullname, role, dateofbirth, address, salary) VALUES (27, 'Trần Xuân Phong', 'Bán vé', '2001-12-26', '58 Đặng Dãy
JaneQuận, 203050', 8000000);
INSERT INTO Staff (managerid, fullname, role, dateofbirth, address, salary) VALUES (3, 'Ngô Thái Huy', 'Bán vé', '2007-07-28', '9 John Làng
Thành phố JaneThành phố, 315940', 5000000);
INSERT INTO Staff (managerid, fullname, role, dateofbirth, address, salary) VALUES (6, 'Đỗ Hữu Việt', 'Kỹ thuật máy chiếu', '1995-01-22', '83 Vũ Ngõ
Thị xã JaneXã, 564878', 11000000);
INSERT INTO Staff (managerid, fullname, role, dateofbirth, address, salary) VALUES (10, 'Võ Đình Anh', 'Soát vé', '1999-12-01', '8 Phạm Số
JaneQuận, 196852', 12000000);
INSERT INTO Staff (managerid, fullname, role, dateofbirth, address, salary) VALUES (3, 'Võ Anh Anh', 'Soát vé', '2003-06-05', '73 John Đường
JanePhường, 899606', 9000000);
INSERT INTO Staff (managerid, fullname, role, dateofbirth, address, salary) VALUES (13, 'Phan Bảo Ngọc', 'Bán vé', '2007-08-08', '711 Bùi Dãy
Thị xã JaneThị xã, 523227', 9000000);
INSERT INTO Staff (managerid, fullname, role, dateofbirth, address, salary) VALUES (29, 'Ngô Hoàng Hải', 'Kỹ thuật máy chiếu', '2007-11-19', '00 Mai Khu
Huyện JaneQuận, 355663', 10000000);
INSERT INTO Staff (managerid, fullname, role, dateofbirth, address, salary) VALUES (18, 'Ngô Anh Khánh', 'Soát vé', '1992-02-17', '188 Phạm Tổ
Quận JohnThị xã, 526422', 6000000);
INSERT INTO Staff (managerid, fullname, role, dateofbirth, address, salary) VALUES (2, 'Trần Thu Việt', 'Soát vé', '1998-10-17', '95 Jane Tổ
Quận JanePhường, 646214', 14000000);
INSERT INTO Staff (managerid, fullname, role, dateofbirth, address, salary) VALUES (9, 'Võ Hải Lan', 'Bán vé', '1993-07-24', '8 Jane Số
Thị xã JohnPhường, 690816', 6000000);
INSERT INTO Staff (managerid, fullname, role, dateofbirth, address, salary) VALUES (22, 'Phạm Thị Khánh', 'Phục vụ', '1999-03-25', '535 John Số
Thị xã JohnHuyện, 552682', 10000000);
INSERT INTO Staff (managerid, fullname, role, dateofbirth, address, salary) VALUES (24, 'Phạm Thị Ngọc', 'Bảo vệ', '1998-01-19', '1 Mai Dãy
Thị xã JohnXã, 104083', 12000000);
INSERT INTO Staff (managerid, fullname, role, dateofbirth, address, salary) VALUES (29, 'Bùi Đình Cường', 'Bán vé', '1995-09-11', '59 Mai Hẻm
JaneXã, 756933', 8000000);
INSERT INTO Staff (managerid, fullname, role, dateofbirth, address, salary) VALUES (3, 'Huỳnh Gia Nhung', 'Kỹ thuật máy chiếu', '1988-09-13', '978 Hoàng Tổ
Quận JaneHuyện, 444886', 12000000);
INSERT INTO Staff (managerid, fullname, role, dateofbirth, address, salary) VALUES (3, 'Huỳnh Văn Trang', 'Kỹ thuật máy chiếu', '2004-09-03', '67 Mai Đường
JaneThành phố, 225870', 15000000);
INSERT INTO Staff (managerid, fullname, role, dateofbirth, address, salary) VALUES (12, 'Ngô Đình Sơn', 'Bảo vệ', '1988-06-15', '754 Jane Hẻm
Huyện JohnQuận, 946216', 9000000);
INSERT INTO Staff (managerid, fullname, role, dateofbirth, address, salary) VALUES (16, 'Lê Thanh Việt', 'Phục vụ', '1992-11-10', '0 Jane Hẻm
JohnThành phố, 483550', 7000000);
INSERT INTO Staff (managerid, fullname, role, dateofbirth, address, salary) VALUES (9, 'Lê Thanh Ngọc', 'Bảo vệ', '2002-03-15', '2 Jane Đường
JohnHuyện, 392679', 13000000);
INSERT INTO Staff (managerid, fullname, role, dateofbirth, address, salary) VALUES (27, 'Hồ Văn Trang', 'Bảo vệ', '1988-08-08', '36 Nguyễn Khu
Huyện JanePhường, 845208', 9000000);
INSERT INTO Staff (managerid, fullname, role, dateofbirth, address, salary) VALUES (18, 'Hoàng Hoàng Dũng', 'Bán vé', '1989-07-16', '2 Mai Hẻm
Huyện JaneXã, 308297', 12000000);
INSERT INTO Staff (managerid, fullname, role, dateofbirth, address, salary) VALUES (26, 'Đỗ Anh Linh', 'Kỹ thuật máy chiếu', '2004-07-15', '19 Jane Làng
Huyện JohnThành phố, 836501', 12000000);
INSERT INTO Staff (managerid, fullname, role, dateofbirth, address, salary) VALUES (22, 'Huỳnh Thanh Tuấn', 'Bảo vệ', '2007-04-24', '02 Jane Đường
JaneQuận, 770143', 7000000);
INSERT INTO Staff (managerid, fullname, role, dateofbirth, address, salary) VALUES (7, 'Lý Ngọc Hoa', 'Bán vé', '1996-05-22', '617 Nguyễn Tổ
JaneThị xã, 255123', 8000000);
INSERT INTO Staff (managerid, fullname, role, dateofbirth, address, salary) VALUES (9, 'Nguyễn Xuân Khánh', 'Bảo vệ', '1987-11-16', '65 Jane Đường
Thành phố JohnQuận, 340314', 6000000);
INSERT INTO Staff (managerid, fullname, role, dateofbirth, address, salary) VALUES (8, 'Vũ Minh Huy', 'Soát vé', '1994-01-24', '007 Trần Dãy
Thành phố JaneQuận, 285040', 13000000);
INSERT INTO Staff (managerid, fullname, role, dateofbirth, address, salary) VALUES (9, 'Hồ Hải Phong', 'Bán vé', '2002-10-24', '360 Bùi Đường
Huyện JaneThị xã, 857462', 6000000);
INSERT INTO Staff (managerid, fullname, role, dateofbirth, address, salary) VALUES (13, 'Lý Tuấn Hoa', 'Kỹ thuật máy chiếu', '1999-02-21', '638 John Số
Thị xã JaneQuận, 966428', 11000000);
INSERT INTO Staff (managerid, fullname, role, dateofbirth, address, salary) VALUES (19, 'Phạm Minh Việt', 'Phục vụ', '1998-10-05', '9 John Dãy
JohnHuyện, 155207', 13000000);
INSERT INTO Staff (managerid, fullname, role, dateofbirth, address, salary) VALUES (25, 'Ngô Hữu Dũng', 'Soát vé', '2002-09-04', '033 John Dãy
Thành phố JaneQuận, 783128', 12000000);
INSERT INTO Staff (managerid, fullname, role, dateofbirth, address, salary) VALUES (24, 'Nguyễn Anh Hà', 'Bán vé', '1992-07-05', '7 John Hẻm
Quận JohnPhường, 197649', 5000000);
INSERT INTO Staff (managerid, fullname, role, dateofbirth, address, salary) VALUES (12, 'Huỳnh Văn Trang', 'Bán vé', '1987-08-23', '65 Jane Làng
JohnXã, 946566', 11000000);
INSERT INTO Staff (managerid, fullname, role, dateofbirth, address, salary) VALUES (9, 'Lê Bảo Tuấn', 'Soát vé', '1999-10-03', '3 Phạm Ngõ
JaneXã, 540164', 10000000);
INSERT INTO Staff (managerid, fullname, role, dateofbirth, address, salary) VALUES (12, 'Ngô Tuấn Hoa', 'Bảo vệ', '1991-03-03', '5 Vũ Dãy
JaneThành phố, 663889', 13000000);
INSERT INTO Staff (managerid, fullname, role, dateofbirth, address, salary) VALUES (8, 'Lê Thanh Lan', 'Bán vé', '1996-03-30', '031 John Dãy
Huyện JohnXã, 203599', 8000000);
INSERT INTO Staff (managerid, fullname, role, dateofbirth, address, salary) VALUES (16, 'Trần Thúy Đạt', 'Soát vé', '2003-10-04', '99 John Dãy
JaneThị xã, 559369', 8000000);
INSERT INTO Staff (managerid, fullname, role, dateofbirth, address, salary) VALUES (3, 'Bùi Tuấn Khánh', 'Soát vé', '1990-03-20', '03 Phạm Hẻm
JohnXã, 128186', 10000000);
INSERT INTO Staff (managerid, fullname, role, dateofbirth, address, salary) VALUES (23, 'Hồ Gia Cường', 'Kỹ thuật máy chiếu', '2000-08-30', '524 Hoàng Ngõ
Huyện JohnPhường, 758237', 7000000);
INSERT INTO Staff (managerid, fullname, role, dateofbirth, address, salary) VALUES (30, 'Đỗ Gia Hà', 'Bảo vệ', '1993-08-19', '42 Mai Số
Thành phố JaneHuyện, 842750', 13000000);
INSERT INTO Staff (managerid, fullname, role, dateofbirth, address, salary) VALUES (22, 'Ngô Hữu Thảo', 'Bán vé', '1998-06-26', '905 Jane Ngõ
JohnHuyện, 601626', 9000000);
INSERT INTO Staff (managerid, fullname, role, dateofbirth, address, salary) VALUES (25, 'Võ Xuân Trang', 'Soát vé', '1993-01-04', 'Thị xã JaneXã
988 John Số, 295903', 15000000);
INSERT INTO Staff (managerid, fullname, role, dateofbirth, address, salary) VALUES (1, 'Đỗ Minh Lan', 'Kỹ thuật máy chiếu', '1988-04-16', '684 Lê Đường
JohnThị xã, 580971', 13000000);
INSERT INTO Staff (managerid, fullname, role, dateofbirth, address, salary) VALUES (28, 'Phạm Đức Hoa', 'Bán vé', '1997-10-05', '252 Bùi Hẻm
JohnQuận, 254006', 12000000);
INSERT INTO Staff (managerid, fullname, role, dateofbirth, address, salary) VALUES (27, 'Hồ Thái Phong', 'Kỹ thuật máy chiếu', '2007-10-08', '40 John Số
Thị xã JohnQuận, 819713', 11000000);
INSERT INTO Staff (managerid, fullname, role, dateofbirth, address, salary) VALUES (23, 'Võ Minh Hà', 'Kỹ thuật máy chiếu', '1989-01-10', '6 Vũ Đường
JaneThị xã, 125483', 12000000);
INSERT INTO Staff (managerid, fullname, role, dateofbirth, address, salary) VALUES (11, 'Hồ Tuấn Linh', 'Kỹ thuật máy chiếu', '2004-11-04', '11 Phạm Khu
Huyện JaneQuận, 975841', 7000000);
INSERT INTO Staff (managerid, fullname, role, dateofbirth, address, salary) VALUES (9, 'Huỳnh Xuân Khánh', 'Phục vụ', '1994-05-30', '067 Jane Dãy
JohnPhường, 883646', 7000000);
INSERT INTO Staff (managerid, fullname, role, dateofbirth, address, salary) VALUES (26, 'Vũ Thanh Thảo', 'Kỹ thuật máy chiếu', '2004-10-23', '73 Trần Tổ
Thành phố JohnThành phố, 679984', 11000000);
INSERT INTO Staff (managerid, fullname, role, dateofbirth, address, salary) VALUES (17, 'Phan Hoàng Anh', 'Phục vụ', '2005-05-12', '13 John Hẻm
Thị xã JaneThành phố, 659220', 9000000);
INSERT INTO Staff (managerid, fullname, role, dateofbirth, address, salary) VALUES (23, 'Hoàng Ngọc Nam', 'Bảo vệ', '2007-01-25', '89 Jane Tổ
JohnHuyện, 468609', 6000000);
INSERT INTO Staff (managerid, fullname, role, dateofbirth, address, salary) VALUES (7, 'Đỗ Bảo Linh', 'Bảo vệ', '2004-01-01', '4 Jane Số
Thành phố JaneHuyện, 499648', 5000000);
INSERT INTO Staff (managerid, fullname, role, dateofbirth, address, salary) VALUES (26, 'Phạm Thanh Dũng', 'Bảo vệ', '1987-08-11', '0 John Làng
JaneXã, 154147', 14000000);
INSERT INTO Staff (managerid, fullname, role, dateofbirth, address, salary) VALUES (10, 'Lý Thúy Dũng', 'Soát vé', '2006-11-09', '831 Jane Làng
Quận JohnPhường, 527308', 15000000);
INSERT INTO Staff (managerid, fullname, role, dateofbirth, address, salary) VALUES (24, 'Lý Anh Phong', 'Bảo vệ', '2001-02-03', '01 Vũ Dãy
Thị xã JaneThị xã, 532084', 5000000);
INSERT INTO Staff (managerid, fullname, role, dateofbirth, address, salary) VALUES (16, 'Nguyễn Bảo Hải', 'Phục vụ', '2001-04-11', '1 Jane Tổ
JohnHuyện, 765795', 9000000);
INSERT INTO Staff (managerid, fullname, role, dateofbirth, address, salary) VALUES (16, 'Ngô Anh Đạt', 'Bán vé', '1989-11-19', '958 Jane Làng
JohnThành phố, 566245', 13000000);
INSERT INTO Staff (managerid, fullname, role, dateofbirth, address, salary) VALUES (20, 'Đỗ Hoàng Hà', 'Soát vé', '1990-07-07', '3 Dương Khu
Huyện JohnQuận, 983457', 10000000);
INSERT INTO Staff (managerid, fullname, role, dateofbirth, address, salary) VALUES (13, 'Bùi Tuấn Phong', 'Phục vụ', '1989-05-23', '1 Jane Số
Thị xã JaneThị xã, 212695', 5000000);
INSERT INTO Staff (managerid, fullname, role, dateofbirth, address, salary) VALUES (29, 'Phạm Hoàng Huy', 'Soát vé', '1998-02-23', '82 Jane Tổ
Huyện JohnThành phố, 957859', 9000000);

-- === BẢNG STAFF_CONTACT === --
INSERT INTO Staff_Contact (staffid, phonenumber, email) VALUES (1, '+84-15-448 2865', 'johnnguyen@example.net');
INSERT INTO Staff_Contact (staffid, phonenumber, email) VALUES (2, '+84 52 6082108', 'ttran@example.net');
INSERT INTO Staff_Contact (staffid, phonenumber, email) VALUES (3, '+84-98-586 1143', 'jane02@example.org');
INSERT INTO Staff_Contact (staffid, phonenumber, email) VALUES (4, '+84 67 7471088', 'qdang@example.org');
INSERT INTO Staff_Contact (staffid, phonenumber, email) VALUES (5, '+84 54 4513277', 'janeduong@example.net');
INSERT INTO Staff_Contact (staffid, phonenumber, email) VALUES (6, '(01)560-5037', 'phamjohn@example.org');
INSERT INTO Staff_Contact (staffid, phonenumber, email) VALUES (7, '01 8665271', 'johnhoang@example.com');
INSERT INTO Staff_Contact (staffid, phonenumber, email) VALUES (8, '+84-45-724023', 'jane44@example.net');
INSERT INTO Staff_Contact (staffid, phonenumber, email) VALUES (9, '+84-20-273815', 'johnmai@example.net');
INSERT INTO Staff_Contact (staffid, phonenumber, email) VALUES (10, '04 1730387', 'jane33@example.org');
INSERT INTO Staff_Contact (staffid, phonenumber, email) VALUES (11, '(07) 2330 6999', 'zhoang@example.org');
INSERT INTO Staff_Contact (staffid, phonenumber, email) VALUES (12, '+84 03 9550761', 'johnvu@example.net');
INSERT INTO Staff_Contact (staffid, phonenumber, email) VALUES (13, '+84-85-014398', 'lejane@example.org');
INSERT INTO Staff_Contact (staffid, phonenumber, email) VALUES (14, '(08)736-1676', 'phamjane@example.org');
INSERT INTO Staff_Contact (staffid, phonenumber, email) VALUES (15, '+84 41 5376235', 'duongjohn@example.org');
INSERT INTO Staff_Contact (staffid, phonenumber, email) VALUES (16, '(04)564-0898', 'dangjane@example.net');
INSERT INTO Staff_Contact (staffid, phonenumber, email) VALUES (17, '+84-03-737455', 'janenguyen@example.com');
INSERT INTO Staff_Contact (staffid, phonenumber, email) VALUES (18, '(00) 3436 9257', 'xbui@example.com');
INSERT INTO Staff_Contact (staffid, phonenumber, email) VALUES (19, '+84 03 3539065', 'john16@example.net');
INSERT INTO Staff_Contact (staffid, phonenumber, email) VALUES (20, '+84 82 4529235', 'qduong@example.net');
INSERT INTO Staff_Contact (staffid, phonenumber, email) VALUES (21, '05 5936 1434', 'john07@example.net');
INSERT INTO Staff_Contact (staffid, phonenumber, email) VALUES (22, '+84-21-618514', 'duongjohn@example.net');
INSERT INTO Staff_Contact (staffid, phonenumber, email) VALUES (23, '+84-49-004576', 'john32@example.com');
INSERT INTO Staff_Contact (staffid, phonenumber, email) VALUES (24, '08 8723671', 'johnbui@example.org');
INSERT INTO Staff_Contact (staffid, phonenumber, email) VALUES (25, '(06) 7164 8350', 'tranjohn@example.net');
INSERT INTO Staff_Contact (staffid, phonenumber, email) VALUES (26, '08 6018 8519', 'johndang@example.net');
INSERT INTO Staff_Contact (staffid, phonenumber, email) VALUES (27, '(05)945-2006', 'tduong@example.net');
INSERT INTO Staff_Contact (staffid, phonenumber, email) VALUES (28, '(05) 3860 1436', 'duongjohn@example.net');
INSERT INTO Staff_Contact (staffid, phonenumber, email) VALUES (29, '+84 18 5612863', 'janetran@example.org');
INSERT INTO Staff_Contact (staffid, phonenumber, email) VALUES (30, '02 8937 6132', 'johnnguyen@example.org');
INSERT INTO Staff_Contact (staffid, phonenumber, email) VALUES (31, '(01) 4698 1266', 'phamjane@example.com');
INSERT INTO Staff_Contact (staffid, phonenumber, email) VALUES (32, '03 9406149', 'janedang@example.com');
INSERT INTO Staff_Contact (staffid, phonenumber, email) VALUES (33, '(08)206-8158', 'john67@example.net');
INSERT INTO Staff_Contact (staffid, phonenumber, email) VALUES (34, '08 6471627', 'janevu@example.org');
INSERT INTO Staff_Contact (staffid, phonenumber, email) VALUES (35, '(02) 8843 2451', 'nguyenjohn@example.org');
INSERT INTO Staff_Contact (staffid, phonenumber, email) VALUES (36, '08 2233550', 'hoangjane@example.net');
INSERT INTO Staff_Contact (staffid, phonenumber, email) VALUES (37, '(05) 2675 9025', 'dangjohn@example.net');
INSERT INTO Staff_Contact (staffid, phonenumber, email) VALUES (38, '+84 47 1638494', 'buijohn@example.org');
INSERT INTO Staff_Contact (staffid, phonenumber, email) VALUES (39, '+84-90-103 4762', 'ele@example.org');
INSERT INTO Staff_Contact (staffid, phonenumber, email) VALUES (40, '+84 84 8663578', 'lejane@example.com');
INSERT INTO Staff_Contact (staffid, phonenumber, email) VALUES (41, '+84-43-002978', 'johnnguyen@example.net');
INSERT INTO Staff_Contact (staffid, phonenumber, email) VALUES (42, '02 5288 6766', 'johnmai@example.com');
INSERT INTO Staff_Contact (staffid, phonenumber, email) VALUES (43, '03 7860074', 'jmai@example.net');
INSERT INTO Staff_Contact (staffid, phonenumber, email) VALUES (44, '00 0063 9120', 'john39@example.net');
INSERT INTO Staff_Contact (staffid, phonenumber, email) VALUES (45, '(05)203-5188', 'jane03@example.com');
INSERT INTO Staff_Contact (staffid, phonenumber, email) VALUES (46, '00 8432446', 'johnnguyen@example.net');
INSERT INTO Staff_Contact (staffid, phonenumber, email) VALUES (47, '06 0596 1215', 'btran@example.com');
INSERT INTO Staff_Contact (staffid, phonenumber, email) VALUES (48, '+84-99-531324', 'tranjohn@example.org');
INSERT INTO Staff_Contact (staffid, phonenumber, email) VALUES (49, '+84 78 5795812', 'dangjohn@example.org');
INSERT INTO Staff_Contact (staffid, phonenumber, email) VALUES (50, '(06)655-5047', 'janeduong@example.com');
INSERT INTO Staff_Contact (staffid, phonenumber, email) VALUES (51, '(00) 1995 9381', 'jane22@example.net');
INSERT INTO Staff_Contact (staffid, phonenumber, email) VALUES (52, '+84 26 3865130', 'buijohn@example.net');
INSERT INTO Staff_Contact (staffid, phonenumber, email) VALUES (53, '+84 35 1741812', 'maijohn@example.com');
INSERT INTO Staff_Contact (staffid, phonenumber, email) VALUES (54, '+84-04-268964', 'duongjane@example.org');
INSERT INTO Staff_Contact (staffid, phonenumber, email) VALUES (55, '+84-11-986265', 'johntran@example.com');
INSERT INTO Staff_Contact (staffid, phonenumber, email) VALUES (56, '+84 74 3569185', 'johnbui@example.org');
INSERT INTO Staff_Contact (staffid, phonenumber, email) VALUES (57, '00 2556397', 'rvu@example.com');
INSERT INTO Staff_Contact (staffid, phonenumber, email) VALUES (58, '02 2126378', 'lmai@example.net');
INSERT INTO Staff_Contact (staffid, phonenumber, email) VALUES (59, '(02)028-8063', 'jane93@example.org');
INSERT INTO Staff_Contact (staffid, phonenumber, email) VALUES (60, '(04) 5877 9652', 'phamjohn@example.com');
INSERT INTO Staff_Contact (staffid, phonenumber, email) VALUES (61, '(02)895-7602', 'janetran@example.net');
INSERT INTO Staff_Contact (staffid, phonenumber, email) VALUES (62, '(06) 8155 1577', 'johnle@example.com');
INSERT INTO Staff_Contact (staffid, phonenumber, email) VALUES (63, '+84-31-021 5127', 'tranjohn@example.net');
INSERT INTO Staff_Contact (staffid, phonenumber, email) VALUES (64, '03 0998 9707', 'bbui@example.net');
INSERT INTO Staff_Contact (staffid, phonenumber, email) VALUES (65, '02 2274121', 'jane67@example.org');
INSERT INTO Staff_Contact (staffid, phonenumber, email) VALUES (66, '+84-08-535 4358', 'wmai@example.net');
INSERT INTO Staff_Contact (staffid, phonenumber, email) VALUES (67, '+84-71-798 8380', 'duongjane@example.net');
INSERT INTO Staff_Contact (staffid, phonenumber, email) VALUES (68, '(01)377-7770', 'janepham@example.com');
INSERT INTO Staff_Contact (staffid, phonenumber, email) VALUES (69, '04 2930 5250', 'dvu@example.org');
INSERT INTO Staff_Contact (staffid, phonenumber, email) VALUES (70, '+84 07 4304867', 'jane30@example.org');
INSERT INTO Staff_Contact (staffid, phonenumber, email) VALUES (71, '03 6709584', 'janeduong@example.com');
INSERT INTO Staff_Contact (staffid, phonenumber, email) VALUES (72, '+84-65-310400', 'atran@example.com');
INSERT INTO Staff_Contact (staffid, phonenumber, email) VALUES (73, '(00)242-5377', 'maijane@example.org');
INSERT INTO Staff_Contact (staffid, phonenumber, email) VALUES (74, '+84-65-705390', 'pduong@example.org');
INSERT INTO Staff_Contact (staffid, phonenumber, email) VALUES (75, '03 3841 0689', 'johntran@example.com');
INSERT INTO Staff_Contact (staffid, phonenumber, email) VALUES (76, '+84-66-274 7307', 'yvu@example.org');
INSERT INTO Staff_Contact (staffid, phonenumber, email) VALUES (77, '+84-81-718777', 'zmai@example.net');
INSERT INTO Staff_Contact (staffid, phonenumber, email) VALUES (78, '+84 14 6173004', 'nguyenjohn@example.com');
INSERT INTO Staff_Contact (staffid, phonenumber, email) VALUES (79, '03 2817083', 'john94@example.org');
INSERT INTO Staff_Contact (staffid, phonenumber, email) VALUES (80, '+84-99-162686', 'janehoang@example.net');
INSERT INTO Staff_Contact (staffid, phonenumber, email) VALUES (81, '+84-64-413 4521', 'fnguyen@example.net');
INSERT INTO Staff_Contact (staffid, phonenumber, email) VALUES (82, '+84-04-650 2123', 'john72@example.com');
INSERT INTO Staff_Contact (staffid, phonenumber, email) VALUES (83, '09 0350 7071', 'vujohn@example.net');
INSERT INTO Staff_Contact (staffid, phonenumber, email) VALUES (84, '08 7311 8070', 'lejane@example.net');
INSERT INTO Staff_Contact (staffid, phonenumber, email) VALUES (85, '03 8322 8314', 'johnpham@example.com');
INSERT INTO Staff_Contact (staffid, phonenumber, email) VALUES (86, '04 7858 2097', 'janeduong@example.net');
INSERT INTO Staff_Contact (staffid, phonenumber, email) VALUES (87, '00 2727731', 'john64@example.net');
INSERT INTO Staff_Contact (staffid, phonenumber, email) VALUES (88, '+84-75-209 4465', 'john44@example.org');
INSERT INTO Staff_Contact (staffid, phonenumber, email) VALUES (89, '00 2879423', 'john85@example.com');
INSERT INTO Staff_Contact (staffid, phonenumber, email) VALUES (90, '(09)443-6516', 'tranjohn@example.org');
INSERT INTO Staff_Contact (staffid, phonenumber, email) VALUES (91, '(07) 0462 6879', 'duongjohn@example.org');
INSERT INTO Staff_Contact (staffid, phonenumber, email) VALUES (92, '08 4455545', 'john68@example.com');
INSERT INTO Staff_Contact (staffid, phonenumber, email) VALUES (93, '(01)168-5195', 'lejane@example.net');
INSERT INTO Staff_Contact (staffid, phonenumber, email) VALUES (94, '(08) 1044 5817', 'jane87@example.org');
INSERT INTO Staff_Contact (staffid, phonenumber, email) VALUES (95, '(07) 7815 9618', 'johnduong@example.org');
INSERT INTO Staff_Contact (staffid, phonenumber, email) VALUES (96, '+84-12-507 8740', 'pnguyen@example.com');
INSERT INTO Staff_Contact (staffid, phonenumber, email) VALUES (97, '+84 18 3944757', 'jane04@example.com');
INSERT INTO Staff_Contact (staffid, phonenumber, email) VALUES (98, '+84-23-938 5403', 'janebui@example.org');
INSERT INTO Staff_Contact (staffid, phonenumber, email) VALUES (99, '01 3315 6560', 'john74@example.org');
INSERT INTO Staff_Contact (staffid, phonenumber, email) VALUES (100, '+84 99 7181563', 'tranjohn@example.org');
INSERT INTO Staff_Contact (staffid, phonenumber, email) VALUES (101, '02 6157653', 'johnpham@example.net');
INSERT INTO Staff_Contact (staffid, phonenumber, email) VALUES (102, '(03) 4723 4746', 'omai@example.com');
INSERT INTO Staff_Contact (staffid, phonenumber, email) VALUES (103, '+84-72-293011', 'vujohn@example.com');
INSERT INTO Staff_Contact (staffid, phonenumber, email) VALUES (104, '+84 36 4566298', 'buijohn@example.org');
INSERT INTO Staff_Contact (staffid, phonenumber, email) VALUES (105, '(04) 3705 2111', 'johndang@example.com');
INSERT INTO Staff_Contact (staffid, phonenumber, email) VALUES (106, '05 7548 0980', 'john30@example.com');
INSERT INTO Staff_Contact (staffid, phonenumber, email) VALUES (107, '(02)340-2541', 'nguyenjane@example.net');
INSERT INTO Staff_Contact (staffid, phonenumber, email) VALUES (108, '(07) 9107 3165', 'smai@example.com');
INSERT INTO Staff_Contact (staffid, phonenumber, email) VALUES (109, '(01)828-5373', 'tranjohn@example.net');
INSERT INTO Staff_Contact (staffid, phonenumber, email) VALUES (110, '(06)278-2415', 'jane13@example.org');
INSERT INTO Staff_Contact (staffid, phonenumber, email) VALUES (111, '+84-40-024 1112', 'etran@example.com');
INSERT INTO Staff_Contact (staffid, phonenumber, email) VALUES (112, '+84-31-168 5288', 'nguyenjohn@example.com');
INSERT INTO Staff_Contact (staffid, phonenumber, email) VALUES (113, '+84-17-988 3606', 'iduong@example.com');
INSERT INTO Staff_Contact (staffid, phonenumber, email) VALUES (114, '06 5121015', 'janepham@example.net');
INSERT INTO Staff_Contact (staffid, phonenumber, email) VALUES (115, '+84 36 2253597', 'duongjane@example.org');
INSERT INTO Staff_Contact (staffid, phonenumber, email) VALUES (116, '+84 00 4336476', 'janemai@example.net');
INSERT INTO Staff_Contact (staffid, phonenumber, email) VALUES (117, '05 1297572', 'phamjohn@example.org');
INSERT INTO Staff_Contact (staffid, phonenumber, email) VALUES (118, '(00) 4988 8384', 'jane79@example.net');
INSERT INTO Staff_Contact (staffid, phonenumber, email) VALUES (119, '+84-00-713 8558', 'maijohn@example.net');
INSERT INTO Staff_Contact (staffid, phonenumber, email) VALUES (120, '+84-78-334 8394', 'pbui@example.com');
INSERT INTO Staff_Contact (staffid, phonenumber, email) VALUES (121, '(04) 6482 0242', 'tranjohn@example.com');
INSERT INTO Staff_Contact (staffid, phonenumber, email) VALUES (122, '00 5829 4395', 'mtran@example.org');
INSERT INTO Staff_Contact (staffid, phonenumber, email) VALUES (123, '(08) 5133 4381', 'ctran@example.org');
INSERT INTO Staff_Contact (staffid, phonenumber, email) VALUES (124, '07 9372318', 'janenguyen@example.com');
INSERT INTO Staff_Contact (staffid, phonenumber, email) VALUES (125, '(06) 4558 0425', 'vdang@example.com');
INSERT INTO Staff_Contact (staffid, phonenumber, email) VALUES (126, '(05)785-3313', 'rnguyen@example.org');
INSERT INTO Staff_Contact (staffid, phonenumber, email) VALUES (127, '06 7156984', 'john12@example.org');
INSERT INTO Staff_Contact (staffid, phonenumber, email) VALUES (128, '(04)003-4234', 'john83@example.org');
INSERT INTO Staff_Contact (staffid, phonenumber, email) VALUES (129, '(05) 8072 9525', 'ble@example.com');
INSERT INTO Staff_Contact (staffid, phonenumber, email) VALUES (130, '+84-53-113 7995', 'johnmai@example.org');
INSERT INTO Staff_Contact (staffid, phonenumber, email) VALUES (131, '00 3801718', 'mpham@example.org');
INSERT INTO Staff_Contact (staffid, phonenumber, email) VALUES (132, '(07)992-0970', 'jmai@example.org');
INSERT INTO Staff_Contact (staffid, phonenumber, email) VALUES (133, '(02) 2069 0819', 'tranjohn@example.com');
INSERT INTO Staff_Contact (staffid, phonenumber, email) VALUES (134, '+84-31-265143', 'john30@example.com');
INSERT INTO Staff_Contact (staffid, phonenumber, email) VALUES (135, '+84 29 9119384', 'janepham@example.com');
INSERT INTO Staff_Contact (staffid, phonenumber, email) VALUES (136, '(01)040-9956', 'phamjohn@example.org');
INSERT INTO Staff_Contact (staffid, phonenumber, email) VALUES (137, '+84 00 8593049', 'johntran@example.net');
INSERT INTO Staff_Contact (staffid, phonenumber, email) VALUES (138, '(01) 2976 4213', 'mmai@example.org');
INSERT INTO Staff_Contact (staffid, phonenumber, email) VALUES (139, '+84 55 3247140', 'udang@example.org');
INSERT INTO Staff_Contact (staffid, phonenumber, email) VALUES (140, '+84-32-133 8884', 'john58@example.org');
INSERT INTO Staff_Contact (staffid, phonenumber, email) VALUES (141, '+84-86-492870', 'jane16@example.net');
INSERT INTO Staff_Contact (staffid, phonenumber, email) VALUES (142, '+84-12-198 4362', 'janele@example.com');
INSERT INTO Staff_Contact (staffid, phonenumber, email) VALUES (143, '+84-45-667436', 'ndang@example.org');
INSERT INTO Staff_Contact (staffid, phonenumber, email) VALUES (144, '06 6359940', 'jane59@example.com');
INSERT INTO Staff_Contact (staffid, phonenumber, email) VALUES (145, '+84 48 2607630', 'john98@example.org');
INSERT INTO Staff_Contact (staffid, phonenumber, email) VALUES (146, '+84-19-872 8451', 'jane59@example.org');
INSERT INTO Staff_Contact (staffid, phonenumber, email) VALUES (147, '(02)424-4610', 'vhoang@example.com');
INSERT INTO Staff_Contact (staffid, phonenumber, email) VALUES (148, '+84 11 5062644', 'buijohn@example.net');
INSERT INTO Staff_Contact (staffid, phonenumber, email) VALUES (149, '+84-31-297363', 'jane07@example.com');
INSERT INTO Staff_Contact (staffid, phonenumber, email) VALUES (150, '+84-95-665 4539', 'john44@example.org');

-- === 3. BẢNG MOVIE (500 DÒNG) === --
INSERT INTO Movie (title, director, genre, duration, language, agerating, releasedate, synopsis) VALUES ('Balanced eco-centric firmware', 'Bùi Hữu Sơn', 'Hài hước', 109, 'Tiếng Hàn', 'P', '2024-12-24', 'Nào từ dưới cũng nếu lớn thế. Này gần rất. Nào chưa của.
Chỉ làm giữa đi như thì. Tôi bạn vẫn bạn để đi khiến.');
INSERT INTO Movie (title, director, genre, duration, language, agerating, releasedate, synopsis) VALUES ('User-centric executive collaboration', 'Nguyễn Thanh Đạt', 'Hài hước', 96, 'Tiếng Hàn', 'C18', '2026-05-05', 'Để tại rất điều như không vài. Để cho để vậy. Đã các được thay với như một cái. Các từng với chưa.');
INSERT INTO Movie (title, director, genre, duration, language, agerating, releasedate, synopsis) VALUES ('Re-contextualized optimizing artificial intelligence', 'Đỗ Bảo Sơn', 'Hài hước', 127, 'Tiếng Việt', 'C18', '2025-01-23', 'Có hơn để để của vẫn. Đi nào không đang nơi chưa mỗi để. Mỗi mà hoặc chưa bên đến.');
INSERT INTO Movie (title, director, genre, duration, language, agerating, releasedate, synopsis) VALUES ('Multi-channeled clear-thinking algorithm', 'Đặng Xuân Đạt', 'Viễn tưởng', 157, 'Tiếng Việt', 'C13', '2024-06-21', 'Cũng với nhiều mỗi nhiều. Của có tôi trong vẫn để.
Điều số hơn cách đã để. Đã này gần người tôi tự của. Trong khiến sẽ nhưng giống như.');
INSERT INTO Movie (title, director, genre, duration, language, agerating, releasedate, synopsis) VALUES ('Customer-focused holistic collaboration', 'Lý Đình Việt', 'Hành động', 137, 'Tiếng Việt', 'C16', '2025-05-01', 'Như từng cách trong không hoặc số như. Đúng nơi hơn trong như đúng về. Chưa với với thì trong của đang.');
INSERT INTO Movie (title, director, genre, duration, language, agerating, releasedate, synopsis) VALUES ('Pre-emptive dedicated hierarchy', 'Huỳnh Đức Trang', 'Kinh dị', 112, 'Tiếng Việt', 'C13', '2025-06-16', 'Từng cho tự một được lớn. Nhiều hơn từ cho bên. Có để về giống. Vậy của nhiều tự vì người chỉ.
Điều như thì nơi chỉ và để. Chưa lớn lớn.');
INSERT INTO Movie (title, director, genre, duration, language, agerating, releasedate, synopsis) VALUES ('Polarized zero administration circuit', 'Bùi Gia Trang', 'Hài hước', 147, 'Tiếng Anh', 'C13', '2025-11-18', 'Lớn cái nhưng mỗi khiến điều. Thay để của mà khi. Nhưng từng của có.
Hơn để đúng đi theo khi từ. Điều như của thì.');
INSERT INTO Movie (title, director, genre, duration, language, agerating, releasedate, synopsis) VALUES ('Secured leadingedge success', 'Trần Minh Ngọc', 'Tình cảm', 106, 'Tiếng Việt', 'C16', '2025-07-30', 'Vẫn các điều đến cái.
Tại khi sau trong giống đúng theo. Gần để người. Được hơn sẽ cái về.');
INSERT INTO Movie (title, director, genre, duration, language, agerating, releasedate, synopsis) VALUES ('Self-enabling zero-defect synergy', 'Huỳnh Văn Cường', 'Viễn tưởng', 166, 'Tiếng Việt', 'C18', '2025-03-27', 'Nhưng nhưng cách thế. Đúng là khi giống từ trong. Đến để khi trong đi đúng.
Với thay giữa cũng sau trong. Nhiều từ được mỗi có.');
INSERT INTO Movie (title, director, genre, duration, language, agerating, releasedate, synopsis) VALUES ('Public-key non-volatile instruction set', 'Vũ Minh Dũng', 'Hài hước', 162, 'Tiếng Hàn', 'P', '2025-01-13', 'Theo đi tại. Nhiều cho như. Sau làm số.
Này mỗi vì để.
Với các nếu như cái. Như như sau đúng nhiều để chưa. Nhiều sau người nơi mà chỉ.');
INSERT INTO Movie (title, director, genre, duration, language, agerating, releasedate, synopsis) VALUES ('Universal optimal emulation', 'Hồ Thúy Tuấn', 'Kinh dị', 122, 'Tiếng Hàn', 'C18', '2025-08-19', 'Của trong như làm cũng nhưng có. Điều như hơn trong nếu của.
Trong sẽ đó có bên như.
Tại của sẽ cũng. Số trong cũng từ nếu nhiều từng cho.');
INSERT INTO Movie (title, director, genre, duration, language, agerating, releasedate, synopsis) VALUES ('Implemented value-added forecast', 'Hồ Thu Đạt', 'Hài hước', 110, 'Tiếng Anh', 'C13', '2025-02-02', 'Điều vẫn tại để tự. Vài như vì chưa cũng. Để để nào nơi của đó làm.
Khi nhưng nhiều bên. Đang giống vẫn cũng.');
INSERT INTO Movie (title, director, genre, duration, language, agerating, releasedate, synopsis) VALUES ('Upgradable leadingedge array', 'Dương Đức Hà', 'Tình cảm', 168, 'Tiếng Việt', 'C18', '2024-07-21', 'Khi gần vẫn đi hơn một để. Thay gần trong để. Để điều này bên sẽ vì trong.
Vì làm cho hơn vẫn vài tại.');
INSERT INTO Movie (title, director, genre, duration, language, agerating, releasedate, synopsis) VALUES ('Mandatory holistic time-frame', 'Đặng Anh Đạt', 'Hành động', 105, 'Tiếng Hàn', 'C13', '2025-01-29', 'Để hơn và như số. Theo có mỗi theo mà cách thế. Người mỗi mà sẽ một vậy các nhưng.
Nếu như nếu hơn. Đúng là đang nào hoặc. Sẽ cũng nếu.');
INSERT INTO Movie (title, director, genre, duration, language, agerating, releasedate, synopsis) VALUES ('Assimilated tertiary data-warehouse', 'Phạm Đình Anh', 'Viễn tưởng', 178, 'Tiếng Việt', 'C13', '2024-11-16', 'Vì đang điều giống đúng đúng làm các. Các đi như được rất. Nơi với đi thì.
Thì và đi đã bên như bên của. Từ hơn giữa sẽ. Của cũng vài từ.');
INSERT INTO Movie (title, director, genre, duration, language, agerating, releasedate, synopsis) VALUES ('Organic actuating protocol', 'Lý Thanh Khánh', 'Tình cảm', 93, 'Tiếng Việt', 'P', '2026-01-26', 'Nào chưa tại. Đó vậy được đúng hơn bạn. Khi đó gần của vẫn sau cách.
Và sẽ vậy rất chưa người để mỗi. Thay về là.');
INSERT INTO Movie (title, director, genre, duration, language, agerating, releasedate, synopsis) VALUES ('Devolved background process improvement', 'Huỳnh Đình Anh', 'Kinh dị', 114, 'Tiếng Anh', 'C18', '2025-01-13', 'Lớn vài làm các. Của dưới từ nhưng vẫn. Hơn về hơn làm đi.
Được đi mỗi cách. Để thì như giữa cũng vậy giữa.
Này có làm lớn tự.');
INSERT INTO Movie (title, director, genre, duration, language, agerating, releasedate, synopsis) VALUES ('Extended composite complexity', 'Ngô Thu Phong', 'Hài hước', 103, 'Tiếng Anh', 'C16', '2025-12-13', 'Rất về bên nhưng được dưới để. Vì có sẽ với để của như. Vậy của về như có bên.
Để nào hoặc vì để cho. Các thay với nhiều gần thì.');
INSERT INTO Movie (title, director, genre, duration, language, agerating, releasedate, synopsis) VALUES ('Proactive 24/7 moratorium', 'Đặng Thúy Linh', 'Hành động', 166, 'Tiếng Anh', 'P', '2025-11-16', 'Chỉ của số trong đã lớn.
Hơn theo người không tại để. Để và về như để đi hơn chỉ.
Lớn vậy như được để người. Nếu như sau đúng số.');
INSERT INTO Movie (title, director, genre, duration, language, agerating, releasedate, synopsis) VALUES ('Extended grid-enabled migration', 'Dương Văn Ngọc', 'Viễn tưởng', 139, 'Tiếng Việt', 'C13', '2025-09-28', 'Cũng đang một cách trong. Dưới đang như của sau một giữa từ.
Theo dưới này tại. Cách đó như thay lớn. Chưa làm một dưới nơi hơn dưới vài.');
INSERT INTO Movie (title, director, genre, duration, language, agerating, releasedate, synopsis) VALUES ('Self-enabling foreground customer loyalty', 'Võ Mai Dũng', 'Viễn tưởng', 133, 'Tiếng Việt', 'P', '2025-02-27', 'Vài sẽ như giữa vài để mà. Bạn có một trong.
Mỗi từng tự cũng từ và. Để đến cũng điều chưa. Đúng người không mỗi hoặc.');
INSERT INTO Movie (title, director, genre, duration, language, agerating, releasedate, synopsis) VALUES ('De-engineered real-time array', 'Phan Đức Cường', 'Tình cảm', 122, 'Tiếng Anh', 'C18', '2024-11-24', 'Với vẫn của từ từ sau. Giống mỗi chỉ lớn mà từ lớn.
Vẫn của đúng như. Sẽ đang mà này để. Vài từng với nếu đúng người gần như.');
INSERT INTO Movie (title, director, genre, duration, language, agerating, releasedate, synopsis) VALUES ('Reverse-engineered actuating leverage', 'Dương Thu Thảo', 'Kinh dị', 134, 'Tiếng Việt', 'C16', '2025-12-08', 'Số số để thì. Chưa như nhưng. Sau thì trong đã để vài hơn. Được với khiến là.');
INSERT INTO Movie (title, director, genre, duration, language, agerating, releasedate, synopsis) VALUES ('User-centric bifurcated core', 'Đặng Bảo Ngọc', 'Tình cảm', 126, 'Tiếng Việt', 'C18', '2025-11-10', 'Cũng giống giống nào tại về. Là nơi như nơi. Sau tôi các không mỗi thì được.
Người đã có cũng cho từ. Sau để sẽ và vẫn.');
INSERT INTO Movie (title, director, genre, duration, language, agerating, releasedate, synopsis) VALUES ('Versatile homogeneous knowledgebase', 'Lý Ngọc Đạt', 'Tình cảm', 158, 'Tiếng Anh', 'C13', '2025-02-26', 'Để của trong để vài như thì. Thì làm chưa đã như giống.
Chưa chưa cách đó các đang với vì. Đó bạn bạn bạn hơn thay vậy. Lớn giữa được bạn.');
INSERT INTO Movie (title, director, genre, duration, language, agerating, releasedate, synopsis) VALUES ('Devolved static neural-net', 'Ngô Đức Dũng', 'Hài hước', 163, 'Tiếng Việt', 'C16', '2025-01-27', 'Bạn dưới cái từng như. Rất đã như trong thế. Rất của tôi.
Cách khi bên về cái như.');
INSERT INTO Movie (title, director, genre, duration, language, agerating, releasedate, synopsis) VALUES ('Robust real-time synergy', 'Dương Bảo Hải', 'Kinh dị', 139, 'Tiếng Anh', 'C18', '2025-09-15', 'Giữa được cái cũng bạn đến với. Được nào không như của.
Số từng của như tại của như. Thì theo của này vậy.');
INSERT INTO Movie (title, director, genre, duration, language, agerating, releasedate, synopsis) VALUES ('Cross-platform bifurcated implementation', 'Huỳnh Thị Sơn', 'Kinh dị', 125, 'Tiếng Việt', 'C13', '2024-06-30', 'Của vẫn cái được có của. Chưa bạn lớn giống không như. Để không là không mỗi thế cũng.
Này dưới thì đó thay trong. Và nếu là vì đó.');
INSERT INTO Movie (title, director, genre, duration, language, agerating, releasedate, synopsis) VALUES ('Adaptive cohesive knowledge user', 'Lê Văn Hà', 'Hành động', 103, 'Tiếng Anh', 'C16', '2024-07-31', 'Sau người đó hơn như.
Các sẽ như. Giống rất đó vì tại này trong. Của sẽ nơi.
Nếu đang các là làm. Từ hoặc sẽ cũng của mỗi.');
INSERT INTO Movie (title, director, genre, duration, language, agerating, releasedate, synopsis) VALUES ('Enterprise-wide multi-tasking complexity', 'Phan Xuân Thảo', 'Hài hước', 105, 'Tiếng Việt', 'C13', '2025-08-28', 'Như với đến thay từ. Khi một là đang.
Được với mỗi. Cái như cũng này từng như nhưng.');
INSERT INTO Movie (title, director, genre, duration, language, agerating, releasedate, synopsis) VALUES ('Innovative holistic knowledgebase', 'Dương Mai Lan', 'Hành động', 128, 'Tiếng Hàn', 'C13', '2026-05-11', 'Của vậy vài một đúng điều. Với hơn thay đúng.
Vẫn như về cũng đến được tại đang. Vậy của mà để từ nhưng mỗi. Điều sẽ tại cách này về.');
INSERT INTO Movie (title, director, genre, duration, language, agerating, releasedate, synopsis) VALUES ('Synergistic executive monitoring', 'Ngô Thanh Nhung', 'Tình cảm', 94, 'Tiếng Việt', 'C16', '2025-06-29', 'Như của trong của tôi với về như. Không sau đến nhiều. Làm cái có đang số làm.
Chưa từng với vài này cũng. Vì được vì cũng bạn.');
INSERT INTO Movie (title, director, genre, duration, language, agerating, releasedate, synopsis) VALUES ('Synchronized multi-state help-desk', 'Lê Văn Hải', 'Tình cảm', 104, 'Tiếng Anh', 'C18', '2026-01-22', 'Đi để nhiều như là. Người để đó một.
Sẽ như như trong để vậy. Đó nào từ thế. Để mà như làm. Cũng về với vì tại cách về.');
INSERT INTO Movie (title, director, genre, duration, language, agerating, releasedate, synopsis) VALUES ('Re-contextualized 6thgeneration attitude', 'Vũ Thu Cường', 'Tình cảm', 180, 'Tiếng Hàn', 'C18', '2026-04-15', 'Thay bạn đó cái. Hơn rất như có của.
Hoặc này hơn hơn rất giống của. Đi hơn không cũng vậy để. Đang bên tại và có hơn. Tại đó bên với từ nhiều.');
INSERT INTO Movie (title, director, genre, duration, language, agerating, releasedate, synopsis) VALUES ('Realigned real-time standardization', 'Trần Đức Nhung', 'Tình cảm', 117, 'Tiếng Anh', 'C18', '2025-08-02', 'Từ từ bạn chưa được. Giữa để gần nơi thay như hơn điều.');
INSERT INTO Movie (title, director, genre, duration, language, agerating, releasedate, synopsis) VALUES ('Sharable multi-state Local Area Network', 'Nguyễn Mai Linh', 'Hành động', 150, 'Tiếng Việt', 'C13', '2025-01-05', 'Với có đã vì. Như thì của. Làm bên này của điều đang.
Điều đúng với. Bạn tại mà không hơn chỉ nếu.');
INSERT INTO Movie (title, director, genre, duration, language, agerating, releasedate, synopsis) VALUES ('Seamless user-facing alliance', 'Nguyễn Thái Cường', 'Tình cảm', 121, 'Tiếng Việt', 'C18', '2024-08-25', 'Của với đi làm. Đang giữa hoặc các cho sẽ. Mỗi cũng cũng.
Nơi cái mà để. Mỗi chưa mỗi vẫn. Từ theo nhiều để này. Hơn bên hơn chỉ hơn này chỉ.');
INSERT INTO Movie (title, director, genre, duration, language, agerating, releasedate, synopsis) VALUES ('Customer-focused content-based focus group', 'Dương Hoàng Việt', 'Hài hước', 163, 'Tiếng Hàn', 'C16', '2024-09-14', 'Nếu một đã lớn. Bạn chưa chưa khi sẽ.
Là có có đang sau lớn. Lớn trong vì về từ.
Như tôi sau có có. Để thì để để.
Có sẽ để như. Đến thay nào.');
INSERT INTO Movie (title, director, genre, duration, language, agerating, releasedate, synopsis) VALUES ('Synergized high-level time-frame', 'Lý Thu Lan', 'Viễn tưởng', 154, 'Tiếng Việt', 'P', '2025-06-03', 'Giữa mà đã để. Thay được nào có vẫn và. Đi giống mà như làm của.
Của như đến theo cách nhiều số. Hơn đến của nếu số.');
INSERT INTO Movie (title, director, genre, duration, language, agerating, releasedate, synopsis) VALUES ('Digitized asynchronous contingency', 'Nguyễn Bảo Phong', 'Kinh dị', 125, 'Tiếng Anh', 'C18', '2026-02-04', 'Điều nào nào một trong dưới từ khi. Đã từ hoặc hơn mỗi hơn thế.
Vài điều như đó nhưng. Vậy cách chỉ lớn cũng về. Vẫn vậy trong làm.');
INSERT INTO Movie (title, director, genre, duration, language, agerating, releasedate, synopsis) VALUES ('Balanced asymmetric monitoring', 'Lý Đình Nhung', 'Tình cảm', 170, 'Tiếng Anh', 'P', '2026-06-12', 'Tự như đang cũng nào nào từ. Làm thế nếu số mỗi.
Trong rất thế có như nhiều cách. Để một với nơi rất giữa.');
INSERT INTO Movie (title, director, genre, duration, language, agerating, releasedate, synopsis) VALUES ('Integrated asynchronous approach', 'Vũ Thái Nam', 'Hành động', 105, 'Tiếng Hàn', 'P', '2025-10-28', 'Làm với mỗi có tại trong làm. Giống số bên vậy vài làm.
Theo theo như nhiều vậy về thay. Như làm như cho làm gần làm.');
INSERT INTO Movie (title, director, genre, duration, language, agerating, releasedate, synopsis) VALUES ('Integrated web-enabled definition', 'Đặng Ngọc Cường', 'Hài hước', 175, 'Tiếng Hàn', 'P', '2026-03-11', 'Hơn mà đó từ. Các cái từ cho tôi đi thì. Vẫn giống như thay.
Từng và và nhiều làm. Không này không cho như.');
INSERT INTO Movie (title, director, genre, duration, language, agerating, releasedate, synopsis) VALUES ('Customer-focused context-sensitive matrices', 'Trần Xuân Hoa', 'Hài hước', 127, 'Tiếng Việt', 'C18', '2026-03-16', 'Tại mỗi chỉ đã. Được của để trong thì bạn. Từng trong đúng với tôi đúng. Thì cách mỗi của đó khi không được.
Người một mỗi cũng cũng.');
INSERT INTO Movie (title, director, genre, duration, language, agerating, releasedate, synopsis) VALUES ('Devolved holistic system engine', 'Bùi Hải Hải', 'Kinh dị', 90, 'Tiếng Việt', 'P', '2025-07-27', 'Dưới từ các với đúng. Nhưng khi với như với sau có khi. Người không rất như.
Với được có đi đến của. Mỗi đi có mỗi cũng.');
INSERT INTO Movie (title, director, genre, duration, language, agerating, releasedate, synopsis) VALUES ('Networked dedicated process improvement', 'Nguyễn Bảo Dũng', 'Kinh dị', 167, 'Tiếng Việt', 'C18', '2024-12-10', 'Thế là cho gần.
Trong hoặc trong đúng. Chỉ vài nào với người đi nào. Cách đúng đó mà như chỉ. Với người chỉ thế.');
INSERT INTO Movie (title, director, genre, duration, language, agerating, releasedate, synopsis) VALUES ('Re-contextualized mission-critical groupware', 'Hoàng Gia Lan', 'Tình cảm', 138, 'Tiếng Việt', 'C16', '2026-05-06', 'Có khi cũng cách là thế từ của. Khiến không một bên để từ khi có. Nhiều bạn một của hoặc lớn để của.');
INSERT INTO Movie (title, director, genre, duration, language, agerating, releasedate, synopsis) VALUES ('Operative background algorithm', 'Lý Thu Dũng', 'Hài hước', 177, 'Tiếng Việt', 'C18', '2025-06-04', 'Nào không làm cái như cách như. Để dưới vẫn cách có. Mà tự một mà đang để tại.
Thì nhưng theo sau nhiều. Chưa một thì mỗi cái như của.');
INSERT INTO Movie (title, director, genre, duration, language, agerating, releasedate, synopsis) VALUES ('Optional intermediate info-mediaries', 'Lê Anh Anh', 'Viễn tưởng', 173, 'Tiếng Việt', 'C13', '2024-09-03', 'Và khi gần để rất nhiều sẽ. Và theo là để trong vẫn. Nhiều tôi dưới hoặc.
Một với sẽ thay của đúng hoặc. Như số gần số.');
INSERT INTO Movie (title, director, genre, duration, language, agerating, releasedate, synopsis) VALUES ('Phased dynamic conglomeration', 'Trần Đình Ngọc', 'Hài hước', 137, 'Tiếng Việt', 'C16', '2026-03-10', 'Với cho từng sau người như cũng. Vậy rất đang với từng khiến của. Các có với dưới.');
INSERT INTO Movie (title, director, genre, duration, language, agerating, releasedate, synopsis) VALUES ('Multi-lateral asynchronous matrices', 'Trần Thanh Cường', 'Hài hước', 109, 'Tiếng Anh', 'C16', '2024-12-02', 'Về lớn như số nơi gần đi. Và rất hoặc đó. Điều bạn gần.
Chưa nhiều trong người. Thay từng như có về về làm cũng. Đang của như như theo.');
INSERT INTO Movie (title, director, genre, duration, language, agerating, releasedate, synopsis) VALUES ('Expanded non-volatile encoding', 'Bùi Thái Hà', 'Hành động', 171, 'Tiếng Hàn', 'C18', '2025-01-01', 'Chưa đúng hơn không nhưng thế. Thì sẽ tôi để làm.
Sẽ sau có vẫn nhiều. Lớn dưới như. Các nơi như tại.
Từng vẫn với chỉ trong như.');
INSERT INTO Movie (title, director, genre, duration, language, agerating, releasedate, synopsis) VALUES ('Exclusive impactful time-frame', 'Nguyễn Anh Nam', 'Kinh dị', 106, 'Tiếng Việt', 'P', '2025-05-08', 'Của như không lớn đến số. Mỗi lớn vì tự các hoặc.
Của như để như tại số. Đã nhưng đi đến. Người như người từ.');
INSERT INTO Movie (title, director, genre, duration, language, agerating, releasedate, synopsis) VALUES ('Universal actuating Local Area Network', 'Dương Thúy Anh', 'Kinh dị', 166, 'Tiếng Anh', 'C16', '2025-05-16', 'Cái tôi chỉ là như để tại. Cũng vẫn đó thế sau cho trong. Bên như hơn.
Giống một của nhiều chỉ nhiều thì. Bạn vậy vì nhưng từ.');
INSERT INTO Movie (title, director, genre, duration, language, agerating, releasedate, synopsis) VALUES ('Face-to-face client-server array', 'Võ Minh Sơn', 'Viễn tưởng', 158, 'Tiếng Việt', 'C16', '2025-12-26', 'Tại với của tôi. Cho sau nơi với một cũng. Để hơn làm đang.
Thế theo như. Chỉ để nào chưa với chưa các. Đi mỗi tự người hơn tại đi.');
INSERT INTO Movie (title, director, genre, duration, language, agerating, releasedate, synopsis) VALUES ('Synergized content-based archive', 'Đặng Minh Anh', 'Viễn tưởng', 129, 'Tiếng Việt', 'P', '2026-02-23', 'Nếu làm đi từ nhiều giữa. Đang được về thay bạn.
Đang vậy là một đến làm mà của.
Của tôi các. Đi có giống dưới đến hơn. Thế cách rất này như về như.');
INSERT INTO Movie (title, director, genre, duration, language, agerating, releasedate, synopsis) VALUES ('Intuitive interactive hierarchy', 'Dương Mai Thảo', 'Hài hước', 102, 'Tiếng Hàn', 'C16', '2026-02-03', 'Là rất bạn. Thay chỉ là hơn số được.
Như để cũng. Khi với đã tự thì có từ. Không người cũng.');
INSERT INTO Movie (title, director, genre, duration, language, agerating, releasedate, synopsis) VALUES ('Profound actuating hub', 'Đỗ Hữu Hoa', 'Tình cảm', 147, 'Tiếng Anh', 'C13', '2024-12-20', 'Vậy mà này như không có từng. Tôi cho người như từ đi như.
Với một cho của với để các một. Cho để theo đang sẽ. Như cũng nhưng được từ thì vài dưới.');
INSERT INTO Movie (title, director, genre, duration, language, agerating, releasedate, synopsis) VALUES ('Realigned neutral moderator', 'Hoàng Gia Thảo', 'Hài hước', 155, 'Tiếng Việt', 'C13', '2025-12-09', 'Mà đi hơn như.
Điều giống với của từ. Nhiều dưới để cũng chưa từ của.
Vẫn thì giống. Đúng người tôi nơi được. Thế theo có các từ một.');
INSERT INTO Movie (title, director, genre, duration, language, agerating, releasedate, synopsis) VALUES ('Visionary empowering complexity', 'Huỳnh Hữu Dũng', 'Hành động', 154, 'Tiếng Việt', 'C13', '2025-10-13', 'Tôi như để dưới sẽ là điều. Gần hoặc theo giống.
Trong như khiến từ. Vẫn mà của về các trong.');
INSERT INTO Movie (title, director, genre, duration, language, agerating, releasedate, synopsis) VALUES ('Expanded bandwidth-monitored superstructure', 'Phạm Tuấn Linh', 'Kinh dị', 178, 'Tiếng Hàn', 'C13', '2026-01-03', 'Sau mỗi về. Đến vậy để trong thì. Thế tại dưới vậy chưa từ.');
INSERT INTO Movie (title, director, genre, duration, language, agerating, releasedate, synopsis) VALUES ('Optimized bi-directional flexibility', 'Hồ Xuân Hoa', 'Tình cảm', 151, 'Tiếng Việt', 'C13', '2026-03-25', 'Vẫn hơn cũng có đúng. Hơn làm từ để đó đúng nơi.
Hoặc để đang người được. Tôi từ dưới sẽ có từng. Về gần mỗi hơn giống trong vẫn của.');
INSERT INTO Movie (title, director, genre, duration, language, agerating, releasedate, synopsis) VALUES ('Re-engineered secondary methodology', 'Vũ Đình Hoa', 'Hành động', 102, 'Tiếng Hàn', 'C18', '2025-12-23', 'Đang mà giống cái vài trong và tôi.
Là của từng nếu giống. Nhiều để vài hơn cũng từ làm.
Cũng rất của lớn. Sẽ không hơn tự nào dưới làm. Vậy vậy và.');
INSERT INTO Movie (title, director, genre, duration, language, agerating, releasedate, synopsis) VALUES ('Proactive value-added hierarchy', 'Bùi Tuấn Linh', 'Hành động', 114, 'Tiếng Hàn', 'C16', '2025-05-18', 'Hơn thì từ với thay. Cũng khiến dưới chưa có các cũng. Mà đó rất như tự tại của. Hơn nào sau của vì.
Theo dưới bạn được đã. Của có giống tự.');
INSERT INTO Movie (title, director, genre, duration, language, agerating, releasedate, synopsis) VALUES ('Synergistic impactful knowledge user', 'Bùi Văn Dũng', 'Hành động', 132, 'Tiếng Việt', 'P', '2025-06-21', 'Bên có vẫn điều để đang. Là cách nào có tôi chưa.
Mỗi là đi trong cho. Giữa vì chỉ số của tại đó.');
INSERT INTO Movie (title, director, genre, duration, language, agerating, releasedate, synopsis) VALUES ('Self-enabling systemic help-desk', 'Võ Gia Khánh', 'Hài hước', 164, 'Tiếng Hàn', 'C13', '2026-01-30', 'Từng người khiến của tại. Cũng một tôi của làm từ.
Hoặc bên làm nhưng đi vài tại. Giữa không thay khiến. Giữa theo như thế trong bạn có.');
INSERT INTO Movie (title, director, genre, duration, language, agerating, releasedate, synopsis) VALUES ('Reverse-engineered 24/7 function', 'Đỗ Xuân Đạt', 'Viễn tưởng', 173, 'Tiếng Hàn', 'P', '2026-02-23', 'Làm theo vài sau. Để người từng.
Đang làm vậy bạn. Không đã mỗi thay được được tại cũng. Về vì giống của các mà để.');
INSERT INTO Movie (title, director, genre, duration, language, agerating, releasedate, synopsis) VALUES ('Intuitive asymmetric definition', 'Phạm Đức Sơn', 'Kinh dị', 139, 'Tiếng Anh', 'C16', '2025-02-19', 'Dưới này các làm. Rất các với vậy cũng. Với gần số đang.
Thay hơn nơi. Tôi tự rất. Vậy số dưới tại làm nhiều.
Người từng nhiều số của.');
INSERT INTO Movie (title, director, genre, duration, language, agerating, releasedate, synopsis) VALUES ('Cross-group leadingedge forecast', 'Lý Gia Khánh', 'Hành động', 104, 'Tiếng Anh', 'C16', '2024-07-10', 'Thay của có đã. Vẫn mà đi của bên từ.
Dưới đến từ đã dưới cho của như.
Của cũng hơn. Đến mỗi làm như đang.');
INSERT INTO Movie (title, director, genre, duration, language, agerating, releasedate, synopsis) VALUES ('Seamless context-sensitive monitoring', 'Phạm Xuân Hà', 'Hài hước', 167, 'Tiếng Hàn', 'C16', '2025-08-30', 'Bạn bên để rất người. Vẫn để với.
Mỗi thay giữa trong tôi với đã với. Nào khi với là không hoặc về. Tại khiến rất đã.');
INSERT INTO Movie (title, director, genre, duration, language, agerating, releasedate, synopsis) VALUES ('Customizable foreground hardware', 'Huỳnh Thị Tuấn', 'Kinh dị', 161, 'Tiếng Hàn', 'C13', '2025-10-15', 'Dưới các nếu các từ. Về thay rất khi. Người này của và giữa. Đi trong mỗi hơn vẫn.');
INSERT INTO Movie (title, director, genre, duration, language, agerating, releasedate, synopsis) VALUES ('Streamlined composite definition', 'Lý Thu Hà', 'Hài hước', 101, 'Tiếng Hàn', 'C18', '2025-10-05', 'Dưới để từ tự hơn. Làm giống thay được theo đã với tôi.
Bên từng rất. Như vẫn các làm để vài vài. Thì vậy nhưng vậy.');
INSERT INTO Movie (title, director, genre, duration, language, agerating, releasedate, synopsis) VALUES ('Balanced methodical website', 'Phan Gia Nhung', 'Hành động', 104, 'Tiếng Anh', 'C18', '2026-05-24', 'Có chưa hơn giống. Không từ nhiều trong người trong chưa.
Mỗi trong đến để.
Hơn là nơi nhưng với có như. Nào nhưng thế lớn hơn đang cũng.');
INSERT INTO Movie (title, director, genre, duration, language, agerating, releasedate, synopsis) VALUES ('Vision-oriented cohesive framework', 'Phan Anh Huy', 'Viễn tưởng', 117, 'Tiếng Hàn', 'C16', '2024-10-07', 'Và không giống cũng đó sau. Như thì cũng không theo.
Mà như từng các có cũng. Các sau như từ hơn mà. Cũng bên nơi khiến nhưng các để.');
INSERT INTO Movie (title, director, genre, duration, language, agerating, releasedate, synopsis) VALUES ('Assimilated transitional Local Area Network', 'Phạm Anh Đạt', 'Hành động', 114, 'Tiếng Anh', 'C18', '2026-05-06', 'Với sẽ đã. Chưa cái không.
Tại lớn để khi đã này để có. Từ vì khiến sau.
Rất mỗi như sau sẽ. Có cái để cách này sau rất nơi.');
INSERT INTO Movie (title, director, genre, duration, language, agerating, releasedate, synopsis) VALUES ('Triple-buffered explicit parallelism', 'Đỗ Hoàng Hà', 'Viễn tưởng', 120, 'Tiếng Việt', 'C16', '2026-06-13', 'Điều có của hơn thì. Như gần được nhưng.
Cho gần làm như gần vì. Một đi theo đó vậy hơn giữa.
Này vẫn nơi như vì vậy này thay. Khi chỉ và.');
INSERT INTO Movie (title, director, genre, duration, language, agerating, releasedate, synopsis) VALUES ('Business-focused client-driven pricing structure', 'Nguyễn Tuấn Phong', 'Hành động', 164, 'Tiếng Hàn', 'C13', '2024-06-24', 'Cái tại thay. Số của mà cách nơi nào về một.
Nơi của khiến dưới gần. Hoặc gần tôi nếu khi tự đúng. Giống nhưng vài để cũng để.');
INSERT INTO Movie (title, director, genre, duration, language, agerating, releasedate, synopsis) VALUES ('Public-key responsive hierarchy', 'Dương Bảo Trang', 'Tình cảm', 113, 'Tiếng Việt', 'C18', '2024-11-13', 'Trong tôi từng một nhưng nơi. Tôi tại các là các bạn để. Có để cho. Khiến để thế như tại nhưng như.');
INSERT INTO Movie (title, director, genre, duration, language, agerating, releasedate, synopsis) VALUES ('Extended mission-critical migration', 'Bùi Bảo Cường', 'Hành động', 154, 'Tiếng Việt', 'C16', '2025-08-23', 'Không số này vậy gần tại. Bên khi đến như số như khiến. Từng có thay nhiều chưa.
Dưới hoặc cho. Cái giống để cũng.');
INSERT INTO Movie (title, director, genre, duration, language, agerating, releasedate, synopsis) VALUES ('Customizable system-worthy Graphic Interface', 'Phan Thanh Phong', 'Kinh dị', 103, 'Tiếng Anh', 'P', '2024-10-24', 'Như không các số hơn vì chỉ hoặc. Như đang cái trong giống sẽ nơi.
Điều hơn này như hoặc giống vậy. Thì vậy như của. Giống nhiều từ đang như cũng.');
INSERT INTO Movie (title, director, genre, duration, language, agerating, releasedate, synopsis) VALUES ('Proactive zero-defect matrices', 'Vũ Mai Tuấn', 'Viễn tưởng', 123, 'Tiếng Việt', 'P', '2026-03-26', 'Đã vài khi đến đúng cho từ mỗi.
Để hơn chưa tại là. Tại khiến từng điều rất với giữa. Với người số các.');
INSERT INTO Movie (title, director, genre, duration, language, agerating, releasedate, synopsis) VALUES ('Virtual well-modulated portal', 'Võ Thanh Trang', 'Hài hước', 135, 'Tiếng Việt', 'C18', '2024-12-11', 'Hơn như giống khi. Vậy để một từng tại thì giống.
Không mỗi để của đúng nhưng đó từ. Các dưới được nhưng lớn.
Sau các lớn từ vậy đi. Sẽ đúng là cách.');
INSERT INTO Movie (title, director, genre, duration, language, agerating, releasedate, synopsis) VALUES ('Fully-configurable interactive architecture', 'Võ Thị Thảo', 'Hành động', 159, 'Tiếng Việt', 'P', '2026-03-18', 'Chỉ người trong bạn không. Hoặc giống làm.');
INSERT INTO Movie (title, director, genre, duration, language, agerating, releasedate, synopsis) VALUES ('Function-based context-sensitive hierarchy', 'Trần Đình Tuấn', 'Tình cảm', 177, 'Tiếng Anh', 'C13', '2024-10-12', 'Các trong được. Cũng khi không để vì tôi của nhiều. Nhưng nhưng như đúng.');
INSERT INTO Movie (title, director, genre, duration, language, agerating, releasedate, synopsis) VALUES ('Team-oriented web-enabled hierarchy', 'Nguyễn Minh Khánh', 'Kinh dị', 118, 'Tiếng Việt', 'P', '2026-03-16', 'Nhiều giữa sẽ như. Thì cũng hoặc để. Dưới của hơn sẽ trong.
Một không từ rất. Chỉ đúng như thế chỉ của như. Nào như điều của trong sẽ.');
INSERT INTO Movie (title, director, genre, duration, language, agerating, releasedate, synopsis) VALUES ('Optimized explicit solution', 'Dương Gia Đạt', 'Viễn tưởng', 132, 'Tiếng Anh', 'C13', '2025-08-21', 'Sẽ đang để cũng.
Nào chỉ là cũng gần sẽ.
Giữa cũng tự cũng cách để. Cho người đến các bên về.');
INSERT INTO Movie (title, director, genre, duration, language, agerating, releasedate, synopsis) VALUES ('Fully-configurable grid-enabled solution', 'Dương Xuân Sơn', 'Viễn tưởng', 141, 'Tiếng Hàn', 'C16', '2025-09-06', 'Tôi vẫn của sẽ cũng cho vẫn.
Nhiều nơi lớn khi. Sau các từ làm cũng vài.
Vẫn nhưng khi điều. Nào vẫn này mỗi thay để như. Để để sẽ như thế.');
INSERT INTO Movie (title, director, genre, duration, language, agerating, releasedate, synopsis) VALUES ('Phased actuating project', 'Phan Xuân Hải', 'Viễn tưởng', 126, 'Tiếng Việt', 'P', '2024-11-02', 'Này hơn người có với. Vài nào cách giữa có thì. Bên như từng.
Trong có thế để cách hoặc. Cái như đó cũng lớn.');
INSERT INTO Movie (title, director, genre, duration, language, agerating, releasedate, synopsis) VALUES ('Cloned analyzing frame', 'Võ Đình Huy', 'Viễn tưởng', 134, 'Tiếng Việt', 'P', '2026-04-05', 'Đi được thay cho. Làm như sẽ bên mỗi cũng với. Tự mỗi tại của. Giống hơn của nhiều vài với tại.');
INSERT INTO Movie (title, director, genre, duration, language, agerating, releasedate, synopsis) VALUES ('User-centric regional open system', 'Lý Thanh Khánh', 'Tình cảm', 137, 'Tiếng Việt', 'C16', '2025-11-27', 'Vì về bên mỗi mỗi. Tự vậy nào tôi cũng vì chỉ cũng.
Về giống thế chỉ cái. Có đi nhưng như của từ mà cách.
Về của đó tự lớn tôi.');
INSERT INTO Movie (title, director, genre, duration, language, agerating, releasedate, synopsis) VALUES ('Business-focused local service-desk', 'Đặng Bảo Huy', 'Hài hước', 100, 'Tiếng Việt', 'P', '2025-07-19', 'Không đi nào như làm. Từng như nơi thì sau mà hơn. Cũng bên theo các trong đó.
Khiến trong như. Để số số khi sau vậy.');
INSERT INTO Movie (title, director, genre, duration, language, agerating, releasedate, synopsis) VALUES ('Reverse-engineered cohesive encryption', 'Võ Minh Dũng', 'Viễn tưởng', 165, 'Tiếng Anh', 'P', '2025-11-28', 'Với từ trong tại vậy có. Cũng và đó hơn dưới. Cũng đúng của đi.
Cũng từ trong nhưng vẫn của này cách.');
INSERT INTO Movie (title, director, genre, duration, language, agerating, releasedate, synopsis) VALUES ('Pre-emptive value-added website', 'Ngô Thu Cường', 'Viễn tưởng', 166, 'Tiếng Việt', 'C16', '2025-10-23', 'Bên nếu đã để. Giống mỗi đúng để trong. Có như mỗi trong cũng bên. Vài nếu sẽ vậy nào làm.');
INSERT INTO Movie (title, director, genre, duration, language, agerating, releasedate, synopsis) VALUES ('Optional secondary policy', 'Bùi Mai Việt', 'Viễn tưởng', 91, 'Tiếng Hàn', 'P', '2025-02-27', 'Có tại người cũng. Không vài điều số cho trong.
Tại là để với cũng. Chưa thay cũng chưa đến để sẽ. Điều là tự tự đi.');
INSERT INTO Movie (title, director, genre, duration, language, agerating, releasedate, synopsis) VALUES ('Stand-alone cohesive portal', 'Huỳnh Tuấn Phong', 'Tình cảm', 166, 'Tiếng Anh', 'C18', '2025-05-14', 'Dưới thay đó trong sau cũng. Như mỗi nào nếu từng là là.
Đến tự làm đến một.');
INSERT INTO Movie (title, director, genre, duration, language, agerating, releasedate, synopsis) VALUES ('Diverse systematic intranet', 'Phan Gia Cường', 'Viễn tưởng', 126, 'Tiếng Anh', 'C13', '2025-02-02', 'Và mỗi để điều trong điều điều.
Cái nếu theo bên mỗi. Khiến theo rất sau giống theo giống.');
INSERT INTO Movie (title, director, genre, duration, language, agerating, releasedate, synopsis) VALUES ('Mandatory executive Graphical User Interface', 'Đỗ Mai Trang', 'Viễn tưởng', 162, 'Tiếng Anh', 'C16', '2024-07-02', 'Mà vẫn với vì làm. Cũng trong chỉ.
Giống rất là như người hoặc. Về số từ. Giống tự cho các để thế.');
INSERT INTO Movie (title, director, genre, duration, language, agerating, releasedate, synopsis) VALUES ('Centralized user-facing application', 'Nguyễn Xuân Thảo', 'Tình cảm', 95, 'Tiếng Việt', 'C16', '2025-07-30', 'Mà hơn thì bạn hoặc. Bạn lớn cũng lớn tại. Nhiều tôi hơn nhưng có đến đúng.
Tại để như dưới tự chưa. Của người cho tại trong thế.');
INSERT INTO Movie (title, director, genre, duration, language, agerating, releasedate, synopsis) VALUES ('Operative directional structure', 'Trần Hữu Anh', 'Kinh dị', 97, 'Tiếng Anh', 'P', '2026-04-15', 'Trong nếu để. Từng để của với. Cách chưa bên.
Hơn tại bạn.
Vì đã để hoặc dưới để. Tôi thế từng trong giống. Từ nếu số như nơi làm trong điều.');
INSERT INTO Movie (title, director, genre, duration, language, agerating, releasedate, synopsis) VALUES ('Phased static firmware', 'Huỳnh Thúy Việt', 'Hài hước', 129, 'Tiếng Hàn', 'C13', '2025-03-02', 'Chỉ trong người thay và chưa với.
Khiến lớn giống đã với để. Chỉ nếu cách hơn vẫn đến tự bạn. Gần để không trong tôi nhiều.');
INSERT INTO Movie (title, director, genre, duration, language, agerating, releasedate, synopsis) VALUES ('Open-architected tangible adapter', 'Đặng Bảo Phong', 'Tình cảm', 180, 'Tiếng Việt', 'C16', '2026-02-17', 'Nhiều bên giữa tại. Cũng như nhiều đến nếu nhiều mỗi. Giống nhưng như.
Về hơn cho giống. Giữa của đó nhưng. Được như chỉ bên vài như với.');
INSERT INTO Movie (title, director, genre, duration, language, agerating, releasedate, synopsis) VALUES ('Centralized non-volatile info-mediaries', 'Hoàng Gia Huy', 'Hành động', 149, 'Tiếng Hàn', 'C13', '2026-01-29', 'Có nếu có hơn. Bên khi bên là. Sẽ cái từ sau với.');
INSERT INTO Movie (title, director, genre, duration, language, agerating, releasedate, synopsis) VALUES ('Ergonomic impactful throughput', 'Hồ Thu Tuấn', 'Hài hước', 92, 'Tiếng Anh', 'P', '2025-09-18', 'Vậy như của là rất điều. Để hơn giữa thì của trong các. Đang với nơi đã không. Vậy vậy đến với hoặc cách lớn giống.');
INSERT INTO Movie (title, director, genre, duration, language, agerating, releasedate, synopsis) VALUES ('Cross-group regional implementation', 'Đỗ Mai Hà', 'Viễn tưởng', 170, 'Tiếng Anh', 'C18', '2026-04-20', 'Để như hơn cho của. Cái cũng lớn tôi rất có. Đi như cũng thế chỉ.
Giống như từ thế bên chỉ chưa. Là đã rất cái làm.');
INSERT INTO Movie (title, director, genre, duration, language, agerating, releasedate, synopsis) VALUES ('Configurable asynchronous paradigm', 'Ngô Bảo Phong', 'Hài hước', 134, 'Tiếng Việt', 'P', '2024-12-27', 'Số thế khiến chưa của đúng. Hơn được sau cũng rất. Nào theo thay của giống.
Vì một chỉ sau. Rất rất cũng về hơn. Mà về hoặc chưa như.');
INSERT INTO Movie (title, director, genre, duration, language, agerating, releasedate, synopsis) VALUES ('Organized object-oriented encryption', 'Phạm Thúy Anh', 'Kinh dị', 130, 'Tiếng Hàn', 'C16', '2025-08-23', 'Cũng từ không. Chưa tại đi dưới chưa vài cũng đúng. Về người chỉ chưa bên hơn một.
Nơi vẫn như gần nơi trong điều. Của để trong không số cho gần.');
INSERT INTO Movie (title, director, genre, duration, language, agerating, releasedate, synopsis) VALUES ('Customizable optimizing orchestration', 'Dương Hữu Nhung', 'Tình cảm', 113, 'Tiếng Anh', 'P', '2026-01-27', 'Để tại từ hoặc như tại. Với tự với đúng như mỗi chỉ. Của thay mà đến cái.
Này sẽ bạn khi chỉ bên một.');
INSERT INTO Movie (title, director, genre, duration, language, agerating, releasedate, synopsis) VALUES ('User-centric reciprocal encoding', 'Hoàng Gia Linh', 'Tình cảm', 142, 'Tiếng Việt', 'C16', '2024-09-21', 'Gần của cái của từ với từ. Mà rất hơn.
Vẫn tự cái giữa. Từng lớn cũng. Như được cũng giữa thì.
Của điều các đúng tôi. Vậy số của.');
INSERT INTO Movie (title, director, genre, duration, language, agerating, releasedate, synopsis) VALUES ('Total human-resource infrastructure', 'Phan Thái Đạt', 'Hài hước', 133, 'Tiếng Hàn', 'C16', '2025-11-09', 'Từ cũng vẫn theo để.
Đó có chỉ cũng. Hoặc làm như tôi từ giống có. Của đó hơn có khiến người tự đã. Chỉ giống cho.');
INSERT INTO Movie (title, director, genre, duration, language, agerating, releasedate, synopsis) VALUES ('Stand-alone multimedia architecture', 'Huỳnh Văn Hoa', 'Hài hước', 141, 'Tiếng Anh', 'P', '2024-08-16', 'Vì để như mỗi về với điều. Mỗi có mà hơn nhưng bạn.
Từ lớn vẫn rất trong cái cho mỗi. Các với điều như gần người đang để.');
INSERT INTO Movie (title, director, genre, duration, language, agerating, releasedate, synopsis) VALUES ('Progressive zero tolerance groupware', 'Võ Ngọc Hải', 'Tình cảm', 116, 'Tiếng Hàn', 'P', '2025-06-11', 'Đó nào để là với nào tại là. Điều chưa cái chỉ. Tại cái để bên mỗi một.
Cách khiến các này của. Khiến vài để nào bên.');
INSERT INTO Movie (title, director, genre, duration, language, agerating, releasedate, synopsis) VALUES ('Down-sized mobile intranet', 'Lý Văn Cường', 'Hài hước', 122, 'Tiếng Anh', 'C13', '2025-08-04', 'Hơn nhiều về số cách với. Chưa như thế các nơi vài nếu.
Từng cách hơn. Về người tại là không thay vì bạn.
Một trong cho về. Vì của không.');
INSERT INTO Movie (title, director, genre, duration, language, agerating, releasedate, synopsis) VALUES ('Synchronized content-based concept', 'Ngô Thị Hoa', 'Hành động', 173, 'Tiếng Anh', 'C16', '2025-01-28', 'Từng các người nào. Không từng chỉ đến vài để.');
INSERT INTO Movie (title, director, genre, duration, language, agerating, releasedate, synopsis) VALUES ('Re-contextualized 3rdgeneration analyzer', 'Ngô Đình Sơn', 'Viễn tưởng', 170, 'Tiếng Việt', 'P', '2024-06-22', 'Hơn không với điều cũng. Để khi vì lớn. Này nơi của và tại cho nhưng.
Theo vậy vài để các. Tôi gần không vài như như đúng các.');
INSERT INTO Movie (title, director, genre, duration, language, agerating, releasedate, synopsis) VALUES ('Intuitive real-time firmware', 'Trần Đình Nhung', 'Kinh dị', 150, 'Tiếng Hàn', 'C13', '2024-08-31', 'Để để hơn trong nếu. Theo đang thế. Để về một theo.
Giống tại vậy đó chưa trong. Khiến bên được về nhưng này đó để. Vẫn giống vì cũng hơn của.');
INSERT INTO Movie (title, director, genre, duration, language, agerating, releasedate, synopsis) VALUES ('Organized maximized alliance', 'Dương Anh Đạt', 'Viễn tưởng', 102, 'Tiếng Hàn', 'C16', '2024-12-14', 'Lớn không hoặc. Mà tại từng như của không.
Của khi như có có làm nơi thế. Của tự đi.');
INSERT INTO Movie (title, director, genre, duration, language, agerating, releasedate, synopsis) VALUES ('Organic bandwidth-monitored model', 'Trần Bảo Sơn', 'Hành động', 118, 'Tiếng Hàn', 'C16', '2025-04-06', 'Khi và như hơn các điều với vậy. Tại giữa để của tại có. Vẫn điều sau theo khiến sẽ.
Một cách bạn thay hơn. Vậy với được thế. Sau thì thay.');
INSERT INTO Movie (title, director, genre, duration, language, agerating, releasedate, synopsis) VALUES ('Advanced secondary neural-net', 'Ngô Thanh Tuấn', 'Hài hước', 153, 'Tiếng Anh', 'C13', '2025-03-23', 'Có của thì lớn bên đó. Đến cũng mỗi này cách.
Điều từ điều từng theo đúng không để. Đi chỉ như từ tại này. Đến này với.');
INSERT INTO Movie (title, director, genre, duration, language, agerating, releasedate, synopsis) VALUES ('Organized client-driven process improvement', 'Ngô Hải Cường', 'Hài hước', 164, 'Tiếng Việt', 'C16', '2024-09-03', 'Mà với vậy vẫn. Tại có bạn thế tại.
Hoặc thế có. Tại tại bạn.
Giữa trong đó vậy thì. Số trong này đúng đúng nếu khiến như.');
INSERT INTO Movie (title, director, genre, duration, language, agerating, releasedate, synopsis) VALUES ('Horizontal directional intranet', 'Phan Thanh Phong', 'Hành động', 92, 'Tiếng Việt', 'P', '2024-06-27', 'Làm từ có tự một từ như hơn. Nơi như vậy chỉ vài chưa bên. Hơn tại dưới như vì các vẫn.');
INSERT INTO Movie (title, director, genre, duration, language, agerating, releasedate, synopsis) VALUES ('Re-engineered full-range software', 'Hoàng Hữu Tuấn', 'Viễn tưởng', 126, 'Tiếng Hàn', 'C13', '2024-10-19', 'Nào đang là làm với này. Làm cũng từ cho. Vậy rất bên để như.
Từng như để đã này nơi. Đang hoặc như trong của không.');
INSERT INTO Movie (title, director, genre, duration, language, agerating, releasedate, synopsis) VALUES ('Cloned analyzing installation', 'Nguyễn Minh Nhung', 'Hài hước', 160, 'Tiếng Anh', 'P', '2026-03-03', 'Với vẫn lớn không mỗi trong của. Sau từng của như đúng tôi.
Vẫn từng thì có giữa. Như đó để.
Tôi trong một. Của một gần đã rất đi thì.');
INSERT INTO Movie (title, director, genre, duration, language, agerating, releasedate, synopsis) VALUES ('User-centric background protocol', 'Phạm Đức Đạt', 'Kinh dị', 172, 'Tiếng Anh', 'C18', '2025-01-18', 'Hoặc và giữa rất lớn này vẫn. Là rất chưa điều như đi tại để. Như một rất hơn.
Tôi sau như đó. Chỉ hơn vì đó. Nào vẫn được như vậy giữa với.');
INSERT INTO Movie (title, director, genre, duration, language, agerating, releasedate, synopsis) VALUES ('Automated intermediate website', 'Phan Thanh Anh', 'Viễn tưởng', 164, 'Tiếng Anh', 'C13', '2025-05-27', 'Từng rất cũng một vậy số hoặc. Như nơi rất trong cho. Chưa với tôi đó nếu. Để với như của hoặc.
Một của nhưng.');
INSERT INTO Movie (title, director, genre, duration, language, agerating, releasedate, synopsis) VALUES ('Horizontal scalable customer loyalty', 'Đỗ Gia Nhung', 'Hành động', 95, 'Tiếng Hàn', 'C13', '2024-07-13', 'Nào như đã gần. Số để nơi vậy để hơn lớn.
Hoặc đi này như từ. Để thế đang.
Mỗi khiến nếu cho. Và tôi cách mỗi nào như.');
INSERT INTO Movie (title, director, genre, duration, language, agerating, releasedate, synopsis) VALUES ('Enhanced directional help-desk', 'Huỳnh Ngọc Nhung', 'Kinh dị', 146, 'Tiếng Hàn', 'C13', '2024-12-25', 'Để sẽ hơn nào của. Bạn tự đến theo để nhiều thế.
Nhiều có như đi đúng chỉ vài chỉ. Từ cách số như nhưng. Thế khiến có từ không.');
INSERT INTO Movie (title, director, genre, duration, language, agerating, releasedate, synopsis) VALUES ('Organized disintermediate success', 'Dương Xuân Hà', 'Hành động', 120, 'Tiếng Anh', 'P', '2025-02-17', 'Bạn như nào với. Không có nhưng không số.
Về với dưới vài hơn. Điều là nhưng làm như gần.
Nếu mỗi vẫn. Như không làm bạn trong.');
INSERT INTO Movie (title, director, genre, duration, language, agerating, releasedate, synopsis) VALUES ('Self-enabling static strategy', 'Dương Gia Thảo', 'Hành động', 128, 'Tiếng Hàn', 'C13', '2025-05-16', 'Có tôi trong cách của của.
Đó sau đang với tự. Từng tại nhiều rất.');
INSERT INTO Movie (title, director, genre, duration, language, agerating, releasedate, synopsis) VALUES ('Persistent zero tolerance infrastructure', 'Đỗ Thanh Tuấn', 'Viễn tưởng', 141, 'Tiếng Anh', 'C16', '2024-09-27', 'Nếu như với bạn vậy tự nhiều.
Có số này có từ. Để dưới cái được. Giữa cũng sẽ vậy thế để bạn.');
INSERT INTO Movie (title, director, genre, duration, language, agerating, releasedate, synopsis) VALUES ('Ergonomic stable moderator', 'Bùi Đức Dũng', 'Hành động', 158, 'Tiếng Việt', 'P', '2024-12-01', 'Làm và mà đi. Hơn điều rất trong và tại.
Đó đúng như là sau. Sẽ được hơn giống với và.');
INSERT INTO Movie (title, director, genre, duration, language, agerating, releasedate, synopsis) VALUES ('Extended eco-centric workforce', 'Dương Hải Sơn', 'Hài hước', 111, 'Tiếng Hàn', 'C16', '2025-06-22', 'Của hơn về rất đi để. Vài để đi cách. Lớn vài nào dưới nhiều khiến.
Này gần có cũng. Có cho dưới thế dưới đang sau.');
INSERT INTO Movie (title, director, genre, duration, language, agerating, releasedate, synopsis) VALUES ('Organized incremental hub', 'Phan Mai Huy', 'Tình cảm', 165, 'Tiếng Anh', 'C16', '2024-10-22', 'Mà cho đã được tại. Giữa nơi vậy khiến thế của.
Nếu cũng gần từng. Lớn từ của.
Đang như của nơi tự. Giống cái để số nhiều.');
INSERT INTO Movie (title, director, genre, duration, language, agerating, releasedate, synopsis) VALUES ('De-engineered encompassing standardization', 'Huỳnh Thanh Trang', 'Viễn tưởng', 98, 'Tiếng Hàn', 'C13', '2025-11-05', 'Bạn sẽ từ đã từ. Vì số lớn tại của. Đang đã thế tự. Tự như cho để đó và.
Và để tại vẫn.');
INSERT INTO Movie (title, director, genre, duration, language, agerating, releasedate, synopsis) VALUES ('Face-to-face uniform open system', 'Trần Minh Huy', 'Tình cảm', 135, 'Tiếng Anh', 'C18', '2025-07-02', 'Một hơn theo lớn gần. Trong cũng bạn với có tại cái. Dưới sau hơn về.
Vì thì đó không một. Hơn cũng đang theo đang bên có.');
INSERT INTO Movie (title, director, genre, duration, language, agerating, releasedate, synopsis) VALUES ('Virtual national attitude', 'Đặng Gia Lan', 'Viễn tưởng', 134, 'Tiếng Anh', 'C13', '2025-01-03', 'Mỗi điều và chỉ từ số nếu. Để không cho vẫn cho để theo. Của từng lớn đến.
Nơi về gần rất giống được để để.');
INSERT INTO Movie (title, director, genre, duration, language, agerating, releasedate, synopsis) VALUES ('Open-source secondary paradigm', 'Vũ Đức Trang', 'Hành động', 157, 'Tiếng Hàn', 'C13', '2025-07-03', 'Bên có để như. Với như vẫn khi.
Như hơn trong thay cách để đúng. Không khiến nhiều để mỗi như được vì. Giữa như vậy với tại vì để.');
INSERT INTO Movie (title, director, genre, duration, language, agerating, releasedate, synopsis) VALUES ('Phased homogeneous Graphic Interface', 'Vũ Đức Hoa', 'Viễn tưởng', 140, 'Tiếng Hàn', 'P', '2026-03-02', 'Người một đang bạn theo. Thế một khi giữa của thế cho.
Thì vài cho đó rất sau. Về nhưng giống sau.');
INSERT INTO Movie (title, director, genre, duration, language, agerating, releasedate, synopsis) VALUES ('Inverse user-facing project', 'Ngô Mai Khánh', 'Kinh dị', 126, 'Tiếng Hàn', 'C16', '2025-08-04', 'Hơn trong vài đi trong vài. Cũng đúng có tôi đang.
Là cách chỉ hơn trong. Đi từng hơn trong như lớn.');
INSERT INTO Movie (title, director, genre, duration, language, agerating, releasedate, synopsis) VALUES ('Multi-lateral reciprocal product', 'Dương Anh Trang', 'Viễn tưởng', 171, 'Tiếng Anh', 'P', '2024-10-08', 'Khi lớn giống hơn giống trong từ. Đúng nhiều được nhưng được như khiến.
Vẫn đến hoặc mỗi vậy. Thế tại đó để điều như vẫn của.');
INSERT INTO Movie (title, director, genre, duration, language, agerating, releasedate, synopsis) VALUES ('Organic tangible methodology', 'Trần Hữu Nhung', 'Hành động', 159, 'Tiếng Hàn', 'C13', '2025-02-21', 'Hơn như với thế.
Người đi tôi của. Đi các đến hoặc như.
Cái của tôi nếu cũng thế về.');
INSERT INTO Movie (title, director, genre, duration, language, agerating, releasedate, synopsis) VALUES ('Operative bifurcated protocol', 'Vũ Tuấn Dũng', 'Viễn tưởng', 125, 'Tiếng Việt', 'P', '2025-11-11', 'Và sẽ nơi bạn hơn. Vẫn như như của như đó.
Vài và trong đã có đến.
Bên trong từ sau tại từng. Trong một không từ.');
INSERT INTO Movie (title, director, genre, duration, language, agerating, releasedate, synopsis) VALUES ('Expanded actuating leverage', 'Dương Đức Việt', 'Tình cảm', 131, 'Tiếng Việt', 'C18', '2025-03-05', 'Đến làm thì thế. Mỗi với cũng đang cách đã mà. Đúng rất có một từng sẽ.
Từ từ giữa đi mỗi gần vì. Của cách nếu để để với vậy. Vì tôi hoặc để là.');
INSERT INTO Movie (title, director, genre, duration, language, agerating, releasedate, synopsis) VALUES ('Business-focused analyzing moratorium', 'Lý Xuân Hải', 'Kinh dị', 135, 'Tiếng Anh', 'P', '2025-03-22', 'Giống thì các trong nhưng nhiều thì. Của hơn và theo. Cũng từ rất để vậy.
Hơn cái thế bên vì nơi. Trong mỗi đó cái vẫn vài.');
INSERT INTO Movie (title, director, genre, duration, language, agerating, releasedate, synopsis) VALUES ('Monitored empowering moderator', 'Phan Tuấn Anh', 'Viễn tưởng', 180, 'Tiếng Việt', 'P', '2025-05-13', 'Của của có là này. Này để cái như với các điều. Người tại sẽ thế.
Là bạn là lớn. Tại của trong vài.');
INSERT INTO Movie (title, director, genre, duration, language, agerating, releasedate, synopsis) VALUES ('Up-sized attitude-oriented capacity', 'Ngô Anh Sơn', 'Hài hước', 127, 'Tiếng Anh', 'C13', '2024-10-06', 'Nào đó đã của từ thay. Như này của nếu nhưng lớn của. Đi chỉ từ giống nơi. Để thay lớn mỗi đang.
Có số mà đó của về.');
INSERT INTO Movie (title, director, genre, duration, language, agerating, releasedate, synopsis) VALUES ('Focused 24/7 collaboration', 'Hồ Ngọc Dũng', 'Kinh dị', 111, 'Tiếng Hàn', 'C16', '2024-07-18', 'Cách chưa rất số vậy một hoặc nơi. Là của này lớn như giống. Đi sau đó nhiều một đúng tại.
Tại thay thì để. Như mà bạn nếu khiến như tôi.');
INSERT INTO Movie (title, director, genre, duration, language, agerating, releasedate, synopsis) VALUES ('De-engineered dynamic data-warehouse', 'Phạm Mai Nhung', 'Hành động', 144, 'Tiếng Việt', 'P', '2024-08-11', 'Hơn để này giống số từng về. Với như như thay thay.
Chỉ và tự cho. Để về của vì cũng từ.');
INSERT INTO Movie (title, director, genre, duration, language, agerating, releasedate, synopsis) VALUES ('Realigned interactive leverage', 'Phan Đức Lan', 'Viễn tưởng', 138, 'Tiếng Việt', 'P', '2024-08-21', 'Để đó từ. Hoặc tự của vì cách. Lớn tôi chưa để thay.');
INSERT INTO Movie (title, director, genre, duration, language, agerating, releasedate, synopsis) VALUES ('Virtual regional core', 'Hồ Xuân Thảo', 'Viễn tưởng', 165, 'Tiếng Anh', 'C18', '2024-07-21', 'Từ như sẽ cũng tự. Để đang bạn trong. Và gần trong dưới để sẽ. Rất cách như hơn.
Trong có đến. Của như đến. Khi gần vậy cái.');
INSERT INTO Movie (title, director, genre, duration, language, agerating, releasedate, synopsis) VALUES ('Diverse coherent hardware', 'Ngô Thúy Thảo', 'Viễn tưởng', 167, 'Tiếng Việt', 'C16', '2026-05-27', 'Cách chưa thế mỗi là đó.
Nào với tự bạn chưa vẫn điều từ. Như mỗi tại có. Không không được mỗi chưa với đang.');
INSERT INTO Movie (title, director, genre, duration, language, agerating, releasedate, synopsis) VALUES ('Progressive upward-trending matrices', 'Huỳnh Hải Khánh', 'Hành động', 153, 'Tiếng Hàn', 'C18', '2025-11-12', 'Thế sẽ sau như như các về. Vậy lớn như như hơn. Điều như để người thì đang giữa. Đi của hơn vì giống đã.');
INSERT INTO Movie (title, director, genre, duration, language, agerating, releasedate, synopsis) VALUES ('Public-key multi-tasking utilization', 'Võ Gia Thảo', 'Kinh dị', 158, 'Tiếng Hàn', 'C18', '2026-04-10', 'Giữa vài rất như. Của của đúng. Lớn một gần vẫn đang từ giữa.
Hơn để không trong nơi chưa nhưng để. Có tại vẫn.');
INSERT INTO Movie (title, director, genre, duration, language, agerating, releasedate, synopsis) VALUES ('Fully-configurable clear-thinking matrix', 'Dương Hải Anh', 'Viễn tưởng', 94, 'Tiếng Việt', 'C16', '2024-09-17', 'Nhưng dưới gần và thế và có dưới. Tự hơn một đó để nào. Có tại điều trong. Không trong tự.');
INSERT INTO Movie (title, director, genre, duration, language, agerating, releasedate, synopsis) VALUES ('Multi-channeled client-server access', 'Trần Mai Huy', 'Hài hước', 163, 'Tiếng Việt', 'P', '2024-12-15', 'Bạn trong người nhiều trong vì gần. Nào cái tự vì như.
Như sau tại. Nếu hơn của lớn. Đang thì chỉ.
Thay giữa để người như thì cũng.');
INSERT INTO Movie (title, director, genre, duration, language, agerating, releasedate, synopsis) VALUES ('Advanced background protocol', 'Dương Minh Phong', 'Tình cảm', 155, 'Tiếng Việt', 'P', '2026-01-04', 'Cũng cho đó người như. Đến về trong và hoặc thì làm để.
Của rất này thì từ khi. Với có trong để.
Tại đó để nhưng hoặc.');
INSERT INTO Movie (title, director, genre, duration, language, agerating, releasedate, synopsis) VALUES ('Progressive didactic implementation', 'Ngô Mai Nhung', 'Hành động', 150, 'Tiếng Hàn', 'C18', '2025-09-29', 'Số có hơn theo. Từng vẫn sau gần nhiều. Nhiều có của với chỉ.
Từ về và tự trong vậy. Theo của để số. Gần mà của từ sau.');
INSERT INTO Movie (title, director, genre, duration, language, agerating, releasedate, synopsis) VALUES ('Up-sized next generation budgetary management', 'Huỳnh Đức Hải', 'Hành động', 174, 'Tiếng Hàn', 'C13', '2025-03-31', 'Làm hơn có khiến. Làm thì nhưng để của đã dưới. Cho như tôi để hoặc không. Lớn khi thì nơi chỉ.');
INSERT INTO Movie (title, director, genre, duration, language, agerating, releasedate, synopsis) VALUES ('Cloned incremental neural-net', 'Hoàng Thái Linh', 'Hành động', 164, 'Tiếng Hàn', 'C13', '2026-05-03', 'Của cách theo rất. Như tôi về cũng số bên nơi.
Tại mà sau và tại tôi cũng. Với của để người cách cho.
Tự để có hơn đã các. Nào nếu để sẽ được.');
INSERT INTO Movie (title, director, genre, duration, language, agerating, releasedate, synopsis) VALUES ('Customizable client-driven customer loyalty', 'Dương Anh Huy', 'Hành động', 108, 'Tiếng Anh', 'C16', '2026-04-01', 'Đã vậy trong để cách. Trong của số. Khi từng nơi hoặc.
Khi vì từ từ.
Là nếu cũng các dưới. Sẽ thế chưa theo thế của. Điều nào theo có có khi hơn với.');
INSERT INTO Movie (title, director, genre, duration, language, agerating, releasedate, synopsis) VALUES ('Programmable client-server matrix', 'Phan Thị Tuấn', 'Kinh dị', 107, 'Tiếng Hàn', 'C18', '2024-09-21', 'Đó đang trong lớn theo như của. Nơi trong điều bạn cũng sau để. Của vậy nếu.
Từng đó như. Tại lớn người lớn. Và đó thế này vậy.');
INSERT INTO Movie (title, director, genre, duration, language, agerating, releasedate, synopsis) VALUES ('Universal mobile secured line', 'Phan Thu Linh', 'Viễn tưởng', 167, 'Tiếng Việt', 'C13', '2025-04-16', 'Đến khiến bạn đến. Sau cái thế để tại mỗi.
Của để từng từng giữa tự từng. Không làm của. Gần rất vài của nơi.');
INSERT INTO Movie (title, director, genre, duration, language, agerating, releasedate, synopsis) VALUES ('Seamless impactful leverage', 'Trần Mai Huy', 'Kinh dị', 127, 'Tiếng Việt', 'C16', '2026-01-14', 'Chỉ sẽ nơi có. Cách để để để vẫn nhiều. Để thay đi hơn hoặc một một.
Trong mà như khi. Khiến đang từ cái. Để như khi của đúng trong.');
INSERT INTO Movie (title, director, genre, duration, language, agerating, releasedate, synopsis) VALUES ('Switchable next generation projection', 'Nguyễn Thu Khánh', 'Viễn tưởng', 110, 'Tiếng Anh', 'C13', '2025-10-13', 'Của khi vẫn từ mà từ không. Người đang của cách đến.
Không có tại nếu. Hơn vài điều tại gần cái. Để vậy khi như.
Hơn như của gần. Của như được của.');
INSERT INTO Movie (title, director, genre, duration, language, agerating, releasedate, synopsis) VALUES ('Future-proofed discrete knowledgebase', 'Phạm Bảo Ngọc', 'Hành động', 137, 'Tiếng Hàn', 'P', '2026-05-29', 'Bạn vậy khiến có. Khi khiến nhưng bên hơn như.
Để mà như để. Từ để đã từ bạn vẫn đến.
Cũng sau cũng là chỉ từ chỉ.');
INSERT INTO Movie (title, director, genre, duration, language, agerating, releasedate, synopsis) VALUES ('Right-sized content-based solution', 'Phạm Đức Huy', 'Hành động', 104, 'Tiếng Anh', 'C13', '2025-05-08', 'Và thì đúng mỗi với. Như vẫn về chưa khi. Nơi sẽ giống từ để.');
INSERT INTO Movie (title, director, genre, duration, language, agerating, releasedate, synopsis) VALUES ('Decentralized bi-directional approach', 'Phan Thị Hải', 'Hài hước', 98, 'Tiếng Việt', 'P', '2025-06-13', 'Giống như chưa giống đó cho.
Dưới từ không cách này thay thay. Giữa trong đang giống rất chỉ. Thì để có chưa các.');
INSERT INTO Movie (title, director, genre, duration, language, agerating, releasedate, synopsis) VALUES ('Ergonomic eco-centric contingency', 'Lý Xuân Linh', 'Hài hước', 101, 'Tiếng Việt', 'C13', '2026-02-12', 'Hoặc đúng như các nơi. Mỗi của làm như đi đã để. Dưới hoặc làm.
Để cho để đúng. Đến như để gần của.');
INSERT INTO Movie (title, director, genre, duration, language, agerating, releasedate, synopsis) VALUES ('Function-based human-resource algorithm', 'Phạm Minh Anh', 'Hành động', 156, 'Tiếng Hàn', 'C16', '2024-08-09', 'Và của chưa sau đi. Chỉ khi để tự khi. Giữa như với nhưng người bên lớn.
Tại cũng nơi như. Lớn trong từng.');
INSERT INTO Movie (title, director, genre, duration, language, agerating, releasedate, synopsis) VALUES ('Integrated intangible artificial intelligence', 'Huỳnh Anh Đạt', 'Kinh dị', 95, 'Tiếng Anh', 'C13', '2025-12-01', 'Bạn với giữa đó.
Cách cũng nhưng vì để. Cũng cũng để.
Chưa hơn của số. Gần một mà đang. Trong của tại về làm để.');
INSERT INTO Movie (title, director, genre, duration, language, agerating, releasedate, synopsis) VALUES ('Configurable grid-enabled knowledgebase', 'Đặng Đức Nhung', 'Hài hước', 131, 'Tiếng Việt', 'C13', '2025-05-17', 'Đúng nào vẫn. Theo vài và đó đã. Đi từ giữa như theo vì.
Để có giống.
Từ cũng theo các theo. Của chưa gần gần vậy có chỉ nơi. Nhưng để của được.');
INSERT INTO Movie (title, director, genre, duration, language, agerating, releasedate, synopsis) VALUES ('Open-source impactful application', 'Lê Thái Dũng', 'Kinh dị', 98, 'Tiếng Anh', 'C16', '2026-05-23', 'Từ các nào hơn. Với của mà cũng. Này cho khi như tự.
Cái rất có và để cho. Của cho tại nếu đúng.
Của lớn hơn từ giống. Khiến đi từ gần như cho.');
INSERT INTO Movie (title, director, genre, duration, language, agerating, releasedate, synopsis) VALUES ('Business-focused asynchronous product', 'Võ Đức Trang', 'Hành động', 125, 'Tiếng Việt', 'C18', '2025-06-12', 'Một này các đến hoặc. Của được sẽ chỉ rất cho. Tự và thay không cũng tại vậy thay.
Về từng này đến làm với. Khiến đó và để nhưng.');
INSERT INTO Movie (title, director, genre, duration, language, agerating, releasedate, synopsis) VALUES ('Advanced 4thgeneration productivity', 'Lý Tuấn Khánh', 'Kinh dị', 163, 'Tiếng Việt', 'C16', '2026-03-26', 'Làm hoặc khiến các theo như. Đã chỉ sau của. Tại như số trong chưa để.
Giống cho thế tại. Sẽ người và cách đúng đó. Dưới có thế thì.');
INSERT INTO Movie (title, director, genre, duration, language, agerating, releasedate, synopsis) VALUES ('Fully-configurable encompassing product', 'Trần Xuân Lan', 'Hài hước', 124, 'Tiếng Việt', 'C18', '2024-08-30', 'Của các tôi nếu. Theo cho hơn không.
Nếu có tự làm này. Trong sau này để mỗi. Sau của đã mà bên.
Như cũng có để. Bên dưới cũng dưới.');
INSERT INTO Movie (title, director, genre, duration, language, agerating, releasedate, synopsis) VALUES ('User-friendly modular array', 'Lý Ngọc Phong', 'Tình cảm', 168, 'Tiếng Hàn', 'P', '2025-05-11', 'Nhiều với làm về lớn. Để số để đúng.
Của đi vẫn đang được này để. Cũng như trong nếu từ. Của vẫn khi sẽ nhiều với vẫn.
Mà vẫn như với cách sẽ nào.');
INSERT INTO Movie (title, director, genre, duration, language, agerating, releasedate, synopsis) VALUES ('Networked eco-centric pricing structure', 'Lý Minh Lan', 'Hài hước', 155, 'Tiếng Việt', 'P', '2025-02-04', 'Thế để hơn sẽ người khiến. Trong cái này nhiều có như.
Và nào hơn. Vài từ để bạn vậy đang. Của nào không này để vậy. Tôi từ bạn nhưng có.');
INSERT INTO Movie (title, director, genre, duration, language, agerating, releasedate, synopsis) VALUES ('Organic human-resource Graphical User Interface', 'Dương Thanh Việt', 'Hài hước', 110, 'Tiếng Anh', 'C18', '2025-04-17', 'Này vẫn thay dưới của. Rất một rất nếu này. Với rất nơi như.
Này chưa thế như các trong. Tôi không từ từ này nơi. Từ hơn tôi đúng làm nếu.');
INSERT INTO Movie (title, director, genre, duration, language, agerating, releasedate, synopsis) VALUES ('Cross-platform multi-state archive', 'Huỳnh Đình Nam', 'Viễn tưởng', 174, 'Tiếng Anh', 'C13', '2025-06-27', 'Khi nhiều tôi đã theo. Hơn sẽ từng này cách hơn mà.
Để và người đúng các gần đã. Của cũng nào nhiều đến.');
INSERT INTO Movie (title, director, genre, duration, language, agerating, releasedate, synopsis) VALUES ('Exclusive holistic utilization', 'Trần Đình Trang', 'Tình cảm', 94, 'Tiếng Anh', 'C13', '2025-09-29', 'Đang vẫn như để. Theo rất nhưng bên. Đúng được tôi của chưa không các và.
Nếu không như không có cho chưa. Trong của vài nơi để.');
INSERT INTO Movie (title, director, genre, duration, language, agerating, releasedate, synopsis) VALUES ('Persistent needs-based framework', 'Hồ Hữu Trang', 'Viễn tưởng', 123, 'Tiếng Anh', 'P', '2024-08-15', 'Một điều tại để. Đến số đi lớn cũng. Đúng làm vẫn đi của.
Cách gần được. Sau mỗi tôi hơn như giữa cũng trong. Như khi các nhiều từng thì gần.');
INSERT INTO Movie (title, director, genre, duration, language, agerating, releasedate, synopsis) VALUES ('Polarized directional workforce', 'Võ Bảo Nhung', 'Tình cảm', 142, 'Tiếng Việt', 'C18', '2024-09-04', 'Với trong sau sẽ tự số. Thay từng mỗi cũng một số các. Lớn vậy thế trong điều giữa.
Tôi tự như như. Để đó các và đó sau của. Như mỗi từng.');
INSERT INTO Movie (title, director, genre, duration, language, agerating, releasedate, synopsis) VALUES ('Multi-layered real-time software', 'Hồ Đình Ngọc', 'Hành động', 130, 'Tiếng Việt', 'C16', '2025-10-10', 'Mà này cũng tại. Với tự điều sẽ.
Khiến cho thế tôi. Nào các cách mỗi. Dưới thì trong cũng.
Với này thì đến lớn. Được là để và nơi thế của.');
INSERT INTO Movie (title, director, genre, duration, language, agerating, releasedate, synopsis) VALUES ('Compatible holistic superstructure', 'Phạm Đức Cường', 'Tình cảm', 146, 'Tiếng Việt', 'C16', '2026-01-09', 'Đúng cũng của đang có mà cái. Cũng nhiều với vài người của để. Lớn của đã sẽ mà như.');
INSERT INTO Movie (title, director, genre, duration, language, agerating, releasedate, synopsis) VALUES ('Right-sized asymmetric solution', 'Vũ Thái Dũng', 'Tình cảm', 134, 'Tiếng Hàn', 'C16', '2025-02-24', 'Các hơn về dưới tự lớn. Chỉ từ số hoặc.
Không của để không nhưng sau.
Số tôi nếu rất sau. Gần bên bạn cách.');
INSERT INTO Movie (title, director, genre, duration, language, agerating, releasedate, synopsis) VALUES ('Multi-lateral radical website', 'Huỳnh Thị Phong', 'Viễn tưởng', 97, 'Tiếng Việt', 'C16', '2026-05-05', 'Từ từ tôi thì và khiến. Tại để người như bên tại cái.
Vài trong từng nếu người này rất. Cái thì tại bên nếu để. Từ lớn điều hơn theo để.');
INSERT INTO Movie (title, director, genre, duration, language, agerating, releasedate, synopsis) VALUES ('Polarized context-sensitive attitude', 'Hoàng Bảo Hoa', 'Kinh dị', 151, 'Tiếng Việt', 'P', '2025-06-03', 'Sẽ được mà từng. Cũng tại nếu lớn.
Là như vậy để một số. Vậy như theo như.
Gần này số bên với bên. Vì có với làm nhưng vậy.
Để của vài để.');
INSERT INTO Movie (title, director, genre, duration, language, agerating, releasedate, synopsis) VALUES ('Future-proofed bi-directional website', 'Bùi Thái Nhung', 'Hành động', 162, 'Tiếng Hàn', 'C18', '2025-09-15', 'Thay của gần như cũng là. Tự giữa như dưới. Giữa số đi vì như tôi cái về. Khiến số cho đang là từng.
Như chưa được nào.');
INSERT INTO Movie (title, director, genre, duration, language, agerating, releasedate, synopsis) VALUES ('Self-enabling attitude-oriented flexibility', 'Ngô Hoàng Anh', 'Hài hước', 146, 'Tiếng Hàn', 'C16', '2025-10-24', 'Chưa đi nếu tôi nơi. Sẽ có nào. Điều bên thay gần có của sau.
Của như cách chỉ mỗi. Bạn đúng với người cho. Để từ rất cách để giống.');
INSERT INTO Movie (title, director, genre, duration, language, agerating, releasedate, synopsis) VALUES ('Business-focused holistic solution', 'Bùi Tuấn Việt', 'Tình cảm', 128, 'Tiếng Anh', 'P', '2025-04-26', 'Về như hơn một. Gần thế như của sau cũng như như. Mỗi tại nếu giữa với các.');
INSERT INTO Movie (title, director, genre, duration, language, agerating, releasedate, synopsis) VALUES ('Profound user-facing task-force', 'Dương Tuấn Ngọc', 'Tình cảm', 154, 'Tiếng Hàn', 'C16', '2024-11-23', 'Một của đi như. Một đã của về hoặc. Từng mỗi đang đang. Có như làm mỗi cũng của thì.');
INSERT INTO Movie (title, director, genre, duration, language, agerating, releasedate, synopsis) VALUES ('Customizable 4thgeneration adapter', 'Lê Hải Huy', 'Hài hước', 94, 'Tiếng Việt', 'C18', '2025-10-31', 'Chỉ cho có mỗi. Giống của hơn gần giống tự cái đúng.
Vẫn nơi nào cũng từ số cũng.
Đi giữa các vẫn trong theo cũng khi. Đúng với trong.');
INSERT INTO Movie (title, director, genre, duration, language, agerating, releasedate, synopsis) VALUES ('Cross-platform bifurcated software', 'Huỳnh Tuấn Dũng', 'Kinh dị', 128, 'Tiếng Hàn', 'P', '2026-04-26', 'Rất các để có có. Được thế hơn cho. Vì lớn về đi. Nếu nào nhiều thế là.
Chưa vì như dưới. Các khiến số mỗi.');
INSERT INTO Movie (title, director, genre, duration, language, agerating, releasedate, synopsis) VALUES ('Sharable even-keeled matrix', 'Nguyễn Thị Sơn', 'Kinh dị', 95, 'Tiếng Hàn', 'C13', '2025-02-25', 'Tự vài này giống của thế. Đúng thay có chỉ rất mà nhưng có.
Mỗi đến như nhưng tại. Là chưa là như là.
Đã là gần bên.');
INSERT INTO Movie (title, director, genre, duration, language, agerating, releasedate, synopsis) VALUES ('Vision-oriented reciprocal middleware', 'Ngô Thái Tuấn', 'Hành động', 105, 'Tiếng Hàn', 'P', '2024-10-28', 'Một để thế nhưng từng sẽ với. Để trong để chỉ tại.
Không đang như này thay đã đang. Như trong với người được đúng. Tại đang nếu đang như.');
INSERT INTO Movie (title, director, genre, duration, language, agerating, releasedate, synopsis) VALUES ('Fundamental asynchronous Graphical User Interface', 'Lý Ngọc Tuấn', 'Hành động', 153, 'Tiếng Hàn', 'C16', '2024-11-26', 'Với thay vì làm khiến đang. Dưới cũng trong nhưng hơn để. Tự cũng một là đã thì.
Nếu tại vài vì. Người bên nhưng bên cách vài tôi.');
INSERT INTO Movie (title, director, genre, duration, language, agerating, releasedate, synopsis) VALUES ('Object-based content-based circuit', 'Dương Minh Linh', 'Hành động', 109, 'Tiếng Anh', 'P', '2024-07-28', 'Vẫn để dưới một. Với chỉ không của đi đó.
Để làm làm cách từ từ. Vì vẫn tại từng khi. Một mỗi vẫn đến thay nào cách. Là hơn để của.');
INSERT INTO Movie (title, director, genre, duration, language, agerating, releasedate, synopsis) VALUES ('Seamless methodical website', 'Võ Thu Trang', 'Hành động', 141, 'Tiếng Anh', 'C13', '2025-07-28', 'Từ nhiều lớn đúng có từ thế. Đang mỗi vì với cũng bạn tôi. Cho cũng như vì.
Cho sau đang tự. Vì điều với để mỗi cái đã. Đi để vài và.');
INSERT INTO Movie (title, director, genre, duration, language, agerating, releasedate, synopsis) VALUES ('Managed local focus group', 'Trần Hải Hải', 'Hài hước', 175, 'Tiếng Hàn', 'P', '2024-07-03', 'Của tự của cũng giống. Có cái để đi. Vì nào đúng nhưng với.
Của số của một nơi. Đến theo với như lớn vì thì. Hơn giữa đang này nhiều.');
INSERT INTO Movie (title, director, genre, duration, language, agerating, releasedate, synopsis) VALUES ('Stand-alone 5thgeneration concept', 'Phạm Thị Anh', 'Tình cảm', 105, 'Tiếng Anh', 'C18', '2026-03-12', 'Cho cũng vì thay. Đi đi sẽ người theo đi chưa có. Gần về không đúng.
Thay như một hoặc. Để hơn như đúng. Và này nào để. Nào nào một.');
INSERT INTO Movie (title, director, genre, duration, language, agerating, releasedate, synopsis) VALUES ('Multi-channeled radical matrix', 'Võ Văn Phong', 'Tình cảm', 175, 'Tiếng Anh', 'C16', '2026-06-12', 'Nơi về đến trong đi.
Khi vài được nhiều thế mà. Với thế không khi. Vậy vì là đi đang.
Đến của đi cũng vài. Tại tại là trong. Đã đi chưa chưa hơn lớn.');
INSERT INTO Movie (title, director, genre, duration, language, agerating, releasedate, synopsis) VALUES ('Synergistic composite capacity', 'Lý Bảo Ngọc', 'Tình cảm', 154, 'Tiếng Anh', 'C13', '2025-08-06', 'Vì giống là chưa của. Bạn hơn một từ rất số.
Nhiều khiến tại bạn tôi nhiều. Hoặc chưa nhiều sau vẫn hoặc từ. Dưới để của khiến một mà.');
INSERT INTO Movie (title, director, genre, duration, language, agerating, releasedate, synopsis) VALUES ('Function-based dynamic utilization', 'Vũ Gia Việt', 'Kinh dị', 132, 'Tiếng Việt', 'C13', '2024-09-24', 'Làm số tại điều khi. Đang đi nếu. Là có mỗi bên một.
Nào đã như. Như như là.');
INSERT INTO Movie (title, director, genre, duration, language, agerating, releasedate, synopsis) VALUES ('Cloned impactful customer loyalty', 'Vũ Bảo Nam', 'Viễn tưởng', 118, 'Tiếng Việt', 'C13', '2025-02-03', 'Tự như như chỉ cách đang rất. Hơn trong từng.
Chỉ như giữa cũng tự. Đến nhưng nhiều thay tự từ một.
Thế từ đó nơi nhưng.
Gần tại rất trong đến.');
INSERT INTO Movie (title, director, genre, duration, language, agerating, releasedate, synopsis) VALUES ('Focused 5thgeneration moratorium', 'Lý Gia Hoa', 'Tình cảm', 121, 'Tiếng Anh', 'C18', '2025-07-08', 'Tại rất theo. Sẽ hơn số tại cái một.
Đến rất bên đó nơi có đã. Nào từ của được đang bạn cũng. Vậy chỉ thế.
Mỗi vì đã của. Để có thế số lớn từ rất.');
INSERT INTO Movie (title, director, genre, duration, language, agerating, releasedate, synopsis) VALUES ('Organic directional parallelism', 'Nguyễn Ngọc Hà', 'Viễn tưởng', 115, 'Tiếng Hàn', 'C18', '2025-12-27', 'Cũng tại và vẫn khiến làm. Của từ này bên hoặc dưới từ. Như giữa để vậy cái khi.');
INSERT INTO Movie (title, director, genre, duration, language, agerating, releasedate, synopsis) VALUES ('Multi-tiered exuding task-force', 'Ngô Thị Nam', 'Hành động', 154, 'Tiếng Việt', 'P', '2026-04-17', 'Đang hơn trong hơn là để như. Một sẽ với thế đến tự. Nhưng các khiến để. Trong có dưới số có hơn vài.
Đi vài từ như để tại. Của để với gần.');
INSERT INTO Movie (title, director, genre, duration, language, agerating, releasedate, synopsis) VALUES ('Configurable exuding Graphical User Interface', 'Nguyễn Hữu Thảo', 'Hài hước', 117, 'Tiếng Anh', 'C16', '2025-04-25', 'Để điều nơi làm và để thế. Nào mà và khiến. Chỉ thế về tôi làm hoặc số.
Thế hơn cho vì sẽ cách nào. Đúng sẽ nào để theo về chỉ như.');
INSERT INTO Movie (title, director, genre, duration, language, agerating, releasedate, synopsis) VALUES ('Customizable radical artificial intelligence', 'Lý Bảo Trang', 'Hài hước', 130, 'Tiếng Anh', 'P', '2024-10-01', 'Hơn làm có để như mỗi. Như hơn có làm. Mỗi của đi trong vẫn. Một mỗi thế người số vài hơn.');
INSERT INTO Movie (title, director, genre, duration, language, agerating, releasedate, synopsis) VALUES ('Customizable mission-critical parallelism', 'Võ Minh Linh', 'Kinh dị', 144, 'Tiếng Việt', 'C13', '2024-08-21', 'Gần đã mà bạn được tự rất tại. Nhưng vì như vậy thế như mỗi.
Đến cách giữa nếu. Điều đúng trong đã người cũng đến.');
INSERT INTO Movie (title, director, genre, duration, language, agerating, releasedate, synopsis) VALUES ('Optimized stable framework', 'Vũ Thúy Việt', 'Hài hước', 131, 'Tiếng Việt', 'C18', '2024-11-13', 'Tôi và vẫn chỉ nào tự từng thay.
Cũng đó là về điều số. Sẽ điều như trong thay. Thì đến cái. Nhưng tự này của thay.');
INSERT INTO Movie (title, director, genre, duration, language, agerating, releasedate, synopsis) VALUES ('Down-sized uniform moratorium', 'Võ Hải Nam', 'Tình cảm', 102, 'Tiếng Việt', 'C16', '2025-01-30', 'Chưa mà như giống khi. Đó là như cái. Là các như tại thay theo không các. Mỗi của và cách tại được với.
Cách vì với giống chỉ này.');
INSERT INTO Movie (title, director, genre, duration, language, agerating, releasedate, synopsis) VALUES ('Vision-oriented next generation architecture', 'Vũ Thu Huy', 'Viễn tưởng', 133, 'Tiếng Anh', 'C18', '2024-07-03', 'Về lớn dưới như số lớn bạn. Điều dưới bạn.
Tôi dưới và để. Lớn hoặc vì như vài cách. Khi có cũng số để. Người hoặc rất từ.');
INSERT INTO Movie (title, director, genre, duration, language, agerating, releasedate, synopsis) VALUES ('Intuitive multimedia capability', 'Ngô Xuân Anh', 'Kinh dị', 163, 'Tiếng Hàn', 'C16', '2025-10-19', 'Đúng gần của như chưa này. Theo thay từ được tôi mà.
Lớn làm vài để chỉ là tại. Là theo đó từ là hơn. Nhiều rất như để giữa nào.');
INSERT INTO Movie (title, director, genre, duration, language, agerating, releasedate, synopsis) VALUES ('Balanced exuding attitude', 'Dương Thanh Anh', 'Hành động', 120, 'Tiếng Việt', 'P', '2025-12-14', 'Sau rất nhưng các điều tại thay. Khi mà trong chưa cách cũng. Bạn khiến như.
Bạn chưa là. Này để đến cũng như nhiều nhiều.');
INSERT INTO Movie (title, director, genre, duration, language, agerating, releasedate, synopsis) VALUES ('Versatile systematic focus group', 'Dương Bảo Phong', 'Viễn tưởng', 148, 'Tiếng Việt', 'P', '2025-12-23', 'Khiến đúng với trong như. Sẽ của gần sẽ đang khi nếu.
Của cũng cũng chỉ từ bạn cách. Trong khiến như lớn đó.');
INSERT INTO Movie (title, director, genre, duration, language, agerating, releasedate, synopsis) VALUES ('Universal coherent knowledgebase', 'Phạm Thu Hoa', 'Viễn tưởng', 120, 'Tiếng Hàn', 'C16', '2025-01-08', 'Như là theo đã bên vài. Chỉ thay đi cũng. Của thay đó có.
Đó khiến nào để từ. Của đi gần.');
INSERT INTO Movie (title, director, genre, duration, language, agerating, releasedate, synopsis) VALUES ('Future-proofed composite function', 'Vũ Thanh Ngọc', 'Tình cảm', 127, 'Tiếng Hàn', 'C18', '2025-03-30', 'Làm tự của được là. Nơi thay của. Hoặc cách các.
Tự cũng đúng nhiều cho. Đến đã như không tại. Trong mỗi như của cũng giống.');
INSERT INTO Movie (title, director, genre, duration, language, agerating, releasedate, synopsis) VALUES ('Customizable regional instruction set', 'Lê Xuân Khánh', 'Hành động', 96, 'Tiếng Hàn', 'C16', '2025-03-22', 'Giữa của để đi bạn từ hoặc. Mỗi của chỉ từ không làm. Cái trong của từ thì đã có. Theo như của đi chưa.
Là dưới số từ bạn vì. Lớn bạn khi đến số.');
INSERT INTO Movie (title, director, genre, duration, language, agerating, releasedate, synopsis) VALUES ('Implemented composite data-warehouse', 'Trần Hải Lan', 'Kinh dị', 140, 'Tiếng Anh', 'C16', '2025-09-21', 'Người trong đã của. Như nào chưa có dưới một. Như chỉ về tại để bạn của.
Các khi của bạn này. Đến để cũng vẫn thì tại người.');
INSERT INTO Movie (title, director, genre, duration, language, agerating, releasedate, synopsis) VALUES ('Ameliorated explicit leverage', 'Huỳnh Tuấn Ngọc', 'Hành động', 96, 'Tiếng Việt', 'C16', '2024-07-05', 'Một lớn khi vậy. Cách bên tại vì tại giữa sẽ để. Một tôi từ cũng.');
INSERT INTO Movie (title, director, genre, duration, language, agerating, releasedate, synopsis) VALUES ('Compatible didactic array', 'Ngô Hữu Anh', 'Viễn tưởng', 175, 'Tiếng Việt', 'C18', '2025-04-28', 'Hoặc đó cho.
Đang gần của có khi trong cho. Vẫn từng bên từ bạn nhưng nếu.
Và vậy để nơi như vài.
Có nhiều như của.');
INSERT INTO Movie (title, director, genre, duration, language, agerating, releasedate, synopsis) VALUES ('Business-focused object-oriented collaboration', 'Đặng Gia Nam', 'Tình cảm', 166, 'Tiếng Hàn', 'P', '2025-05-04', 'Từ từ từ mỗi. Đến bạn bên hoặc có.
Khi số làm giữa như cho.
Đó mà của như thế lớn. Vậy thì hơn để gần. Vậy mỗi khi là vài như nơi. Người điều nào sẽ.');
INSERT INTO Movie (title, director, genre, duration, language, agerating, releasedate, synopsis) VALUES ('Fully-configurable non-volatile policy', 'Hoàng Bảo Tuấn', 'Viễn tưởng', 112, 'Tiếng Hàn', 'C16', '2024-12-09', 'Sau tự gần chỉ. Vậy đến khi này cũng. Từng rất đó đã.
Về chỉ từng đi điều điều. Một đó nơi để có khiến. Mà thay nào bạn.');
INSERT INTO Movie (title, director, genre, duration, language, agerating, releasedate, synopsis) VALUES ('Adaptive didactic system engine', 'Lý Mai Trang', 'Hành động', 161, 'Tiếng Việt', 'C18', '2025-12-11', 'Nhưng khiến gần cái vẫn. Đúng bạn vậy của không như. Như khi với từ có để.
Sau của giữa lớn điều nếu bên sau. Có từ và có hơn.');
INSERT INTO Movie (title, director, genre, duration, language, agerating, releasedate, synopsis) VALUES ('Right-sized mobile adapter', 'Võ Hải Cường', 'Hài hước', 127, 'Tiếng Hàn', 'C18', '2025-01-17', 'Các đúng cái như lớn đúng. Cũng chỉ với có vẫn. Vì đang lớn.
Thay một chưa số.
Vậy được mỗi. Của bạn là nhiều các được được.');
INSERT INTO Movie (title, director, genre, duration, language, agerating, releasedate, synopsis) VALUES ('Organic dynamic application', 'Đặng Hải Thảo', 'Hài hước', 120, 'Tiếng Việt', 'C13', '2026-06-07', 'Bên người với. Đúng cũng như đó sẽ tự sẽ có. Lớn mỗi giữa từng.
Mà vì gần. Nhưng cho một rất.
Đến hoặc thế trong chưa. Thay như chỉ cách.');
INSERT INTO Movie (title, director, genre, duration, language, agerating, releasedate, synopsis) VALUES ('Future-proofed didactic time-frame', 'Phan Bảo Việt', 'Kinh dị', 94, 'Tiếng Việt', 'C13', '2026-04-23', 'Để như cách làm.
Thế tự đến để. Sau thế đang tự vì dưới.
Trong giống cũng khi vậy rất đã đi. Chưa và trong này khiến. Có nhiều cũng đó.');
INSERT INTO Movie (title, director, genre, duration, language, agerating, releasedate, synopsis) VALUES ('Assimilated impactful project', 'Lê Bảo Đạt', 'Tình cảm', 138, 'Tiếng Việt', 'C16', '2026-06-03', 'Sau các như nào như. Vẫn về mà chưa nhiều.
Cũng vậy với vẫn từng mỗi hoặc. Một đến chưa của. Vẫn đang bạn.');
INSERT INTO Movie (title, director, genre, duration, language, agerating, releasedate, synopsis) VALUES ('Re-engineered content-based migration', 'Bùi Gia Huy', 'Tình cảm', 117, 'Tiếng Hàn', 'C18', '2024-11-17', 'Giữa đi vài nào bên giữa từng. Hoặc một cũng hơn hơn như. Làm như đã thay tự có lớn dưới.
Người như từng theo giống để.');
INSERT INTO Movie (title, director, genre, duration, language, agerating, releasedate, synopsis) VALUES ('Stand-alone mobile algorithm', 'Huỳnh Gia Linh', 'Hài hước', 140, 'Tiếng Hàn', 'C16', '2025-01-01', 'Rất mỗi vậy và về. Cho rất gần đó như.
Của làm trong giữa đúng trong thì từ. Hơn làm hơn nhưng cũng. Đã cái cho làm gần chỉ.');
INSERT INTO Movie (title, director, genre, duration, language, agerating, releasedate, synopsis) VALUES ('Sharable next generation initiative', 'Đặng Gia Thảo', 'Kinh dị', 151, 'Tiếng Hàn', 'P', '2025-11-09', 'Mỗi là của đó đến chưa. Thay thay sau theo hơn rất. Để như theo để từ.
Đúng người bên. Tại thay với. Nhiều trong nào đó trong số.');
INSERT INTO Movie (title, director, genre, duration, language, agerating, releasedate, synopsis) VALUES ('Right-sized intangible core', 'Hồ Thị Linh', 'Viễn tưởng', 147, 'Tiếng Hàn', 'C18', '2025-06-10', 'Vài cho điều như. Để vậy tại. Vài tôi bên giống đi như. Rất rất một số đó để thì.
Rất từ giữa hơn từng để. Thay tôi đến đúng về nhiều mà.');
INSERT INTO Movie (title, director, genre, duration, language, agerating, releasedate, synopsis) VALUES ('Innovative regional utilization', 'Hồ Thị Huy', 'Tình cảm', 122, 'Tiếng Hàn', 'C18', '2025-10-26', 'Điều đúng gần. Điều các được tại. Các khi đã đang lớn vài và hơn.
Theo trong như hơn mỗi nhiều. Nơi cũng với.');
INSERT INTO Movie (title, director, genre, duration, language, agerating, releasedate, synopsis) VALUES ('Phased zero administration contingency', 'Huỳnh Thu Đạt', 'Viễn tưởng', 152, 'Tiếng Anh', 'P', '2025-07-27', 'Nhưng như các và. Như từ mà trong nhiều như trong. Cho nào sau này gần.
Vì được của nếu. Các chỉ lớn bên sẽ các vẫn.');
INSERT INTO Movie (title, director, genre, duration, language, agerating, releasedate, synopsis) VALUES ('Focused directional Graphic Interface', 'Đặng Bảo Hà', 'Hành động', 140, 'Tiếng Hàn', 'P', '2024-07-27', 'Thế để như giữa với chỉ này. Thay giữa của cho này của tại. Có vậy đã đang lớn vậy của đang.
Các đi điều tại. Bạn của bạn không tại vẫn thay.');
INSERT INTO Movie (title, director, genre, duration, language, agerating, releasedate, synopsis) VALUES ('Distributed zero administration hardware', 'Dương Thúy Linh', 'Tình cảm', 154, 'Tiếng Hàn', 'C18', '2024-09-21', 'Và mà nào chưa. Cách cách vậy mà đến có. Người các cách vẫn cho tại tự.
Lớn thay mỗi hoặc bên về được. Có về lớn có với thì. Như giữa được từ để.');
INSERT INTO Movie (title, director, genre, duration, language, agerating, releasedate, synopsis) VALUES ('Open-architected fresh-thinking hierarchy', 'Đặng Thị Việt', 'Viễn tưởng', 133, 'Tiếng Hàn', 'C13', '2024-08-06', 'Cái hơn lớn gần sau. Cho theo gần vì.
Nơi là nhiều như không. Có của trong với có.');
INSERT INTO Movie (title, director, genre, duration, language, agerating, releasedate, synopsis) VALUES ('Reactive homogeneous architecture', 'Huỳnh Thu Trang', 'Hài hước', 174, 'Tiếng Việt', 'P', '2025-03-03', 'Tại đúng này. Vì vẫn để vì về. Được hoặc vậy.
Nơi các thì dưới tại vì đúng. Tại vậy giữa với giữa.');
INSERT INTO Movie (title, director, genre, duration, language, agerating, releasedate, synopsis) VALUES ('Quality-focused methodical core', 'Ngô Hoàng Ngọc', 'Kinh dị', 154, 'Tiếng Việt', 'P', '2026-05-14', 'Chưa sau cho. Không đã tại để có từng để khiến. Để như với người dưới để.');
INSERT INTO Movie (title, director, genre, duration, language, agerating, releasedate, synopsis) VALUES ('Implemented empowering matrices', 'Ngô Hữu Cường', 'Kinh dị', 129, 'Tiếng Anh', 'C16', '2026-03-14', 'Thế với để làm. Được tại để được các các.
Đang của chưa của. Về điều tại và. Nhiều chưa một vậy.
Mà thì đúng hơn theo khi. Mà cũng tôi.');
INSERT INTO Movie (title, director, genre, duration, language, agerating, releasedate, synopsis) VALUES ('Streamlined object-oriented open system', 'Lê Đình Lan', 'Tình cảm', 140, 'Tiếng Việt', 'C18', '2025-06-21', 'Bên số với dưới khiến về của. Nơi cũng thì. Mà nhiều vì bên nếu hơn.');
INSERT INTO Movie (title, director, genre, duration, language, agerating, releasedate, synopsis) VALUES ('Customer-focused logistical methodology', 'Đặng Đức Huy', 'Viễn tưởng', 102, 'Tiếng Hàn', 'C18', '2025-09-09', 'Như vài điều người nơi gần vẫn. Mỗi từ của như.
Tại nếu số thay gần đến. Mà hoặc đó như của tại đã. Mỗi theo điều vậy.');
INSERT INTO Movie (title, director, genre, duration, language, agerating, releasedate, synopsis) VALUES ('Implemented full-range moratorium', 'Hồ Anh Hà', 'Hành động', 95, 'Tiếng Việt', 'C13', '2025-04-02', 'Vì về với làm. Tại là cái thay.
Gần thì giữa vậy. Gần của điều bên. Vậy mà khi đó.');
INSERT INTO Movie (title, director, genre, duration, language, agerating, releasedate, synopsis) VALUES ('Polarized systematic synergy', 'Lý Hữu Phong', 'Hài hước', 100, 'Tiếng Việt', 'C16', '2026-05-20', 'Vẫn như chỉ như nếu. Không cách đang tại này được. Cũng và bạn khi và đó.
Từng các khiến. Một trong tại. Vài để tự các như với.');
INSERT INTO Movie (title, director, genre, duration, language, agerating, releasedate, synopsis) VALUES ('Total asymmetric Local Area Network', 'Trần Gia Tuấn', 'Tình cảm', 100, 'Tiếng Việt', 'C16', '2025-12-06', 'Vì như từ giống. Để tôi như.
Chỉ vì như các. Hơn nào để một giống. Nơi thế khi nhưng.');
INSERT INTO Movie (title, director, genre, duration, language, agerating, releasedate, synopsis) VALUES ('Synergistic fresh-thinking customer loyalty', 'Ngô Đức Tuấn', 'Hài hước', 99, 'Tiếng Việt', 'C18', '2026-04-10', 'Nếu sẽ để đúng theo bên. Của để khiến là để như. Một bạn này giữa của đó có.
Khi có có rất đó mà chỉ của. Khiến để này với sẽ như. Đi giữa sẽ tôi.');
INSERT INTO Movie (title, director, genre, duration, language, agerating, releasedate, synopsis) VALUES ('Proactive demand-driven architecture', 'Phan Xuân Linh', 'Kinh dị', 144, 'Tiếng Hàn', 'C18', '2025-01-06', 'Bạn khiến thì trong. Theo vì tự chưa giống. Này khi trong từ thay. Sau để là giống đúng từng.');
INSERT INTO Movie (title, director, genre, duration, language, agerating, releasedate, synopsis) VALUES ('Optional heuristic archive', 'Hoàng Hải Khánh', 'Hài hước', 110, 'Tiếng Anh', 'C18', '2025-07-13', 'Gần nào được nơi khiến các bên. Gần tôi để sau bên vì. Nơi hơn khiến sẽ theo giữa.
Theo khi với. Có có sẽ nào. Cũng số đã là người rất hoặc.');
INSERT INTO Movie (title, director, genre, duration, language, agerating, releasedate, synopsis) VALUES ('Implemented foreground portal', 'Đặng Hoàng Lan', 'Hành động', 145, 'Tiếng Hàn', 'P', '2025-07-14', 'Của từ trong cũng cũng sẽ đang. Cách từng đó đã rất mà để. Đã số hơn làm tại như về mà.');
INSERT INTO Movie (title, director, genre, duration, language, agerating, releasedate, synopsis) VALUES ('Upgradable zero tolerance paradigm', 'Đỗ Ngọc Dũng', 'Tình cảm', 100, 'Tiếng Anh', 'C18', '2024-11-14', 'Cái để mỗi với để người. Chỉ giữa để tự vẫn thế mỗi.
Cái đó đó đi. Thế số tôi mà nếu hoặc này.
Đang có như.');
INSERT INTO Movie (title, director, genre, duration, language, agerating, releasedate, synopsis) VALUES ('Inverse well-modulated info-mediaries', 'Bùi Thị Thảo', 'Hành động', 103, 'Tiếng Hàn', 'P', '2025-07-15', 'Cái như vì hơn thì. Chỉ rất tôi để. Giống rất dưới được điều.
Có vẫn đi.
Theo này sẽ từ. Để bạn lớn thì. Là đang và đi. Từ tại tại cho một đi như số.');
INSERT INTO Movie (title, director, genre, duration, language, agerating, releasedate, synopsis) VALUES ('Quality-focused asynchronous emulation', 'Phạm Xuân Sơn', 'Tình cảm', 131, 'Tiếng Việt', 'C13', '2025-09-21', 'Sau và bên khi bạn. Để thế cho bên. Gần đúng nếu với.
Rất có nào đúng thì của gần. Điều để khi có sau. Lớn của đó hoặc.');
INSERT INTO Movie (title, director, genre, duration, language, agerating, releasedate, synopsis) VALUES ('Customizable fresh-thinking collaboration', 'Lê Thái Dũng', 'Hài hước', 114, 'Tiếng Việt', 'P', '2025-07-19', 'Vẫn và tự người. Mỗi hơn đi như vẫn.
Một của và sẽ. Người để vẫn như. Sẽ điều vẫn các để có. Đi đến đi như hơn.');
INSERT INTO Movie (title, director, genre, duration, language, agerating, releasedate, synopsis) VALUES ('Seamless bifurcated support', 'Nguyễn Đức Phong', 'Kinh dị', 109, 'Tiếng Việt', 'C16', '2026-02-03', 'Hơn bạn giữa giống trong. Để nhiều như tại.
Hoặc như vẫn thế.
Giống hoặc mỗi. Cái vì tại trong có tôi. Bên rất mà khiến.');
INSERT INTO Movie (title, director, genre, duration, language, agerating, releasedate, synopsis) VALUES ('Down-sized multi-state archive', 'Phạm Gia Nam', 'Hài hước', 104, 'Tiếng Việt', 'P', '2025-09-30', 'Là hơn điều từ điều.
Đó trong đó như vài chưa.
Tôi là cách trong. Từ của thì đi để. Của số vài trong cho có rất. Theo đã không giống để và vì.');
INSERT INTO Movie (title, director, genre, duration, language, agerating, releasedate, synopsis) VALUES ('Sharable neutral Graphical User Interface', 'Đỗ Mai Anh', 'Hài hước', 122, 'Tiếng Hàn', 'C18', '2025-07-29', 'Như vẫn không cũng trong sau người của. Đang chưa thì vì đi vậy. Tự làm sẽ từ đó với về.
Tại từ đó giữa đang có chưa. Đi khiến nào khi tại.');
INSERT INTO Movie (title, director, genre, duration, language, agerating, releasedate, synopsis) VALUES ('Automated context-sensitive forecast', 'Ngô Văn Ngọc', 'Tình cảm', 90, 'Tiếng Hàn', 'C13', '2024-12-27', 'Với tôi để sau có từng thế về.
Được điều đó. Như rất nào có.
Chỉ hoặc cho như như làm bạn thì. Hoặc của nơi các nơi theo. Có hoặc đã.');
INSERT INTO Movie (title, director, genre, duration, language, agerating, releasedate, synopsis) VALUES ('Managed dedicated software', 'Trần Thu Huy', 'Kinh dị', 104, 'Tiếng Hàn', 'C18', '2025-12-06', 'Bên với nhiều đi được từ.
Vẫn cách đó cái cách với này. Là để với bạn trong.');
INSERT INTO Movie (title, director, genre, duration, language, agerating, releasedate, synopsis) VALUES ('Object-based contextually-based website', 'Đỗ Hải Sơn', 'Hành động', 96, 'Tiếng Việt', 'C18', '2024-11-24', 'Thay nhiều khiến để thay. Như mỗi với một đã của. Cho của đến trong không của.');
INSERT INTO Movie (title, director, genre, duration, language, agerating, releasedate, synopsis) VALUES ('Implemented homogeneous time-frame', 'Hoàng Minh Huy', 'Hài hước', 111, 'Tiếng Việt', 'C18', '2026-02-12', 'Của bên giữa thay chỉ. Giữa mỗi của vì. Theo sẽ đến bạn đó vẫn của để.
Thì thì của rất. Theo để vì bên vẫn bạn. Một của bạn được chưa giống hoặc.');
INSERT INTO Movie (title, director, genre, duration, language, agerating, releasedate, synopsis) VALUES ('Public-key bottom-line adapter', 'Phan Văn Khánh', 'Tình cảm', 116, 'Tiếng Việt', 'C16', '2025-08-06', 'Và làm vì. Trong vẫn giữa chỉ hơn với.
Sau điều tại sau làm. Như là nơi bên không người giữa. Để nếu của của có trong rất là.');
INSERT INTO Movie (title, director, genre, duration, language, agerating, releasedate, synopsis) VALUES ('Front-line mission-critical success', 'Hoàng Tuấn Thảo', 'Kinh dị', 104, 'Tiếng Hàn', 'P', '2025-07-31', 'Của khiến thì nào bên hơn để. Của đúng nếu nào. Nơi khi như là.
Tại để từ chưa. Hoặc như thế này từ này người. Tại các đến nếu với.');
INSERT INTO Movie (title, director, genre, duration, language, agerating, releasedate, synopsis) VALUES ('Open-architected maximized ability', 'Trần Tuấn Hoa', 'Hài hước', 92, 'Tiếng Hàn', 'P', '2025-06-24', 'Giống với vì cái các cũng. Nào hơn từng từng mỗi và. Như bên như như từng. Đến chưa nơi đúng.');
INSERT INTO Movie (title, director, genre, duration, language, agerating, releasedate, synopsis) VALUES ('Enhanced foreground paradigm', 'Hồ Minh Trang', 'Hành động', 174, 'Tiếng Việt', 'C13', '2025-06-20', 'Nếu như tại trong tự bên. Nơi làm đang và có để đã khiến.
Số giống tự đến vì. Như cũng của và rất hơn sau.');
INSERT INTO Movie (title, director, genre, duration, language, agerating, releasedate, synopsis) VALUES ('Organized executive hardware', 'Hồ Thanh Hoa', 'Viễn tưởng', 151, 'Tiếng Anh', 'C18', '2024-11-21', 'Số khi cũng để điều cũng đó từng. Đã vài cho nhiều nào tại. Sau tại hoặc thì theo từ như cũng. Số là đang không như nhưng các giữa.');
INSERT INTO Movie (title, director, genre, duration, language, agerating, releasedate, synopsis) VALUES ('Secured homogeneous framework', 'Lê Bảo Phong', 'Kinh dị', 131, 'Tiếng Hàn', 'C18', '2025-05-05', 'Thì dưới như đến. Thay chỉ theo để chỉ. Nhiều không nhiều vẫn.
Mỗi được mỗi vì bạn. Đã hơn thì như.');
INSERT INTO Movie (title, director, genre, duration, language, agerating, releasedate, synopsis) VALUES ('Fundamental explicit service-desk', 'Hoàng Bảo Cường', 'Viễn tưởng', 149, 'Tiếng Anh', 'P', '2024-10-03', 'Hơn tại chỉ gần như để nào gần.
Bạn với thế mỗi. Là cách bên như.
Thế hoặc cũng thì bạn để. Đó như bạn của từng. Nhiều vài khiến của khiến.');
INSERT INTO Movie (title, director, genre, duration, language, agerating, releasedate, synopsis) VALUES ('Innovative system-worthy archive', 'Hoàng Ngọc Nam', 'Tình cảm', 107, 'Tiếng Anh', 'C18', '2025-08-04', 'Như nhưng từ có từ vì. Về từng điều một trong đi trong như.
Dưới trong với làm vì.');
INSERT INTO Movie (title, director, genre, duration, language, agerating, releasedate, synopsis) VALUES ('Synergistic 3rdgeneration matrices', 'Lý Văn Huy', 'Hài hước', 140, 'Tiếng Việt', 'P', '2024-12-21', 'Như như được sẽ của. Hơn có này giữa làm với tại.
Có này sau như cũng tại. Trong nhiều đến.
Thế vẫn thay khi điều với. Vậy đến giống cũng gần tại.');
INSERT INTO Movie (title, director, genre, duration, language, agerating, releasedate, synopsis) VALUES ('Extended well-modulated capability', 'Phan Hoàng Trang', 'Viễn tưởng', 90, 'Tiếng Việt', 'C16', '2024-10-01', 'Cho rất số nếu dưới đúng. Khi có bạn vài trong để là. Chưa điều tôi dưới từng.
Đó trong có thay không để làm. Từ nếu này vài. Giống đang lớn là về.');
INSERT INTO Movie (title, director, genre, duration, language, agerating, releasedate, synopsis) VALUES ('Mandatory 4thgeneration concept', 'Phan Thu Ngọc', 'Viễn tưởng', 117, 'Tiếng Hàn', 'C13', '2025-10-08', 'Là bạn để là. Nơi đã vậy cách để.
Có giữa cách từ trong tự nhiều. Có để cũng chưa.
Gần sẽ sẽ được như là nơi tại. Thay đúng sẽ có bên cũng đó.');
INSERT INTO Movie (title, director, genre, duration, language, agerating, releasedate, synopsis) VALUES ('Enterprise-wide high-level productivity', 'Dương Thanh Hoa', 'Hành động', 129, 'Tiếng Anh', 'C16', '2025-12-25', 'Khi vì chưa chỉ để. Hoặc theo của dưới.
Vài của giống sau. Của từ gần hơn được.');
INSERT INTO Movie (title, director, genre, duration, language, agerating, releasedate, synopsis) VALUES ('Progressive demand-driven functionalities', 'Hoàng Hữu Tuấn', 'Viễn tưởng', 147, 'Tiếng Hàn', 'C13', '2024-06-26', 'Có không sau vì như để như. Cũng đó này rất. Nào gần của vì.
Như nếu vẫn cho. Thì đã mỗi vài nếu nhưng là. Khiến bạn đã.');
INSERT INTO Movie (title, director, genre, duration, language, agerating, releasedate, synopsis) VALUES ('Reverse-engineered non-volatile protocol', 'Dương Hoàng Lan', 'Tình cảm', 123, 'Tiếng Việt', 'C16', '2024-11-24', 'Này dưới thay cho.
Giống khiến đã.
Bạn cái không bạn từ thế giống hơn. Tại các đã hơn về. Mỗi chưa thay thế các để.');
INSERT INTO Movie (title, director, genre, duration, language, agerating, releasedate, synopsis) VALUES ('Seamless non-volatile leverage', 'Phạm Xuân Việt', 'Viễn tưởng', 102, 'Tiếng Hàn', 'C13', '2025-08-09', 'Các của để rất sau làm có. Cũng giữa nhưng khiến chỉ thay.
Từ để với với là cái đã. Về thế hơn người để đến như thế. Nơi giống như bạn trong.');
INSERT INTO Movie (title, director, genre, duration, language, agerating, releasedate, synopsis) VALUES ('Profound 6thgeneration adapter', 'Lê Thu Tuấn', 'Hài hước', 160, 'Tiếng Anh', 'C18', '2026-01-12', 'Số trong mỗi chưa cái với chưa. Vài cách vẫn từ khi. Đi chưa tại. Vì điều cách cái với.');
INSERT INTO Movie (title, director, genre, duration, language, agerating, releasedate, synopsis) VALUES ('Realigned encompassing portal', 'Vũ Bảo Phong', 'Kinh dị', 138, 'Tiếng Anh', 'C13', '2025-09-02', 'Tại vài đúng dưới từ vẫn. Thì người hơn số hơn với. Tự từ khiến này như.
Từng cái là như như của. Hoặc là này vẫn cũng đang. Người từ tôi có.');
INSERT INTO Movie (title, director, genre, duration, language, agerating, releasedate, synopsis) VALUES ('Open-source client-server leverage', 'Huỳnh Thúy Hà', 'Kinh dị', 139, 'Tiếng Hàn', 'C18', '2025-10-10', 'Nhưng đó không giống của trong đi và. Điều sẽ giữa hơn với cũng nhưng có. Đã tại để các như sau là.');
INSERT INTO Movie (title, director, genre, duration, language, agerating, releasedate, synopsis) VALUES ('Progressive 5thgeneration frame', 'Đặng Thái Hải', 'Hành động', 126, 'Tiếng Hàn', 'C16', '2025-04-24', 'Được của đúng bên làm sau. Này hơn cách đó sẽ số. Vài bên người các như về.
Các tự thì không tại vì chưa số. Đó trong đang theo lớn khiến đang.');
INSERT INTO Movie (title, director, genre, duration, language, agerating, releasedate, synopsis) VALUES ('Multi-layered web-enabled flexibility', 'Ngô Gia Đạt', 'Kinh dị', 178, 'Tiếng Hàn', 'P', '2024-10-15', 'Theo người để hơn cách. Đi đó từng về cũng.
Thế và đã. Từ mà số nhưng người. Thay một mỗi lớn đúng.
Vài vẫn tôi bên. Cách người mỗi nhưng cái.');
INSERT INTO Movie (title, director, genre, duration, language, agerating, releasedate, synopsis) VALUES ('Monitored responsive adapter', 'Dương Đức Sơn', 'Hài hước', 178, 'Tiếng Hàn', 'C13', '2025-12-02', 'Nhưng như tại hơn gần. Làm với không hơn vậy.
Thì đã giống cái. Trong thế của dưới theo đó để cái. Và mỗi trong nếu.');
INSERT INTO Movie (title, director, genre, duration, language, agerating, releasedate, synopsis) VALUES ('Profound foreground collaboration', 'Lê Thu Phong', 'Kinh dị', 126, 'Tiếng Việt', 'P', '2026-06-09', 'Để được của tôi để tại giữa. Mỗi để như nơi. Như như thế để.
Này sau giữa tại.
Của với hoặc. Tự vẫn để mỗi sẽ thay. Được đang nhưng như nào.');
INSERT INTO Movie (title, director, genre, duration, language, agerating, releasedate, synopsis) VALUES ('Diverse multi-state Local Area Network', 'Phạm Minh Việt', 'Tình cảm', 113, 'Tiếng Anh', 'C16', '2025-05-22', 'Đã nhiều để các làm là sẽ. Điều mỗi theo bạn tại là cho giữa.
Mỗi sau với với nhiều. Cũng với này giữa như.');
INSERT INTO Movie (title, director, genre, duration, language, agerating, releasedate, synopsis) VALUES ('Automated responsive migration', 'Trần Thị Cường', 'Kinh dị', 116, 'Tiếng Anh', 'C18', '2025-04-15', 'Trong một cũng nhưng tại. Của các tôi từ. Giữa đó thế vẫn thế như.
Đi trong trong vẫn chưa. Cũng các thì.');
INSERT INTO Movie (title, director, genre, duration, language, agerating, releasedate, synopsis) VALUES ('Business-focused stable methodology', 'Trần Thúy Phong', 'Tình cảm', 133, 'Tiếng Anh', 'C18', '2026-02-28', 'Trong này đang và nơi mà. Cho nào bên.
Cũng chưa thế như thay lớn gần thì.
Đến này giữa cho để. Hơn cách thế như đúng số vậy.');
INSERT INTO Movie (title, director, genre, duration, language, agerating, releasedate, synopsis) VALUES ('Vision-oriented client-driven project', 'Vũ Đức Lan', 'Kinh dị', 109, 'Tiếng Việt', 'C13', '2024-09-11', 'Giữa đi mà mà rất giống rất. Như vậy như dưới giống cho giữa tôi.
Nơi tại đến cái có từng. Đúng bên để vì có. Sẽ không cho như.');
INSERT INTO Movie (title, director, genre, duration, language, agerating, releasedate, synopsis) VALUES ('Down-sized 4thgeneration encoding', 'Lý Văn Huy', 'Kinh dị', 141, 'Tiếng Anh', 'P', '2026-04-03', 'Đúng đã mà được khiến. Mà bên đã gần được dưới. Tôi như nếu như tôi vài tại.
Thế nhưng vì của nhưng. Đi từ lớn theo các sau.');
INSERT INTO Movie (title, director, genre, duration, language, agerating, releasedate, synopsis) VALUES ('Operative mobile encryption', 'Vũ Gia Lan', 'Viễn tưởng', 176, 'Tiếng Anh', 'C16', '2025-07-28', 'Từng nhiều từng vì trong thì như. Cái để giữa một không. Đang đang vì vài. Đi một dưới giống.
Thay nào thì để của hơn hơn.');
INSERT INTO Movie (title, director, genre, duration, language, agerating, releasedate, synopsis) VALUES ('Mandatory logistical knowledgebase', 'Bùi Minh Nhung', 'Tình cảm', 123, 'Tiếng Hàn', 'C16', '2025-04-28', 'Tự một được và nếu. Với bên với của giống hơn vậy. Tại của làm khi được này.');
INSERT INTO Movie (title, director, genre, duration, language, agerating, releasedate, synopsis) VALUES ('Pre-emptive composite extranet', 'Võ Văn Sơn', 'Kinh dị', 167, 'Tiếng Anh', 'C13', '2026-05-30', 'Đang nếu hơn và vài như. Thì tại từ để đã cũng nào.
Làm dưới cho từng gần thế. Và từ vì như thế. Đúng rất mà của cho cách để.');
INSERT INTO Movie (title, director, genre, duration, language, agerating, releasedate, synopsis) VALUES ('Synchronized responsive task-force', 'Hoàng Thúy Ngọc', 'Tình cảm', 119, 'Tiếng Hàn', 'C13', '2024-09-11', 'Mà cách để thì. Và với được này khi mỗi bạn. Chỉ mỗi từng.
Khi chỉ đi theo vì. Tại và từ.');
INSERT INTO Movie (title, director, genre, duration, language, agerating, releasedate, synopsis) VALUES ('Reverse-engineered solution-oriented matrix', 'Đặng Thu Sơn', 'Kinh dị', 165, 'Tiếng Anh', 'C13', '2025-11-28', 'Có đến của dưới làm có. Chỉ từng tại. Đó vài với trong hơn và để.
Chỉ để cũng. Nơi giống của làm sẽ số. Khi của từ nơi được tôi.');
INSERT INTO Movie (title, director, genre, duration, language, agerating, releasedate, synopsis) VALUES ('Visionary fault-tolerant capability', 'Ngô Hải Sơn', 'Viễn tưởng', 117, 'Tiếng Anh', 'C13', '2026-04-26', 'Mà một dưới người đang. Tôi từng về của như.
Rất thay đang cách tại giống từ. Nhiều như cũng trong. Nếu này rất các làm số.');
INSERT INTO Movie (title, director, genre, duration, language, agerating, releasedate, synopsis) VALUES ('Decentralized encompassing software', 'Đặng Thái Cường', 'Kinh dị', 132, 'Tiếng Anh', 'C18', '2026-01-23', 'Mà như chỉ. Trong cái hoặc vài.
Vài số để có cái vài. Về tại vẫn một cái chưa sẽ điều.
Với các và. Vì nhiều tôi mỗi từ và từng nhiều.');
INSERT INTO Movie (title, director, genre, duration, language, agerating, releasedate, synopsis) VALUES ('Persevering leadingedge functionalities', 'Bùi Thanh Anh', 'Hành động', 114, 'Tiếng Anh', 'C16', '2025-03-15', 'Đúng đến của và. Của với của trong cách sau như số. Như hoặc khiến không.
Cũng hơn giữa là chỉ. Để giữa vậy hơn hơn có vài. Đến nơi vì.');
INSERT INTO Movie (title, director, genre, duration, language, agerating, releasedate, synopsis) VALUES ('Robust uniform task-force', 'Dương Hữu Linh', 'Viễn tưởng', 136, 'Tiếng Việt', 'C16', '2025-09-28', 'Theo lớn đã được để. Không với sau cái.
Đó dưới dưới không. Mà của giống dưới có như với. Cho của tôi vì đang và. Này mà rất chỉ không của trong.');
INSERT INTO Movie (title, director, genre, duration, language, agerating, releasedate, synopsis) VALUES ('Distributed asymmetric customer loyalty', 'Phan Thanh Tuấn', 'Hài hước', 122, 'Tiếng Anh', 'P', '2025-03-26', 'Người cách tại chỉ chưa thế. Của chỉ người thì như đúng với theo. Một chưa để của bên nơi bên.
Vì của cho như. Bên đi vậy vẫn mà tự.');
INSERT INTO Movie (title, director, genre, duration, language, agerating, releasedate, synopsis) VALUES ('Grass-roots maximized pricing structure', 'Phan Mai Dũng', 'Tình cảm', 168, 'Tiếng Việt', 'C18', '2024-11-20', 'Không là để thay mỗi có tự. Dưới chỉ này này với vẫn. Các khi là số từng.
Nhưng để theo có này sau đi cũng. Với và tôi hoặc nhiều gần.');
INSERT INTO Movie (title, director, genre, duration, language, agerating, releasedate, synopsis) VALUES ('Automated client-server success', 'Phan Thu Hoa', 'Kinh dị', 128, 'Tiếng Việt', 'P', '2025-03-26', 'Số tại theo đó. Từng cái đúng này tại.
Được trong thay trong trong có. Bạn đến là thì này của mỗi.');
INSERT INTO Movie (title, director, genre, duration, language, agerating, releasedate, synopsis) VALUES ('Synergistic multi-tasking matrix', 'Ngô Ngọc Ngọc', 'Viễn tưởng', 116, 'Tiếng Hàn', 'P', '2025-09-26', 'Nào từ thì nơi giống cũng. Để tại sẽ khi. Như mỗi như theo từ.
Rất cho để về. Làm chỉ đi này người đó.');
INSERT INTO Movie (title, director, genre, duration, language, agerating, releasedate, synopsis) VALUES ('Centralized regional superstructure', 'Vũ Mai Đạt', 'Hài hước', 171, 'Tiếng Anh', 'P', '2026-04-09', 'Đó sau người cũng từ thay.
Từ sau rất người. Thì đang một người đã trong. Làm một thế vài.
Nào chưa như về từ dưới hơn. Các vài giống tự vài vì tôi.');
INSERT INTO Movie (title, director, genre, duration, language, agerating, releasedate, synopsis) VALUES ('Re-engineered real-time initiative', 'Lý Thái Dũng', 'Kinh dị', 159, 'Tiếng Việt', 'C16', '2024-07-29', 'Đó từ gần.
Giống vài chỉ đó nhưng. Khi bên thay để.
Từ vì bạn hơn lớn đúng cũng. Có cách thì sau gần thay.');
INSERT INTO Movie (title, director, genre, duration, language, agerating, releasedate, synopsis) VALUES ('Phased foreground budgetary management', 'Đặng Thúy Ngọc', 'Tình cảm', 171, 'Tiếng Hàn', 'C16', '2026-03-09', 'Đã được của người giữa nào một. Để thì từ một sau nơi.
Trong đó chỉ tại như. Như nhưng không. Từ đúng tự đang.');
INSERT INTO Movie (title, director, genre, duration, language, agerating, releasedate, synopsis) VALUES ('Team-oriented responsive attitude', 'Hoàng Hải Phong', 'Viễn tưởng', 100, 'Tiếng Việt', 'C13', '2026-03-04', 'Đi đó giống các một. Cách sẽ sẽ.
Từ tôi thế nếu điều là. Trong theo đúng trong đang.
Nào chưa tôi khi. Và như đúng khiến. Như với cho gần.');
INSERT INTO Movie (title, director, genre, duration, language, agerating, releasedate, synopsis) VALUES ('Horizontal attitude-oriented approach', 'Phạm Văn Lan', 'Tình cảm', 144, 'Tiếng Việt', 'C18', '2025-06-21', 'Như mà từ lớn được giữa để.
Rất rất là cũng. Nhiều trong từ không. Trong để trong.');
INSERT INTO Movie (title, director, genre, duration, language, agerating, releasedate, synopsis) VALUES ('Inverse object-oriented attitude', 'Lý Tuấn Linh', 'Hành động', 96, 'Tiếng Hàn', 'C18', '2025-03-04', 'Cũng mà nào hơn trong của này. Này cho có mà người nơi với này.
Của được đúng của các cái thay. Nhưng của và cái như cũng trong.');
INSERT INTO Movie (title, director, genre, duration, language, agerating, releasedate, synopsis) VALUES ('Centralized leadingedge emulation', 'Phan Anh Huy', 'Tình cảm', 173, 'Tiếng Hàn', 'P', '2025-12-16', 'Khiến tự tôi các tôi nhiều đi bên. Giống đang tại chưa tại theo về.');
INSERT INTO Movie (title, director, genre, duration, language, agerating, releasedate, synopsis) VALUES ('Switchable 5thgeneration data-warehouse', 'Võ Thu Dũng', 'Tình cảm', 133, 'Tiếng Việt', 'P', '2024-12-16', 'Hơn của đi giống rất. Thế cái lớn không. Chưa sau đi vẫn đó trong từ.
Để không sau hơn. Như của như có một hơn. Khiến một có như nào vẫn.');
INSERT INTO Movie (title, director, genre, duration, language, agerating, releasedate, synopsis) VALUES ('Optional mission-critical middleware', 'Hoàng Thu Hà', 'Tình cảm', 116, 'Tiếng Anh', 'P', '2024-12-10', 'Cũng như theo bạn các tại chưa. Của nhiều điều mà cũng thì. Thay hoặc thay lớn mà.');
INSERT INTO Movie (title, director, genre, duration, language, agerating, releasedate, synopsis) VALUES ('Balanced hybrid access', 'Phạm Thị Trang', 'Viễn tưởng', 171, 'Tiếng Hàn', 'P', '2026-06-03', 'Vài đúng bên cái để hơn.
Trong trong người các từ với khiến. Tại người thì chỉ. Đang sẽ đúng sau cái. Tự nhưng như gần từ bên.');
INSERT INTO Movie (title, director, genre, duration, language, agerating, releasedate, synopsis) VALUES ('Networked tangible standardization', 'Vũ Thanh Thảo', 'Hành động', 142, 'Tiếng Việt', 'C18', '2024-11-27', 'Vậy bạn rất cái theo. Về dưới và lớn để mỗi từng.
Của đã vì của mà. Đã khi là cũng cũng đi cũng. Sau của khi.');
INSERT INTO Movie (title, director, genre, duration, language, agerating, releasedate, synopsis) VALUES ('Expanded zero tolerance methodology', 'Vũ Minh Thảo', 'Kinh dị', 148, 'Tiếng Anh', 'C18', '2025-07-03', 'Bên rất hơn với. Hơn bên chưa trong với lớn tại sau.
Bạn mà hơn bạn vậy. Tôi thế đã số nhiều như.');
INSERT INTO Movie (title, director, genre, duration, language, agerating, releasedate, synopsis) VALUES ('Face-to-face responsive archive', 'Ngô Hoàng Linh', 'Hài hước', 104, 'Tiếng Anh', 'C16', '2025-12-31', 'Sau trong trong mà không chưa bạn mỗi. Điều làm của một từ làm được sẽ.
Trong nơi từ một nơi hơn mà. Tôi nào của đúng.');
INSERT INTO Movie (title, director, genre, duration, language, agerating, releasedate, synopsis) VALUES ('Secured global productivity', 'Dương Thái Lan', 'Hành động', 98, 'Tiếng Việt', 'C18', '2025-10-03', 'Đã nhiều có với cách người là số. Từ nhưng nơi của. Bên thì về tôi có đang.
Có là người mỗi một. Mà thay cũng vài khi. Cái tự và như.');
INSERT INTO Movie (title, director, genre, duration, language, agerating, releasedate, synopsis) VALUES ('Managed 6thgeneration product', 'Dương Thị Linh', 'Tình cảm', 167, 'Tiếng Anh', 'C16', '2025-01-20', 'Giữa điều như. Tôi dưới đúng mỗi nếu gần bạn. Cũng khiến tại cũng. Người mà sẽ như nhưng trong.
Chưa cũng sẽ không là cũng như.');
INSERT INTO Movie (title, director, genre, duration, language, agerating, releasedate, synopsis) VALUES ('Progressive context-sensitive utilization', 'Lê Thị Dũng', 'Kinh dị', 102, 'Tiếng Hàn', 'C16', '2024-12-27', 'Sau từ cho thay để với được đã. Chỉ với như vì như nào. Được có với có có đó hơn.
Chỉ khi là dưới. Mỗi về nơi nhưng bên từng từng.');
INSERT INTO Movie (title, director, genre, duration, language, agerating, releasedate, synopsis) VALUES ('Persistent bifurcated success', 'Hoàng Minh Thảo', 'Viễn tưởng', 129, 'Tiếng Việt', 'C18', '2025-12-05', 'Được cũng người mỗi với.
Rất để hơn các được gần cho. Sau không thay được. Đang nhiều mà được của tự.');
INSERT INTO Movie (title, director, genre, duration, language, agerating, releasedate, synopsis) VALUES ('Reduced systematic service-desk', 'Hồ Hải Nhung', 'Tình cảm', 138, 'Tiếng Hàn', 'C13', '2026-04-08', 'Theo nhưng nếu rất. Bên từng đang bên về khi. Trong đó đã số dưới tự. Rất sẽ giữa từ làm.
Giữa khiến sẽ. Thay có nào thay.');
INSERT INTO Movie (title, director, genre, duration, language, agerating, releasedate, synopsis) VALUES ('Fundamental leadingedge contingency', 'Đặng Thái Hải', 'Hài hước', 173, 'Tiếng Việt', 'P', '2026-01-15', 'Giống cái là có. Rất chỉ để sẽ rất. Điều như của các.
Sau giống một mỗi đến từng cho. Như sau từ hơn là từ. Số được với thế nơi đã với không.');
INSERT INTO Movie (title, director, genre, duration, language, agerating, releasedate, synopsis) VALUES ('Focused methodical alliance', 'Hoàng Văn Trang', 'Tình cảm', 145, 'Tiếng Anh', 'C18', '2025-11-01', 'Nhưng như tôi tại giữa cái về. Dưới có như hơn từ đó. Này với số.
Rất có chưa số nào. Khiến và là số bạn để. Điều nhiều đến tại trong sẽ mỗi điều.');
INSERT INTO Movie (title, director, genre, duration, language, agerating, releasedate, synopsis) VALUES ('Robust 6thgeneration array', 'Vũ Văn Tuấn', 'Hài hước', 153, 'Tiếng Anh', 'C13', '2026-02-04', 'Và và của cũng của như. Lớn nào từ nếu dưới. Với đó hơn với một chưa thay.
Được vài với. Từng vậy nào vài. Nào hơn vẫn.');
INSERT INTO Movie (title, director, genre, duration, language, agerating, releasedate, synopsis) VALUES ('Progressive uniform secured line', 'Trần Thị Nhung', 'Hành động', 152, 'Tiếng Hàn', 'P', '2024-11-13', 'Vì và chỉ. Mà như và sẽ. Bên với với như chỉ như.
Để gần đi đã làm. Nơi như các trong.
Cho bạn gần có. Từ tôi người đúng. Đó như với giống bên đang.');
INSERT INTO Movie (title, director, genre, duration, language, agerating, releasedate, synopsis) VALUES ('Sharable neutral parallelism', 'Vũ Thái Dũng', 'Tình cảm', 172, 'Tiếng Hàn', 'C16', '2025-03-21', 'Là vẫn vì một nhiều.
Một có như sẽ đúng. Hơn nào làm dưới. Với đang hơn có.
Khi nhưng các nào theo đang. Này đúng cũng của cái.');
INSERT INTO Movie (title, director, genre, duration, language, agerating, releasedate, synopsis) VALUES ('Optimized zero administration analyzer', 'Phạm Hải Lan', 'Hành động', 102, 'Tiếng Việt', 'C13', '2025-04-13', 'Theo làm đang không tự sẽ bên như. Và nơi sẽ cũng tôi nơi trong. Này giữa nhưng.
Theo cách rất là cũng. Là làm như.');
INSERT INTO Movie (title, director, genre, duration, language, agerating, releasedate, synopsis) VALUES ('Mandatory didactic core', 'Ngô Xuân Linh', 'Tình cảm', 145, 'Tiếng Việt', 'P', '2024-07-29', 'Bên làm nào. Nhưng như đi cái cách. Cách là có để đã từ.
Dưới vẫn hơn. Sẽ như hoặc rất tự mà trong. Như có vẫn có cũng mỗi.');
INSERT INTO Movie (title, director, genre, duration, language, agerating, releasedate, synopsis) VALUES ('Reverse-engineered upward-trending alliance', 'Ngô Hoàng Huy', 'Kinh dị', 180, 'Tiếng Hàn', 'C16', '2026-06-15', 'Vài có vì thế của với. Giữa dưới như bên bạn. Lớn về để đã để.
Vẫn trong cũng. Vậy mỗi với. Vẫn theo từ hoặc người.');
INSERT INTO Movie (title, director, genre, duration, language, agerating, releasedate, synopsis) VALUES ('Future-proofed well-modulated info-mediaries', 'Đỗ Xuân Linh', 'Kinh dị', 146, 'Tiếng Hàn', 'C16', '2026-06-05', 'Mà hoặc tự dưới dưới cái. Nhưng cũng trong như để sẽ tôi là.
Được của hơn nhiều hoặc vậy rất. Rất để sẽ giữa theo. Mỗi dưới điều hơn trong cách.');
INSERT INTO Movie (title, director, genre, duration, language, agerating, releasedate, synopsis) VALUES ('Organized web-enabled groupware', 'Hoàng Hoàng Hải', 'Tình cảm', 103, 'Tiếng Việt', 'P', '2026-05-09', 'Cũng hoặc từ với của tại như một. Thay các tôi bên cũng trong.');
INSERT INTO Movie (title, director, genre, duration, language, agerating, releasedate, synopsis) VALUES ('Re-engineered encompassing matrices', 'Vũ Mai Nhung', 'Hành động', 116, 'Tiếng Anh', 'C13', '2026-06-05', 'Thay tự sau tôi trong của hơn của. Cái như khiến giống là đi theo cũng. Cũng nhưng bạn theo đúng chưa.
Thay tại từ một cũng.');
INSERT INTO Movie (title, director, genre, duration, language, agerating, releasedate, synopsis) VALUES ('Ameliorated dynamic benchmark', 'Hoàng Minh Khánh', 'Hài hước', 92, 'Tiếng Hàn', 'P', '2025-08-14', 'Đó như có. Trong hơn đã của. Khiến trong của điều bên thay.
Cũng cũng lớn cho như. Từ cũng hơn trong khiến của trong.');
INSERT INTO Movie (title, director, genre, duration, language, agerating, releasedate, synopsis) VALUES ('Intuitive stable process improvement', 'Bùi Thái Hải', 'Kinh dị', 156, 'Tiếng Anh', 'P', '2024-07-23', 'Thì nơi nơi bên. Theo để không. Khiến nhiều cho tại nào đến trong theo.');
INSERT INTO Movie (title, director, genre, duration, language, agerating, releasedate, synopsis) VALUES ('Persevering 24/7 success', 'Huỳnh Thị Hoa', 'Tình cảm', 154, 'Tiếng Việt', 'P', '2025-11-15', 'Giữa được mỗi khiến. Lớn đã thay các trong. Tự làm với nơi từ đang.
Nhưng làm cách. Mỗi giống lớn các về. Giữa từng nếu để thay như.');
INSERT INTO Movie (title, director, genre, duration, language, agerating, releasedate, synopsis) VALUES ('Assimilated bifurcated hub', 'Dương Thái Ngọc', 'Hành động', 155, 'Tiếng Anh', 'C16', '2025-12-22', 'Đi hơn nhiều tại này vậy. Điều vẫn bên cách. Một đã sau thì giữa.
Như bạn từ số này. Mỗi vì theo khi tại có đó gần. Dưới đến này để cũng cũng với.');
INSERT INTO Movie (title, director, genre, duration, language, agerating, releasedate, synopsis) VALUES ('Devolved multi-tasking budgetary management', 'Đặng Hải Nhung', 'Hài hước', 180, 'Tiếng Anh', 'C13', '2026-03-29', 'Đang đi và các hơn cho chưa. Bên đó khiến cho đang trong sau nhiều.
Người sau chưa. Thì đến thế một với. Thay tôi đi cái cũng đúng và từng.');
INSERT INTO Movie (title, director, genre, duration, language, agerating, releasedate, synopsis) VALUES ('Multi-tiered reciprocal complexity', 'Phan Đình Đạt', 'Tình cảm', 108, 'Tiếng Việt', 'C13', '2024-11-26', 'Vài chỉ số bạn mỗi sẽ như. Mỗi lớn về thế như. Tại của mỗi một hơn khi dưới.');
INSERT INTO Movie (title, director, genre, duration, language, agerating, releasedate, synopsis) VALUES ('Persistent needs-based application', 'Hồ Minh Hoa', 'Hài hước', 119, 'Tiếng Hàn', 'C18', '2026-01-11', 'Giống nào rất một để tôi hơn. Như người với một trong là người cách. Vì sau đã cách điều hơn.');
INSERT INTO Movie (title, director, genre, duration, language, agerating, releasedate, synopsis) VALUES ('Face-to-face multimedia moratorium', 'Dương Văn Việt', 'Tình cảm', 106, 'Tiếng Việt', 'C16', '2025-04-20', 'Như cho chưa với có nhưng. Cũng cái hơn khi như.
Với nhưng người với. Đang thay có được là. Từ một cũng thay bạn như.');
INSERT INTO Movie (title, director, genre, duration, language, agerating, releasedate, synopsis) VALUES ('Up-sized solution-oriented Internet solution', 'Trần Thu Thảo', 'Hành động', 170, 'Tiếng Việt', 'C18', '2026-04-12', 'Để vậy chưa vậy cho. Cũng sẽ người khiến và.
Chỉ các vậy gần trong. Và đó rất về cũng. Bên mỗi mà chưa tại nhưng điều.');
INSERT INTO Movie (title, director, genre, duration, language, agerating, releasedate, synopsis) VALUES ('Customizable hybrid time-frame', 'Phạm Gia Huy', 'Hài hước', 152, 'Tiếng Anh', 'C18', '2026-03-27', 'Để này gần một. Nhiều khiến vài vậy vậy tôi để. Để như tại như.
Vài từ thay của hơn nhiều. Từng giống và với cũng tôi.');
INSERT INTO Movie (title, director, genre, duration, language, agerating, releasedate, synopsis) VALUES ('Assimilated reciprocal matrix', 'Phạm Đình Nam', 'Kinh dị', 172, 'Tiếng Hàn', 'C13', '2026-02-11', 'Điều người đúng. Đúng rất như vài cũng các.
Tại người hoặc không gần một nơi. Cũng gần như thì rất mà dưới. Cách cho không đang.');
INSERT INTO Movie (title, director, genre, duration, language, agerating, releasedate, synopsis) VALUES ('Monitored high-level leverage', 'Lý Mai Hà', 'Hành động', 155, 'Tiếng Việt', 'C16', '2025-09-14', 'Có tại để để với vẫn thay. Đang như như đến như dưới hơn.');
INSERT INTO Movie (title, director, genre, duration, language, agerating, releasedate, synopsis) VALUES ('Integrated context-sensitive strategy', 'Trần Đình Linh', 'Viễn tưởng', 120, 'Tiếng Anh', 'P', '2026-04-18', 'Như hơn nhiều để. Hơn hoặc để giống.
Mà người để đã. Đó đến khiến là như là của. Từ đó như có và tại. Để từ nơi bên với.');
INSERT INTO Movie (title, director, genre, duration, language, agerating, releasedate, synopsis) VALUES ('Switchable grid-enabled artificial intelligence', 'Đặng Ngọc Nhung', 'Kinh dị', 145, 'Tiếng Hàn', 'C18', '2025-02-24', 'Từng đi chưa đi người vậy đúng. Vẫn hơn cách rất đi.
Hơn hơn các. Chưa từng tôi cách.');
INSERT INTO Movie (title, director, genre, duration, language, agerating, releasedate, synopsis) VALUES ('Persistent needs-based Graphical User Interface', 'Lê Thái Khánh', 'Kinh dị', 172, 'Tiếng Việt', 'P', '2026-01-10', 'Không với giống tại nhiều tại của. Là chỉ được mà đang tôi. Từ trong tự rất thế.');
INSERT INTO Movie (title, director, genre, duration, language, agerating, releasedate, synopsis) VALUES ('Vision-oriented mobile complexity', 'Lê Mai Thảo', 'Kinh dị', 148, 'Tiếng Anh', 'C18', '2026-05-18', 'Đến từ rất dưới. Này từng người tôi hơn với. Tại sau với vậy đi tự.');
INSERT INTO Movie (title, director, genre, duration, language, agerating, releasedate, synopsis) VALUES ('Function-based hybrid superstructure', 'Lê Gia Khánh', 'Tình cảm', 156, 'Tiếng Việt', 'C18', '2025-04-01', 'Vẫn để làm như lớn được. Như hơn sẽ về cũng tôi như.
Vài được tự với cũng. Đã nhiều tự hơn vậy với. Sẽ sau với khi.');
INSERT INTO Movie (title, director, genre, duration, language, agerating, releasedate, synopsis) VALUES ('Diverse directional definition', 'Vũ Thị Sơn', 'Hành động', 118, 'Tiếng Hàn', 'C13', '2025-09-03', 'Như vậy bạn. Về thì khi rất vài.
Đến của vẫn lớn nơi như làm. Lớn nơi nơi bên thì từ với.
Vì để nhiều. Là nhiều như đã. Gần điều bạn.');
INSERT INTO Movie (title, director, genre, duration, language, agerating, releasedate, synopsis) VALUES ('Future-proofed tertiary knowledgebase', 'Lê Minh Việt', 'Kinh dị', 141, 'Tiếng Anh', 'P', '2024-11-23', 'Đang thì dưới nhưng có sẽ về. Hơn nếu các sẽ tại chưa.
Điều nếu trong tại để trong khi. Của làm một thì sẽ hơn hoặc.');
INSERT INTO Movie (title, director, genre, duration, language, agerating, releasedate, synopsis) VALUES ('Diverse asymmetric flexibility', 'Ngô Hữu Khánh', 'Hài hước', 161, 'Tiếng Hàn', 'P', '2025-06-23', 'Đúng trong trong từ tại. Từng của sẽ hoặc thay. Lớn vài chưa có tại vẫn.
Nhưng như của. Tại như trong làm. Bên như như để mỗi nếu.');
INSERT INTO Movie (title, director, genre, duration, language, agerating, releasedate, synopsis) VALUES ('Extended well-modulated system engine', 'Đỗ Mai Nhung', 'Tình cảm', 136, 'Tiếng Anh', 'C18', '2025-08-16', 'Chưa đó trong mà gần vì. Với điều giống để giữa cái.
Với từng nhiều gần chỉ như gần tôi. Chỉ tôi về là và tại. Hơn vì thì.');
INSERT INTO Movie (title, director, genre, duration, language, agerating, releasedate, synopsis) VALUES ('Customizable 4thgeneration leverage', 'Đặng Thanh Lan', 'Viễn tưởng', 175, 'Tiếng Việt', 'C13', '2026-04-20', 'Không để giữa các gần. Thì tại các dưới từ từng giống tại.
Với để khiến thế theo của.
Đó làm là khiến người với. Của như giống lớn vậy của.');
INSERT INTO Movie (title, director, genre, duration, language, agerating, releasedate, synopsis) VALUES ('Fundamental systematic toolset', 'Nguyễn Mai Nhung', 'Hài hước', 93, 'Tiếng Hàn', 'P', '2025-09-30', 'Tự vì giống bạn cách. Này như của hơn trong cũng đúng.
Nếu đang không thế. Để tôi là như đúng.');
INSERT INTO Movie (title, director, genre, duration, language, agerating, releasedate, synopsis) VALUES ('Profound 4thgeneration neural-net', 'Ngô Thị Khánh', 'Hài hước', 139, 'Tiếng Hàn', 'C18', '2024-09-03', 'Này trong thì là cái khiến. Đúng cái hoặc hơn.
Khi sẽ người là nếu giống. Vì thay số theo.
Vài một một giữa cái giống bạn. Đã của bạn rất điều cũng.');
INSERT INTO Movie (title, director, genre, duration, language, agerating, releasedate, synopsis) VALUES ('Vision-oriented context-sensitive policy', 'Bùi Thu Khánh', 'Tình cảm', 179, 'Tiếng Hàn', 'P', '2024-09-18', 'Rất từ chưa với chưa tại. Sẽ sẽ điều để giữa và tại. Cho như người giống là.
Là đã thay. Tại các một từ trong.
Tôi như đến sẽ. Cũng hơn đang với nếu.');
INSERT INTO Movie (title, director, genre, duration, language, agerating, releasedate, synopsis) VALUES ('Enhanced systemic projection', 'Lý Thu Việt', 'Viễn tưởng', 144, 'Tiếng Việt', 'C16', '2026-04-02', 'Đã hơn bạn về về đã hơn cũng. Trong thay tự nếu hơn nơi. Về đó gần.
Vậy thế này từng nhưng tại. Hơn hơn nhiều. Đúng trong như sau với thay vậy.');
INSERT INTO Movie (title, director, genre, duration, language, agerating, releasedate, synopsis) VALUES ('Future-proofed didactic matrix', 'Lê Hải Trang', 'Hài hước', 117, 'Tiếng Hàn', 'P', '2025-03-28', 'Đi nhưng nào cách với vì thì. Nhưng vẫn vẫn của điều bên.
Chưa thay dưới các của. Hơn mà trong đi. Mỗi không đi dưới.');
INSERT INTO Movie (title, director, genre, duration, language, agerating, releasedate, synopsis) VALUES ('Customer-focused static workforce', 'Trần Tuấn Đạt', 'Hành động', 123, 'Tiếng Anh', 'C18', '2026-02-14', 'Đúng từ một giống dưới tự. Hoặc đúng vài đã hơn là làm.
Đi nơi theo một. Vài để về bạn các cho đi. Với từng hơn tại.');
INSERT INTO Movie (title, director, genre, duration, language, agerating, releasedate, synopsis) VALUES ('Upgradable human-resource productivity', 'Nguyễn Tuấn Khánh', 'Viễn tưởng', 126, 'Tiếng Anh', 'C18', '2024-11-23', 'Của từ nếu đến. Điều có sẽ là đi đúng khi. Hơn thì số trong nhưng.
Mà với đó hơn đang để là. Của hơn để cách đúng tại từ một.');
INSERT INTO Movie (title, director, genre, duration, language, agerating, releasedate, synopsis) VALUES ('Proactive 24hour middleware', 'Ngô Thu Linh', 'Tình cảm', 112, 'Tiếng Việt', 'P', '2026-04-11', 'Là với cái với. Có rất người được cũng. Đi giữa hơn giống thế lớn vài.
Từ trong thế vẫn. Từ người rất của sẽ lớn mà.');
INSERT INTO Movie (title, director, genre, duration, language, agerating, releasedate, synopsis) VALUES ('Networked analyzing budgetary management', 'Trần Gia Huy', 'Tình cảm', 170, 'Tiếng Anh', 'C16', '2025-09-28', 'Để đã theo trong thế. Như không thì tự nếu tôi khi. Theo hoặc giữa có. Người người được khi sau vì vài.');
INSERT INTO Movie (title, director, genre, duration, language, agerating, releasedate, synopsis) VALUES ('Open-architected grid-enabled software', 'Phạm Minh Nam', 'Viễn tưởng', 121, 'Tiếng Việt', 'C13', '2025-07-02', 'Cũng nhiều đúng với từng như từ. Thì của vậy nếu không.
Giống cho của điều tại. Trong đã hơn nơi tự như khiến.');
INSERT INTO Movie (title, director, genre, duration, language, agerating, releasedate, synopsis) VALUES ('Extended attitude-oriented firmware', 'Phan Thanh Nhung', 'Hài hước', 131, 'Tiếng Hàn', 'P', '2025-09-26', 'Như trong hơn điều có giống. Được nếu chưa lớn. Thế cũng như như.
Từ thế vẫn của. Vậy đó thay bên hơn có.');
INSERT INTO Movie (title, director, genre, duration, language, agerating, releasedate, synopsis) VALUES ('Re-engineered next generation benchmark', 'Bùi Bảo Dũng', 'Viễn tưởng', 169, 'Tiếng Anh', 'C13', '2025-10-03', 'Giữa không nơi dưới khiến. Vì để đó từ chưa nhiều nhưng.');
INSERT INTO Movie (title, director, genre, duration, language, agerating, releasedate, synopsis) VALUES ('Distributed radical open system', 'Nguyễn Mai Ngọc', 'Hài hước', 104, 'Tiếng Việt', 'C18', '2025-07-05', 'Để thì nếu từ là vẫn thì. Hoặc gần đúng vì như một. Điều giống điều của thay tại.');
INSERT INTO Movie (title, director, genre, duration, language, agerating, releasedate, synopsis) VALUES ('Stand-alone maximized database', 'Lý Thúy Dũng', 'Hành động', 113, 'Tiếng Anh', 'C18', '2024-08-04', 'Như cách để các khi chưa. Chưa nhiều thế của. Cũng để để như khi nếu giữa các.
Thế tại sau như là sau hoặc được. Từng theo đã để. Vì người có tại về.');
INSERT INTO Movie (title, director, genre, duration, language, agerating, releasedate, synopsis) VALUES ('Extended empowering installation', 'Đỗ Hữu Linh', 'Kinh dị', 146, 'Tiếng Hàn', 'P', '2026-05-01', 'Nếu bạn đang thay khi với. Bạn cũng thì mà.
Hơn trong như đang là theo. Cho đến vậy là. Mà cho đó cái trong làm.
Bên của như một.');
INSERT INTO Movie (title, director, genre, duration, language, agerating, releasedate, synopsis) VALUES ('Enterprise-wide upward-trending support', 'Võ Thái Huy', 'Hành động', 107, 'Tiếng Anh', 'C13', '2024-10-18', 'Khiến sau đó có các trong hoặc. Điều cũng đó và như chưa. Vài từ bên không làm làm tự.
Lớn nếu sẽ. Làm như tại. Bên như vậy cái của khiến đúng theo.');
INSERT INTO Movie (title, director, genre, duration, language, agerating, releasedate, synopsis) VALUES ('Synchronized neutral open architecture', 'Phạm Gia Linh', 'Viễn tưởng', 177, 'Tiếng Anh', 'C16', '2025-03-06', 'Dưới có cách nhiều trong cũng theo. Các nhưng thế.
Số có mà với. Tự không đến để tại được. Bên thì đã của thế các chưa nơi.');
INSERT INTO Movie (title, director, genre, duration, language, agerating, releasedate, synopsis) VALUES ('Enterprise-wide client-driven complexity', 'Ngô Hải Ngọc', 'Tình cảm', 125, 'Tiếng Việt', 'C13', '2025-03-22', 'Như hoặc cách sẽ. Trong được như sau có với.
Khiến để số để khi của. Các từ tại đã để vậy này.');
INSERT INTO Movie (title, director, genre, duration, language, agerating, releasedate, synopsis) VALUES ('Polarized cohesive Graphic Interface', 'Phạm Đình Hà', 'Viễn tưởng', 104, 'Tiếng Anh', 'C13', '2024-10-28', 'Nhiều với sau đó và như. Không từ bạn thì để sau các. Cũng nơi như làm với.
Làm có có đúng. Của vậy có đang cũng trong.');
INSERT INTO Movie (title, director, genre, duration, language, agerating, releasedate, synopsis) VALUES ('Progressive full-range moratorium', 'Đỗ Gia Linh', 'Hành động', 113, 'Tiếng Anh', 'P', '2025-09-09', 'Có rất cái sẽ giữa. Tại người đến có mỗi. Thì là làm như hơn trong.
Lớn này theo các vẫn lớn. Hơn để là được cũng.
Bên gần thế cách sẽ của.');
INSERT INTO Movie (title, director, genre, duration, language, agerating, releasedate, synopsis) VALUES ('Organized intangible intranet', 'Nguyễn Gia Trang', 'Kinh dị', 142, 'Tiếng Hàn', 'C13', '2024-12-30', 'Bạn của rất mà là. Chưa tự nhưng và. Chỉ có một vì.
Cái mỗi tôi theo từng vẫn người như.
Đúng nếu tôi. Được để lớn cho từ.');
INSERT INTO Movie (title, director, genre, duration, language, agerating, releasedate, synopsis) VALUES ('Fundamental dedicated capacity', 'Lê Thái Anh', 'Kinh dị', 157, 'Tiếng Hàn', 'P', '2026-01-02', 'Tự và hơn mà theo. Theo bên số thay. Này nhiều thì cũng hơn tại vì từ.');
INSERT INTO Movie (title, director, genre, duration, language, agerating, releasedate, synopsis) VALUES ('Sharable dedicated conglomeration', 'Huỳnh Thanh Tuấn', 'Kinh dị', 167, 'Tiếng Hàn', 'P', '2024-09-30', 'Làm bạn sau rất sau. Một vậy vẫn đúng trong cái. Từ để bạn thế. Đến vì giữa sẽ vậy là.
Bên theo vậy nơi là được vài. Làm đã từ vậy sau và về.');
INSERT INTO Movie (title, director, genre, duration, language, agerating, releasedate, synopsis) VALUES ('Profit-focused hybrid matrices', 'Đỗ Ngọc Lan', 'Hành động', 122, 'Tiếng Anh', 'C16', '2025-03-23', 'Nơi sẽ cho thay nếu. Vài từ rất này mỗi. Giống cũng có nếu này hơn nào.');
INSERT INTO Movie (title, director, genre, duration, language, agerating, releasedate, synopsis) VALUES ('Function-based systemic help-desk', 'Huỳnh Ngọc Hải', 'Viễn tưởng', 108, 'Tiếng Anh', 'P', '2024-10-07', 'Hơn của được. Nhưng hơn khi mỗi sẽ. Thay nhiều đó của theo.
Hơn lớn làm trong đúng cho. Là và thay để. Đang của cũng.');
INSERT INTO Movie (title, director, genre, duration, language, agerating, releasedate, synopsis) VALUES ('Automated zero-defect frame', 'Nguyễn Thái Dũng', 'Viễn tưởng', 170, 'Tiếng Hàn', 'P', '2025-05-18', 'Từ để tại theo như như. Trong bên vậy đó nhưng.
Như nơi của. Đến người nào của. Đã lớn đã chỉ.
Vậy chỉ tôi có cũng giữa. Hơn để làm sau như gần vẫn.');
INSERT INTO Movie (title, director, genre, duration, language, agerating, releasedate, synopsis) VALUES ('User-friendly grid-enabled Graphical User Interface', 'Phan Thái Sơn', 'Hài hước', 110, 'Tiếng Hàn', 'C16', '2025-12-20', 'Thay tự sẽ về như. Cũng tự từng nhưng đến. Tại điều đến đến.
Là với thế đó hoặc mỗi. Với nếu bên giống.');
INSERT INTO Movie (title, director, genre, duration, language, agerating, releasedate, synopsis) VALUES ('Future-proofed bandwidth-monitored knowledgebase', 'Lê Ngọc Thảo', 'Hài hước', 122, 'Tiếng Anh', 'C18', '2024-10-21', 'Như khiến rất. Có bên nếu như nhưng. Người mỗi vậy vậy của đến tự.
Rất chưa với cái. Chỉ hoặc hơn tự. Thì vậy có.
Bên về nếu như. Vậy chỉ giữa nhưng.');
INSERT INTO Movie (title, director, genre, duration, language, agerating, releasedate, synopsis) VALUES ('Inverse heuristic Local Area Network', 'Đặng Thúy Thảo', 'Tình cảm', 90, 'Tiếng Anh', 'P', '2026-02-16', 'Cách khiến trong của lớn một như. Trong đúng cũng như theo với.
Cách như số hơn đến cách từ. Rất đúng mà bên để.');
INSERT INTO Movie (title, director, genre, duration, language, agerating, releasedate, synopsis) VALUES ('Automated user-facing neural-net', 'Nguyễn Anh Lan', 'Kinh dị', 161, 'Tiếng Việt', 'C13', '2026-04-13', 'Như này thế gần nhiều. Để như này bên như. Có đến từ như này.
Cái cũng lớn lớn hơn. Đúng vì được gần mà này làm. Vài tôi và đi.');
INSERT INTO Movie (title, director, genre, duration, language, agerating, releasedate, synopsis) VALUES ('Virtual value-added algorithm', 'Trần Ngọc Tuấn', 'Hành động', 155, 'Tiếng Anh', 'P', '2026-01-23', 'Từng với của hơn nhưng. Hoặc khiến sẽ.
Của cái được thế nếu số giữa với. Từng thế tôi gần vậy cái. Để đó theo vẫn.');
INSERT INTO Movie (title, director, genre, duration, language, agerating, releasedate, synopsis) VALUES ('Down-sized asymmetric throughput', 'Lý Thúy Tuấn', 'Viễn tưởng', 178, 'Tiếng Việt', 'C16', '2025-02-05', 'Giống mỗi có có khiến cái với nào. Nhưng nơi tôi có mỗi. Bên để các vài của nơi.
Đến có người cho. Nhiều từ khi nơi như.');
INSERT INTO Movie (title, director, genre, duration, language, agerating, releasedate, synopsis) VALUES ('Digitized encompassing customer loyalty', 'Trần Anh Hoa', 'Hành động', 102, 'Tiếng Anh', 'C13', '2025-11-23', 'Khiến về với đang của. Và của bên của. Sau để lớn tôi được.
Từ cũng điều giống vậy mỗi trong. Để không nhưng.');
INSERT INTO Movie (title, director, genre, duration, language, agerating, releasedate, synopsis) VALUES ('Reactive bandwidth-monitored encoding', 'Dương Hoàng Thảo', 'Tình cảm', 90, 'Tiếng Anh', 'C18', '2024-11-08', 'Mỗi số này.
Khiến của chỉ có. Về theo tự giữa để chưa như.
Như rất có trong tự.');
INSERT INTO Movie (title, director, genre, duration, language, agerating, releasedate, synopsis) VALUES ('De-engineered full-range benchmark', 'Phan Mai Dũng', 'Kinh dị', 125, 'Tiếng Anh', 'P', '2026-02-16', 'Để tại giống làm một để các. Từ dưới và cái.
Giữa thay hoặc theo đi từng cách mà. Đi vẫn vì đó. Cũng và về nhưng có.');
INSERT INTO Movie (title, director, genre, duration, language, agerating, releasedate, synopsis) VALUES ('Vision-oriented local neural-net', 'Ngô Đình Huy', 'Viễn tưởng', 102, 'Tiếng Hàn', 'C13', '2024-10-10', 'Không điều với cũng. Tự khiến với đó hơn hơn sau từng.
Để theo nếu gần theo nơi như. Đúng dưới về điều thay.
Nào không với theo.');
INSERT INTO Movie (title, director, genre, duration, language, agerating, releasedate, synopsis) VALUES ('Public-key 5thgeneration model', 'Huỳnh Ngọc Phong', 'Hành động', 168, 'Tiếng Hàn', 'P', '2024-11-29', 'Có về đang đã khi của theo. Vài từng hơn hơn. Hơn vẫn như theo tại nhưng mỗi.
Được như thay đúng cho và bên giống. Trong dưới mỗi như sẽ thay.');
INSERT INTO Movie (title, director, genre, duration, language, agerating, releasedate, synopsis) VALUES ('Profound intermediate strategy', 'Phạm Gia Khánh', 'Tình cảm', 103, 'Tiếng Hàn', 'C13', '2024-09-29', 'Số một lớn dưới khi từng. Có của vẫn tại có cho điều vẫn. Nơi hơn cho cũng dưới chưa.
Của của đã về đang. Chỉ gần hoặc cái bạn như.');
INSERT INTO Movie (title, director, genre, duration, language, agerating, releasedate, synopsis) VALUES ('Balanced non-volatile hub', 'Hoàng Anh Sơn', 'Kinh dị', 141, 'Tiếng Anh', 'C18', '2025-12-28', 'Chưa với vậy cũng như được. Đó để tự vẫn của. Mỗi trong như của đã cũng.');
INSERT INTO Movie (title, director, genre, duration, language, agerating, releasedate, synopsis) VALUES ('Streamlined even-keeled approach', 'Võ Mai Nam', 'Kinh dị', 124, 'Tiếng Hàn', 'C16', '2025-11-14', 'Đã tôi đi hoặc. Theo với như vì cái.
Khi này các hơn. Mỗi về hơn người và tôi của. Để của để khi là.');
INSERT INTO Movie (title, director, genre, duration, language, agerating, releasedate, synopsis) VALUES ('Cross-group zero administration strategy', 'Hoàng Ngọc Hà', 'Kinh dị', 124, 'Tiếng Việt', 'C13', '2024-12-01', 'Hơn đúng vài với từ rất. Có vậy giống trong.
Khiến như như với hơn nhưng. Khi trong có tại giữa như số. Thì nếu đang.');
INSERT INTO Movie (title, director, genre, duration, language, agerating, releasedate, synopsis) VALUES ('Operative eco-centric monitoring', 'Huỳnh Tuấn Hà', 'Tình cảm', 140, 'Tiếng Việt', 'P', '2025-05-12', 'Của với tự tự để sẽ thay. Có giống tại là hơn đúng tại. Cách vì sau tôi.
Mà một để thế cũng này đó. Đã không rất tại. Của thì với vẫn khiến được như.');
INSERT INTO Movie (title, director, genre, duration, language, agerating, releasedate, synopsis) VALUES ('Synergistic bifurcated complexity', 'Đỗ Hoàng Hoa', 'Hài hước', 176, 'Tiếng Hàn', 'C13', '2024-07-06', 'Đó đúng thì để nào. Trong khi vẫn này nào rất và.
Cách từ rất bạn của. Cách hơn và với. Khiến cũng các vậy sẽ nào.');
INSERT INTO Movie (title, director, genre, duration, language, agerating, releasedate, synopsis) VALUES ('Innovative upward-trending benchmark', 'Hoàng Văn Tuấn', 'Hài hước', 169, 'Tiếng Anh', 'P', '2025-10-24', 'Nhưng nhiều khi đã. Có như sẽ có đến trong từ. Theo của nhiều.
Như từ hoặc này nếu. Như như gần với khi số. Số tôi của lớn đến dưới của.');
INSERT INTO Movie (title, director, genre, duration, language, agerating, releasedate, synopsis) VALUES ('Proactive optimizing website', 'Vũ Thúy Anh', 'Tình cảm', 118, 'Tiếng Việt', 'C16', '2026-05-14', 'Cũng để hơn cũng cũng tự. Như hơn cách là.
Để và hoặc đúng người lớn. Đó được là là để với. Giữa lớn vẫn như đi khiến này. Trong để trong có vẫn.');
INSERT INTO Movie (title, director, genre, duration, language, agerating, releasedate, synopsis) VALUES ('Re-contextualized needs-based functionalities', 'Lý Hữu Phong', 'Viễn tưởng', 109, 'Tiếng Việt', 'P', '2025-08-18', 'Với sau tự sau đó bên. Trong và đã tôi với trong với.
Tại khi thế và của để thì. Của như được người. Nếu khi vậy này.');
INSERT INTO Movie (title, director, genre, duration, language, agerating, releasedate, synopsis) VALUES ('Implemented modular analyzer', 'Phạm Thanh Hà', 'Hài hước', 155, 'Tiếng Việt', 'C18', '2025-08-28', 'Đang vài sẽ. Một như tại một một đã dưới tại. Thay hoặc lớn không không.
Thay không cũng là. Được số vẫn chỉ.
Các đi của hoặc rất bạn.');
INSERT INTO Movie (title, director, genre, duration, language, agerating, releasedate, synopsis) VALUES ('Universal zero tolerance toolset', 'Phạm Bảo Nhung', 'Hài hước', 105, 'Tiếng Việt', 'C13', '2025-01-26', 'Mà từ cái làm thay điều. Từ nhiều này nào tôi.
Hoặc đã vì thì tự từng. Tại trong từng để.
Giữa trong gần. Làm được cũng cũng cách đó tại.');
INSERT INTO Movie (title, director, genre, duration, language, agerating, releasedate, synopsis) VALUES ('Public-key well-modulated leverage', 'Võ Xuân Linh', 'Hài hước', 122, 'Tiếng Việt', 'C13', '2025-01-15', 'Gần nhiều một đang hoặc rất. Thì giữa có để được khiến khiến. Giống điều như của hơn.
Vài hơn bên đã để chưa đến thế. Đang đang sẽ của như.');
INSERT INTO Movie (title, director, genre, duration, language, agerating, releasedate, synopsis) VALUES ('Automated regional application', 'Hoàng Đình Khánh', 'Hành động', 167, 'Tiếng Việt', 'C16', '2025-06-26', 'Có đến vẫn trong. Tại sau làm để.
Người tại nào điều bên cái sau nơi. Tại được đang rất với đúng bên. Chưa làm vì thế tôi mà tại.');
INSERT INTO Movie (title, director, genre, duration, language, agerating, releasedate, synopsis) VALUES ('Monitored content-based emulation', 'Phạm Hải Huy', 'Kinh dị', 120, 'Tiếng Anh', 'C13', '2025-06-08', 'Hơn điều đang. Đó cho có cái. Giống nơi trong đang.');
INSERT INTO Movie (title, director, genre, duration, language, agerating, releasedate, synopsis) VALUES ('Phased responsive flexibility', 'Đặng Bảo Ngọc', 'Kinh dị', 115, 'Tiếng Anh', 'C13', '2024-08-11', 'Và dưới chỉ mà này nhiều. Để cách của rất thay cách vài.
Chưa đi tại với trong cho trong. Tại tại thì cái. Và lớn đi như.');
INSERT INTO Movie (title, director, genre, duration, language, agerating, releasedate, synopsis) VALUES ('Progressive asynchronous secured line', 'Huỳnh Anh Dũng', 'Tình cảm', 174, 'Tiếng Hàn', 'C13', '2025-05-08', 'Sau từng để thế đã bạn mà. Hoặc từng nơi mà như. Khiến của dưới sẽ.');
INSERT INTO Movie (title, director, genre, duration, language, agerating, releasedate, synopsis) VALUES ('Optimized logistical Internet solution', 'Trần Văn Dũng', 'Hành động', 179, 'Tiếng Hàn', 'P', '2024-10-27', 'Từng của thay về nào mỗi. Thay đang được và từ. Như lớn hơn cách dưới bạn.
Tôi cho sau có. Số từ cái người đã.');
INSERT INTO Movie (title, director, genre, duration, language, agerating, releasedate, synopsis) VALUES ('Devolved multimedia monitoring', 'Phan Đức Việt', 'Hành động', 140, 'Tiếng Việt', 'C18', '2024-06-23', 'Sẽ điều bạn trong trong với về. Nhiều số tôi của bạn có.
Bên vẫn mỗi trong đó đã. Để nhưng nhiều của khi sau.');
INSERT INTO Movie (title, director, genre, duration, language, agerating, releasedate, synopsis) VALUES ('Open-architected 24hour pricing structure', 'Đặng Hoàng Huy', 'Kinh dị', 114, 'Tiếng Việt', 'C13', '2024-12-11', 'Thì nếu khiến của điều của. Đi cách khi giống giống nếu. Cái chưa cho này từng đúng không.
Một nào để có không. Thay như làm chỉ đó như này.');
INSERT INTO Movie (title, director, genre, duration, language, agerating, releasedate, synopsis) VALUES ('Automated coherent capacity', 'Trần Minh Anh', 'Hài hước', 94, 'Tiếng Anh', 'P', '2024-11-28', 'Người sẽ làm từ vì sau như nào. Rất nào tại tôi này.
Từng lớn từ. Từ không tôi đi cũng thay. Trong khi nhưng tự cũng gần.');
INSERT INTO Movie (title, director, genre, duration, language, agerating, releasedate, synopsis) VALUES ('Streamlined demand-driven info-mediaries', 'Lý Anh Lan', 'Tình cảm', 140, 'Tiếng Việt', 'P', '2025-11-24', 'Bên nếu giữa bạn. Thế giữa đó người. Giữa của hơn khiến cách.
Như dưới làm sau là mỗi để.
Dưới tại cách nếu. Như mỗi để như.');
INSERT INTO Movie (title, director, genre, duration, language, agerating, releasedate, synopsis) VALUES ('Optional eco-centric leverage', 'Lý Thái Nhung', 'Tình cảm', 125, 'Tiếng Hàn', 'C18', '2025-01-04', 'Như về như đó chỉ và.
Nào về số theo. Đã vài hơn lớn của từng. Từ tự đến như làm.
Đi nếu với nếu trong hoặc. Hơn để vậy từ vẫn. Từng làm nhưng có.');
INSERT INTO Movie (title, director, genre, duration, language, agerating, releasedate, synopsis) VALUES ('Business-focused human-resource benchmark', 'Đỗ Ngọc Hoa', 'Tình cảm', 135, 'Tiếng Hàn', 'C16', '2024-11-22', 'Thế với dưới về của.
Sau hơn người hơn làm tự. Cũng tôi chưa khi. Như có đang nào của từng bên.');
INSERT INTO Movie (title, director, genre, duration, language, agerating, releasedate, synopsis) VALUES ('Expanded stable leverage', 'Trần Thúy Khánh', 'Hành động', 180, 'Tiếng Anh', 'C13', '2024-10-19', 'Cũng như trong giữa cách và đến.
Vài làm có dưới mỗi người đúng cho. Điều cách thế bên đang với.
Nhiều người để. Để một sau các.');
INSERT INTO Movie (title, director, genre, duration, language, agerating, releasedate, synopsis) VALUES ('Self-enabling systemic neural-net', 'Bùi Thị Anh', 'Hài hước', 115, 'Tiếng Việt', 'C13', '2025-07-10', 'Có mỗi để. Nơi là của điều như về.
Lớn các như trong. Cũng để dưới là lớn cũng tại đang. Để nào với của để vậy.');
INSERT INTO Movie (title, director, genre, duration, language, agerating, releasedate, synopsis) VALUES ('Multi-lateral leadingedge success', 'Hoàng Anh Hà', 'Viễn tưởng', 100, 'Tiếng Hàn', 'C18', '2025-05-26', 'Với cho gần người từ. Này đã của đã như. Đi tại như nào.
Hơn các hơn. Nếu hoặc có sẽ điều hoặc. Một về mà thay.');
INSERT INTO Movie (title, director, genre, duration, language, agerating, releasedate, synopsis) VALUES ('Multi-layered homogeneous intranet', 'Lý Ngọc Phong', 'Hành động', 140, 'Tiếng Anh', 'C18', '2024-12-07', 'Và khi sẽ này vài rất thế như.
Cách và hơn chưa trong này. Là nếu tại. Hơn vì thì chỉ.
Không nhiều đã. Nơi nhưng với vài cách nơi các.');
INSERT INTO Movie (title, director, genre, duration, language, agerating, releasedate, synopsis) VALUES ('Phased 4thgeneration parallelism', 'Dương Đức Nhung', 'Hành động', 148, 'Tiếng Việt', 'C13', '2025-02-06', 'Của khi vài là. Đến sẽ tôi. Bên từ cũng vẫn giữa cái.
Giống mỗi của như bạn đúng không. Nơi vậy các.');
INSERT INTO Movie (title, director, genre, duration, language, agerating, releasedate, synopsis) VALUES ('Cross-group cohesive data-warehouse', 'Vũ Gia Hà', 'Hài hước', 119, 'Tiếng Anh', 'C16', '2025-09-29', 'Nơi của và một theo. Sẽ hơn mà số từ như từ. Vì mà sau vài nơi về trong.
Mà giống là người. Rất để một của với với. Này vẫn tại cũng một vậy.');
INSERT INTO Movie (title, director, genre, duration, language, agerating, releasedate, synopsis) VALUES ('Quality-focused needs-based task-force', 'Dương Thị Hà', 'Viễn tưởng', 122, 'Tiếng Anh', 'C16', '2025-07-29', 'Sẽ vẫn giữa để. Trong hoặc của khi của nếu thì. Đã hoặc đang để làm điều vậy.
Thế mỗi của cho sau. Này sẽ vẫn trong làm để.');
INSERT INTO Movie (title, director, genre, duration, language, agerating, releasedate, synopsis) VALUES ('Visionary executive solution', 'Trần Bảo Anh', 'Tình cảm', 138, 'Tiếng Việt', 'C13', '2026-02-02', 'Của cũng cũng khiến đi. Thì theo thế không.
Khi có nào tự hoặc từng. Cái để một như từng nào. Này vậy có nhiều đúng giữa.');
INSERT INTO Movie (title, director, genre, duration, language, agerating, releasedate, synopsis) VALUES ('Business-focused multi-state project', 'Dương Hoàng Huy', 'Hài hước', 90, 'Tiếng Anh', 'C16', '2024-12-06', 'Có rất từ các lớn với cách. Không các bạn khiến.
Để giữa đi nếu đã. Từng các giữa mà sẽ.
Sau từng như về như. Từ đó điều được các.');
INSERT INTO Movie (title, director, genre, duration, language, agerating, releasedate, synopsis) VALUES ('Open-source context-sensitive synergy', 'Huỳnh Gia Cường', 'Hành động', 138, 'Tiếng Anh', 'C16', '2024-06-25', 'Của nơi chỉ chỉ có nếu đúng. Tại để vẫn vậy nhưng từ không.
Nếu nơi nào tại không thế đã mà. Dưới sẽ có như. Của và nhiều để. Như cách hoặc vẫn.');
INSERT INTO Movie (title, director, genre, duration, language, agerating, releasedate, synopsis) VALUES ('Horizontal optimal application', 'Đặng Xuân Sơn', 'Viễn tưởng', 105, 'Tiếng Anh', 'C13', '2024-12-15', 'Từ tự chưa để sau. Từ tại gần mà. Của khiến gần để hoặc để.
Rất nhiều có điều số với. Mỗi rất từng tự từ vì.');
INSERT INTO Movie (title, director, genre, duration, language, agerating, releasedate, synopsis) VALUES ('User-friendly radical hardware', 'Bùi Đình Hoa', 'Kinh dị', 114, 'Tiếng Hàn', 'C13', '2024-08-09', 'Vài một thế. Làm giữa nếu như một cho thế. Số gần về dưới nếu.
Như thì đó. Là các được rất làm tại. Đang từng vậy hoặc.');
INSERT INTO Movie (title, director, genre, duration, language, agerating, releasedate, synopsis) VALUES ('Upgradable value-added matrices', 'Lý Hải Sơn', 'Hài hước', 160, 'Tiếng Anh', 'C13', '2025-12-30', 'Khi người cái hoặc thay cách. Đi của khiến vì cũng vài thế trong.');
INSERT INTO Movie (title, director, genre, duration, language, agerating, releasedate, synopsis) VALUES ('Open-architected web-enabled structure', 'Lê Thị Dũng', 'Viễn tưởng', 164, 'Tiếng Anh', 'C16', '2025-03-19', 'Vậy tại giống từ với thì như. Như sau vậy trong như.');
INSERT INTO Movie (title, director, genre, duration, language, agerating, releasedate, synopsis) VALUES ('Vision-oriented non-volatile focus group', 'Lý Tuấn Anh', 'Kinh dị', 92, 'Tiếng Việt', 'C13', '2024-12-04', 'Làm để nhiều khi chưa hoặc. Đúng tại vậy nơi khiến thế đến. Mỗi giống để của mỗi dưới bên.');
INSERT INTO Movie (title, director, genre, duration, language, agerating, releasedate, synopsis) VALUES ('Distributed executive intranet', 'Võ Mai Tuấn', 'Viễn tưởng', 123, 'Tiếng Hàn', 'C13', '2024-11-03', 'Sau nhiều nếu người bên số. Trong mà vậy chỉ cũng về điều. Nào để như là.
Nếu có của một như. Giống này và nào để giống nào. Đến người một.');
INSERT INTO Movie (title, director, genre, duration, language, agerating, releasedate, synopsis) VALUES ('Streamlined logistical migration', 'Trần Tuấn Hà', 'Kinh dị', 119, 'Tiếng Hàn', 'P', '2024-09-27', 'Với một tại đã. Từ được của có giống một sau. Khi bên từ cái vẫn. Cho từ bên dưới chỉ tại trong từ.
Đó nếu nhưng dưới vẫn với đã. Của điều vài.');
INSERT INTO Movie (title, director, genre, duration, language, agerating, releasedate, synopsis) VALUES ('Inverse radical artificial intelligence', 'Lý Thị Phong', 'Hành động', 129, 'Tiếng Hàn', 'P', '2024-10-30', 'Và đó có của cách vẫn đi mà. Khiến bên các người như.
Vẫn thay như vài vì thì. Vì không sẽ này dưới.
Điều chưa giống bên giống để với điều.');
INSERT INTO Movie (title, director, genre, duration, language, agerating, releasedate, synopsis) VALUES ('Multi-lateral real-time encryption', 'Lê Mai Cường', 'Hài hước', 140, 'Tiếng Việt', 'C18', '2024-12-24', 'Được tôi hơn như của cho. Với tự của mà khi. Như chưa của.
Tự giữa cho đến để. Làm bên từ rất khi nhưng.
Thế sẽ sau của bạn.');
INSERT INTO Movie (title, director, genre, duration, language, agerating, releasedate, synopsis) VALUES ('Open-architected client-driven capability', 'Đỗ Minh Phong', 'Kinh dị', 128, 'Tiếng Hàn', 'C16', '2024-11-21', 'Đó lớn lớn để nơi cái chỉ. Đã cách của nếu để. Một đã có.
Hơn làm thế cũng từ. Hơn thì cách thì làm theo.');
INSERT INTO Movie (title, director, genre, duration, language, agerating, releasedate, synopsis) VALUES ('Universal bifurcated success', 'Vũ Thúy Hải', 'Kinh dị', 132, 'Tiếng Hàn', 'C18', '2024-06-23', 'Đang rất từ vì. Chỉ và hơn như khi của nơi như.
Tại trong cũng gần hoặc. Đã theo hoặc. Số tại như có tại.
Tôi với khi hơn. Về vì được nhưng sau.');
INSERT INTO Movie (title, director, genre, duration, language, agerating, releasedate, synopsis) VALUES ('Triple-buffered maximized moratorium', 'Huỳnh Anh Tuấn', 'Kinh dị', 130, 'Tiếng Anh', 'P', '2024-10-08', 'Từng với nếu nơi đúng. Có như cho nhưng nhưng sau bạn cũng.');
INSERT INTO Movie (title, director, genre, duration, language, agerating, releasedate, synopsis) VALUES ('Realigned maximized instruction set', 'Trần Văn Nam', 'Viễn tưởng', 123, 'Tiếng Hàn', 'C18', '2024-11-15', 'Sẽ nơi nhưng cái vẫn chưa rất. Trong khiến điều vậy. Mà để đó hơn hơn của thế.');
INSERT INTO Movie (title, director, genre, duration, language, agerating, releasedate, synopsis) VALUES ('Networked real-time focus group', 'Bùi Xuân Khánh', 'Hành động', 105, 'Tiếng Việt', 'C18', '2025-09-26', 'Từ chỉ làm thay của từng. Lớn cũng đến từ. Trong rất khi có trong giống của. Không cái đã vì.
Với làm có bên trong có.');
INSERT INTO Movie (title, director, genre, duration, language, agerating, releasedate, synopsis) VALUES ('Organized real-time archive', 'Vũ Minh Cường', 'Kinh dị', 104, 'Tiếng Việt', 'C16', '2025-05-24', 'Lớn mỗi như như tự từ như. Từ nào cho giống.
Rất sẽ nhưng sau tại. Đó tôi đã chưa.
Hoặc như điều từng mỗi cũng. Thế với thay từ sẽ.');
INSERT INTO Movie (title, director, genre, duration, language, agerating, releasedate, synopsis) VALUES ('Synergistic real-time encryption', 'Huỳnh Đình Trang', 'Hài hước', 119, 'Tiếng Việt', 'C18', '2025-05-15', 'Làm và không là. Đó chỉ của.
Số các dưới từ và nào.
Là giống có giống.
Theo không cũng có.
Của làm các và hơn. Để tại thay. Cho đã bạn sau mà sau.');
INSERT INTO Movie (title, director, genre, duration, language, agerating, releasedate, synopsis) VALUES ('Front-line mission-critical flexibility', 'Vũ Đình Hải', 'Viễn tưởng', 96, 'Tiếng Hàn', 'C18', '2025-02-24', 'Cách người bạn khi. Nơi chỉ từ đã sẽ giống. Tại tôi hơn của đi.
Từ của tại để đang. Trong sẽ các người. Này của tại.');
INSERT INTO Movie (title, director, genre, duration, language, agerating, releasedate, synopsis) VALUES ('Right-sized actuating secured line', 'Đỗ Thị Nhung', 'Kinh dị', 157, 'Tiếng Hàn', 'C13', '2025-01-14', 'Hoặc đã vài như thế.
Đúng một của tại. Của trong làm đi tôi vậy.');
INSERT INTO Movie (title, director, genre, duration, language, agerating, releasedate, synopsis) VALUES ('Virtual client-driven approach', 'Trần Anh Nhung', 'Kinh dị', 93, 'Tiếng Anh', 'C18', '2025-09-21', 'Khi vài có. Có vậy chưa của.
Và như có vì tôi. Nhưng được mỗi của chưa. Theo giống khiến nào của.
Bên có như để như gần cách. Để với nếu với tại từ.');
INSERT INTO Movie (title, director, genre, duration, language, agerating, releasedate, synopsis) VALUES ('Synergized systemic implementation', 'Vũ Hoàng Ngọc', 'Hành động', 136, 'Tiếng Hàn', 'C13', '2026-02-02', 'Vẫn chưa điều như lớn. Đi của không có để với. Cách theo từng khi đã trong.
Của chưa và cách tại sẽ rất một.');
INSERT INTO Movie (title, director, genre, duration, language, agerating, releasedate, synopsis) VALUES ('Virtual background portal', 'Lý Thu Khánh', 'Hành động', 113, 'Tiếng Anh', 'C16', '2026-01-16', 'Thay có vẫn lớn. Để sẽ nhiều nào như.
Như làm rất sau. Như người đúng khiến theo theo hơn có. Hoặc và số.
Có rất của tại từ khiến đi.');
INSERT INTO Movie (title, director, genre, duration, language, agerating, releasedate, synopsis) VALUES ('Progressive mission-critical customer loyalty', 'Phạm Văn Hải', 'Hài hước', 172, 'Tiếng Việt', 'C16', '2025-04-30', 'Các nhiều cách dưới bạn như thay. Để người hơn nếu cho chưa.
Vậy khi của đã tự giữa đến. Thay làm tôi có các cũng cách.');
INSERT INTO Movie (title, director, genre, duration, language, agerating, releasedate, synopsis) VALUES ('Re-engineered cohesive definition', 'Phạm Đình Ngọc', 'Hành động', 139, 'Tiếng Hàn', 'C16', '2024-08-20', 'Từ tự bạn như tại. Mà bạn nơi như là. Cái làm nơi hơn.
Tại người cái này vì nơi từ. Nơi một vậy. Vậy rất về cách không của.');
INSERT INTO Movie (title, director, genre, duration, language, agerating, releasedate, synopsis) VALUES ('Progressive web-enabled process improvement', 'Phan Thu Linh', 'Hành động', 97, 'Tiếng Việt', 'C13', '2025-07-14', 'Vẫn như đó vì vẫn bên. Lớn hơn cũng sẽ.
Cũng từ là sau từ từ cũng.
Theo đến đúng trong nơi có từ. Điều về của lớn. Tại bên tôi hơn có này của.');
INSERT INTO Movie (title, director, genre, duration, language, agerating, releasedate, synopsis) VALUES ('Optimized 5thgeneration implementation', 'Vũ Thu Anh', 'Kinh dị', 124, 'Tiếng Hàn', 'C13', '2025-11-09', 'Tôi nếu từng đi vài. Như mỗi giữa. Là một có mà vậy đúng vậy.
Sẽ vì từ về giống số thay. Chưa tại tôi hơn hơn với.');
INSERT INTO Movie (title, director, genre, duration, language, agerating, releasedate, synopsis) VALUES ('Diverse methodical standardization', 'Võ Bảo Anh', 'Hài hước', 143, 'Tiếng Anh', 'C18', '2025-05-14', 'Làm dưới hơn.
Cái đúng đó nơi với cũng không giữa. Cũng tự mà này giữa tại. Nhiều bạn nhiều vẫn từ nơi số. Tự nhưng tại từ.');
INSERT INTO Movie (title, director, genre, duration, language, agerating, releasedate, synopsis) VALUES ('User-centric encompassing instruction set', 'Đặng Xuân Dũng', 'Hài hước', 146, 'Tiếng Anh', 'C18', '2024-08-08', 'Sau tôi mà để. Đến vài sẽ giữa hơn người.
Nơi các rất nơi đi tôi người chỉ. Nhiều trong trong lớn điều đã nếu. Cũng là giữa từ mà nhiều.');
INSERT INTO Movie (title, director, genre, duration, language, agerating, releasedate, synopsis) VALUES ('Cloned foreground encryption', 'Hồ Hải Cường', 'Tình cảm', 180, 'Tiếng Việt', 'C13', '2025-06-08', 'Số không sau là nào cái.
Lớn lớn đến từng vẫn. Cách nơi trong nhưng vài bên. Giống tại bạn như là để với.');
INSERT INTO Movie (title, director, genre, duration, language, agerating, releasedate, synopsis) VALUES ('Ameliorated fresh-thinking adapter', 'Lý Đức Hà', 'Hành động', 177, 'Tiếng Hàn', 'C18', '2025-09-18', 'Nhưng điều như. Tự làm về lớn lớn. Tôi trong với cái thế tại.
Để nếu cho đi như. Của lớn về nào chưa một với. Như không như như người.');
INSERT INTO Movie (title, director, genre, duration, language, agerating, releasedate, synopsis) VALUES ('Universal local website', 'Lê Mai Nam', 'Kinh dị', 180, 'Tiếng Việt', 'P', '2025-10-06', 'Là vài điều và để thế hơn. Về bên với không trong.
Từ gần tôi để với này. Đang không nơi lớn với tôi bên như.');
INSERT INTO Movie (title, director, genre, duration, language, agerating, releasedate, synopsis) VALUES ('Multi-layered system-worthy toolset', 'Đỗ Hữu Cường', 'Viễn tưởng', 162, 'Tiếng Việt', 'C16', '2025-03-22', 'Của tại là gần nếu như. Về để vậy.
Bên theo hơn vậy từ như gần. Dưới số đang nơi.
Là từ mà tôi rất. Để khiến số về.');
INSERT INTO Movie (title, director, genre, duration, language, agerating, releasedate, synopsis) VALUES ('User-centric discrete infrastructure', 'Đặng Mai Nam', 'Hài hước', 118, 'Tiếng Hàn', 'P', '2024-08-23', 'Nơi cũng như sau. Giữa rất sẽ bạn tại. Làm hoặc cũng để đến thế tại tại.');
INSERT INTO Movie (title, director, genre, duration, language, agerating, releasedate, synopsis) VALUES ('Streamlined needs-based service-desk', 'Hoàng Thanh Hoa', 'Tình cảm', 104, 'Tiếng Anh', 'C13', '2025-05-03', 'Có thay của khi. Đến như về vì như không vậy. Không rất để cũng trong để thì.
Như cái bên để của nơi. Bên người đó lớn. Cái nếu từ đúng.');
INSERT INTO Movie (title, director, genre, duration, language, agerating, releasedate, synopsis) VALUES ('Compatible motivating process improvement', 'Huỳnh Đức Trang', 'Kinh dị', 139, 'Tiếng Hàn', 'C16', '2024-08-02', 'Không giống cách được nào vì có làm. Mỗi làm được bạn để mỗi từ. Sau có khiến tại của từ thì.');
INSERT INTO Movie (title, director, genre, duration, language, agerating, releasedate, synopsis) VALUES ('Re-contextualized attitude-oriented concept', 'Hoàng Hoàng Nam', 'Viễn tưởng', 134, 'Tiếng Anh', 'C18', '2025-07-22', 'Với như vậy nơi lớn đi tại người. Dưới bạn trong đang.');
INSERT INTO Movie (title, director, genre, duration, language, agerating, releasedate, synopsis) VALUES ('Expanded dedicated throughput', 'Hoàng Đình Nam', 'Hành động', 180, 'Tiếng Hàn', 'P', '2024-12-01', 'Hoặc như cũng lớn thì. Đã này giữa từ để gần bên tại. Trong tôi điều các vì. Từ khi hơn trong.');
INSERT INTO Movie (title, director, genre, duration, language, agerating, releasedate, synopsis) VALUES ('Visionary scalable application', 'Đỗ Hải Cường', 'Hành động', 122, 'Tiếng Anh', 'P', '2026-01-12', 'Bạn trong mỗi không nơi. Đó để vài chưa hơn khi.
Đi vì như sẽ của như nhiều.
Như từng là như giống nhiều trong. Như trong theo giữa và.');
INSERT INTO Movie (title, director, genre, duration, language, agerating, releasedate, synopsis) VALUES ('Organized responsive hardware', 'Nguyễn Hữu Ngọc', 'Tình cảm', 134, 'Tiếng Việt', 'C13', '2026-03-02', 'Từ tôi đi vẫn giữa vì từ. Để hơn từ chỉ. Có thế của sẽ đang với tại.
Thế hơn hoặc của của đã. Bạn mỗi trong đó tại rất.');
INSERT INTO Movie (title, director, genre, duration, language, agerating, releasedate, synopsis) VALUES ('Reactive 3rdgeneration Graphic Interface', 'Bùi Xuân Ngọc', 'Kinh dị', 107, 'Tiếng Anh', 'C13', '2025-05-22', 'Cách mỗi của đi khiến người. Bạn lớn nào gần này. Giữa nếu điều thì không. Đang đi với bạn sẽ để.');
INSERT INTO Movie (title, director, genre, duration, language, agerating, releasedate, synopsis) VALUES ('Face-to-face stable time-frame', 'Đỗ Thu Đạt', 'Tình cảm', 170, 'Tiếng Việt', 'C13', '2025-08-12', 'Giống tại để đang dưới là vậy đến. Theo nhưng như bên nào chưa đến. Cái thì tôi với.');
INSERT INTO Movie (title, director, genre, duration, language, agerating, releasedate, synopsis) VALUES ('Up-sized zero tolerance model', 'Hồ Tuấn Đạt', 'Kinh dị', 117, 'Tiếng Hàn', 'C18', '2026-01-15', 'Hơn từ hoặc của. Vẫn để và vẫn như để sau về. Nhiều nhiều tại để sẽ bạn cũng với. Từ tôi sẽ sau.');
INSERT INTO Movie (title, director, genre, duration, language, agerating, releasedate, synopsis) VALUES ('Vision-oriented object-oriented benchmark', 'Phan Minh Phong', 'Tình cảm', 154, 'Tiếng Việt', 'C16', '2024-09-18', 'Nơi làm có. Từ nơi của của theo người. Của vài vài nhiều khi.
Vậy đã các được để hoặc cách. Hoặc từng của giống của.');
INSERT INTO Movie (title, director, genre, duration, language, agerating, releasedate, synopsis) VALUES ('Future-proofed demand-driven pricing structure', 'Ngô Đức Nhung', 'Hài hước', 148, 'Tiếng Việt', 'P', '2026-05-29', 'Nếu giống và gần vậy. Mỗi nếu với. Cũng mỗi là chưa chưa cái từ như.
Được thay theo. Này là nhưng. Không rất từng vài.');
INSERT INTO Movie (title, director, genre, duration, language, agerating, releasedate, synopsis) VALUES ('Cross-group asynchronous definition', 'Đặng Thu Hoa', 'Tình cảm', 96, 'Tiếng Hàn', 'C13', '2026-05-24', 'Với đã tại từng có. Của thay mà không vẫn khiến.
Thay tự để như hơn gần. Là trong giống lớn làm khiến cũng.');
INSERT INTO Movie (title, director, genre, duration, language, agerating, releasedate, synopsis) VALUES ('Enterprise-wide interactive frame', 'Hồ Gia Lan', 'Hài hước', 147, 'Tiếng Hàn', 'C18', '2025-01-24', 'Thì thế chưa được cách tự. Một vài như hơn theo mỗi.
Hơn của hơn về từ. Không trong hơn cũng.');
INSERT INTO Movie (title, director, genre, duration, language, agerating, releasedate, synopsis) VALUES ('Front-line human-resource projection', 'Trần Tuấn Dũng', 'Hành động', 137, 'Tiếng Việt', 'C13', '2025-06-29', 'Từ như trong trong. Như giữa để người có có không.
Của nơi có gần của. Điều như để. Bạn có khi.
Để với và từng.');
INSERT INTO Movie (title, director, genre, duration, language, agerating, releasedate, synopsis) VALUES ('Proactive bottom-line product', 'Võ Văn Hoa', 'Kinh dị', 143, 'Tiếng Hàn', 'C16', '2024-06-25', 'Sẽ cũng đúng rất tại lớn thì sau.
Sẽ một các cái có vậy vẫn.
Mỗi sau của. Trong dưới sẽ cũng về tự sẽ. Có để để để của khiến.');
INSERT INTO Movie (title, director, genre, duration, language, agerating, releasedate, synopsis) VALUES ('Assimilated multi-tasking toolset', 'Vũ Gia Linh', 'Hài hước', 122, 'Tiếng Hàn', 'C16', '2026-06-04', 'Hoặc trong được với này các. Vậy như rất.
Lớn làm điều như đúng chưa. Vì bên tại hơn cái này.
Hoặc hơn sau là người. Chỉ vài khi tại một.');
INSERT INTO Movie (title, director, genre, duration, language, agerating, releasedate, synopsis) VALUES ('Advanced mobile access', 'Đỗ Bảo Anh', 'Hành động', 100, 'Tiếng Việt', 'C13', '2026-01-04', 'Nào nếu rất đúng hoặc theo chỉ. Trong hoặc đang trong như.
Theo trong cách vài trong chỉ. Nhưng vậy sẽ vậy mà vậy đi.');
INSERT INTO Movie (title, director, genre, duration, language, agerating, releasedate, synopsis) VALUES ('Exclusive multi-tasking migration', 'Hồ Đức Sơn', 'Hài hước', 156, 'Tiếng Anh', 'C18', '2024-08-16', 'Để người tại sẽ. Cho hơn đã hoặc đang cho không.
Như đó tại nào chưa từng lớn. Cái bạn trong thay.');
INSERT INTO Movie (title, director, genre, duration, language, agerating, releasedate, synopsis) VALUES ('Advanced logistical throughput', 'Phan Thái Sơn', 'Tình cảm', 98, 'Tiếng Việt', 'C13', '2025-02-09', 'Từ giống nào số có về. Để hơn nhiều lớn. Khi tại đang sau khiến từ đi bên.
Nơi khiến sau. Các như người điều giống làm đúng.');
INSERT INTO Movie (title, director, genre, duration, language, agerating, releasedate, synopsis) VALUES ('Profit-focused local capacity', 'Vũ Bảo Huy', 'Kinh dị', 148, 'Tiếng Hàn', 'C13', '2025-12-30', 'Sau hoặc vì với của được cái được. Như người rất thế. Làm cách như nhiều.
Thay như làm mà hơn. Được hơn sau chỉ hoặc.');
INSERT INTO Movie (title, director, genre, duration, language, agerating, releasedate, synopsis) VALUES ('Persevering impactful complexity', 'Đỗ Anh Dũng', 'Hài hước', 165, 'Tiếng Việt', 'P', '2026-05-04', 'Với từng đang làm thay giống về như. Cũng vì để.');
INSERT INTO Movie (title, director, genre, duration, language, agerating, releasedate, synopsis) VALUES ('Front-line bottom-line circuit', 'Vũ Thúy Linh', 'Tình cảm', 167, 'Tiếng Việt', 'C18', '2025-02-16', 'Hơn sẽ để thế. Nơi có gần từng hoặc.
Không gần làm để hơn đã như. Mỗi từ đang hơn. Lớn vẫn sẽ của tự với nếu của. Người tại sau hơn đến.');
INSERT INTO Movie (title, director, genre, duration, language, agerating, releasedate, synopsis) VALUES ('Exclusive bandwidth-monitored project', 'Trần Bảo Ngọc', 'Viễn tưởng', 147, 'Tiếng Anh', 'C18', '2025-11-30', 'Cách như đến. Rất người bạn có số.
Bạn chỉ cho để để bên như và. Sau cũng cái và.');
INSERT INTO Movie (title, director, genre, duration, language, agerating, releasedate, synopsis) VALUES ('Pre-emptive fresh-thinking policy', 'Đỗ Thị Hải', 'Kinh dị', 173, 'Tiếng Hàn', 'C16', '2026-06-20', 'Khi các như bạn thì là chỉ được. Cũng của để này đã người từ.');
INSERT INTO Movie (title, director, genre, duration, language, agerating, releasedate, synopsis) VALUES ('Right-sized 3rdgeneration application', 'Đỗ Thúy Trang', 'Tình cảm', 108, 'Tiếng Việt', 'C16', '2025-06-26', 'Thế thế từ đến nào.
Tự của với sẽ. Cũng làm từ một vài.
Mà tôi về hoặc đã nơi. Khiến hoặc trong thì tại. Với thì dưới vẫn.');
INSERT INTO Movie (title, director, genre, duration, language, agerating, releasedate, synopsis) VALUES ('Total motivating adapter', 'Ngô Bảo Linh', 'Hành động', 109, 'Tiếng Việt', 'C16', '2025-08-19', 'Sau đang vài về này thay. Của chỉ bạn như chỉ người chỉ. Chưa tự nhiều tại.
Đi để cho đi đó tại. Gần nơi đang làm. Không thay làm là của.');
INSERT INTO Movie (title, director, genre, duration, language, agerating, releasedate, synopsis) VALUES ('Right-sized needs-based synergy', 'Hoàng Thị Lan', 'Kinh dị', 138, 'Tiếng Việt', 'P', '2025-12-03', 'Lớn như mỗi nơi cái cái trong của. Trong nào khi lớn có điều. Hơn như trong của nếu đang đúng.');
INSERT INTO Movie (title, director, genre, duration, language, agerating, releasedate, synopsis) VALUES ('Switchable explicit approach', 'Võ Hải Sơn', 'Viễn tưởng', 170, 'Tiếng Hàn', 'C18', '2025-08-28', 'Đó một nơi giữa bạn trong chỉ với. Chỉ khiến nhưng hơn để.
Điều mỗi để trong nơi thay đi. Và vậy được rất. Có hơn không tự.');
INSERT INTO Movie (title, director, genre, duration, language, agerating, releasedate, synopsis) VALUES ('Front-line non-volatile circuit', 'Dương Minh Tuấn', 'Kinh dị', 152, 'Tiếng Anh', 'C16', '2024-10-11', 'Như bạn vậy của. Hơn đúng về rất và hơn trong.
Từ của điều như của cũng. Như thì gần vài. Giống người của vẫn dưới như trong.');
INSERT INTO Movie (title, director, genre, duration, language, agerating, releasedate, synopsis) VALUES ('Inverse didactic extranet', 'Đỗ Văn Tuấn', 'Viễn tưởng', 97, 'Tiếng Việt', 'C13', '2024-08-23', 'Của từng số bên giữa vậy điều. Sau này theo các một nhiều người. Hơn hơn thay bên tại.');
INSERT INTO Movie (title, director, genre, duration, language, agerating, releasedate, synopsis) VALUES ('Managed directional core', 'Ngô Thu Hải', 'Kinh dị', 94, 'Tiếng Hàn', 'C16', '2024-08-01', 'Mà như từ trong gần đã. Như không thì cái.
Chưa để đi. Không cho của bên đã cũng sẽ dưới. Thì nếu nhưng thế vẫn cho về khi.');
INSERT INTO Movie (title, director, genre, duration, language, agerating, releasedate, synopsis) VALUES ('Vision-oriented contextually-based ability', 'Đỗ Thu Đạt', 'Kinh dị', 111, 'Tiếng Việt', 'P', '2025-05-01', 'Trong tự mà mỗi giữa của. Hoặc bạn bên đến cho. Giữa giữa hơn vì có.
Như như số giống. Như nhưng nơi. Cái đúng để cái từ đúng lớn.');
INSERT INTO Movie (title, director, genre, duration, language, agerating, releasedate, synopsis) VALUES ('Profound zero-defect portal', 'Phan Xuân Nam', 'Hài hước', 110, 'Tiếng Hàn', 'C13', '2024-10-27', 'Tôi có rất.
Và thay tại làm như đó mà lớn. Giống hơn từng vậy. Đúng bên bên từ.');
INSERT INTO Movie (title, director, genre, duration, language, agerating, releasedate, synopsis) VALUES ('Sharable executive capacity', 'Lý Tuấn Khánh', 'Hài hước', 170, 'Tiếng Hàn', 'C18', '2024-10-08', 'Này nhưng làm. Làm người đến.
Như theo cách nếu trong. Người khi đang vậy từ mà. Không tại trong số thì nhưng nơi. Giống điều mỗi cái nhưng bên cũng.');
INSERT INTO Movie (title, director, genre, duration, language, agerating, releasedate, synopsis) VALUES ('Focused optimal open system', 'Vũ Thị Anh', 'Hài hước', 135, 'Tiếng Việt', 'C18', '2026-06-11', 'Như trong hơn để. Giữa đang đó để đang cái thế để. Thế gần mỗi hơn đã.
Có này với trong của cho. Hoặc cũng không.');
INSERT INTO Movie (title, director, genre, duration, language, agerating, releasedate, synopsis) VALUES ('Profound non-volatile Internet solution', 'Nguyễn Văn Anh', 'Hành động', 166, 'Tiếng Việt', 'P', '2024-09-12', 'Cũng nhưng này của nơi. Đã theo nhiều của đã đúng.
Hơn có như vì rất lớn như.
Tại đến để của. Như tại tôi làm dưới tôi. Đã này để đến mà nhiều.');
INSERT INTO Movie (title, director, genre, duration, language, agerating, releasedate, synopsis) VALUES ('Re-contextualized motivating functionalities', 'Phan Hoàng Linh', 'Viễn tưởng', 165, 'Tiếng Hàn', 'P', '2025-06-28', 'Đến như số. Không từng một tự tại vẫn cũng. Hoặc nơi khi đúng như cũng của.
Cách và từ như của. Là này này như của của bên.');
INSERT INTO Movie (title, director, genre, duration, language, agerating, releasedate, synopsis) VALUES ('Synchronized full-range open system', 'Nguyễn Bảo Huy', 'Viễn tưởng', 167, 'Tiếng Việt', 'P', '2026-05-20', 'Thay bạn như có một cũng lớn. Số để sẽ số từ này từ.
Sẽ để vì rất các có từ cách. Của chưa mỗi để. Như điều cho như sẽ giữa.
Bên như với vài để.');
INSERT INTO Movie (title, director, genre, duration, language, agerating, releasedate, synopsis) VALUES ('Persistent intermediate flexibility', 'Lê Xuân Ngọc', 'Viễn tưởng', 146, 'Tiếng Anh', 'P', '2025-05-31', 'Trong các nhưng đã trong sẽ. Dưới đúng gần làm vẫn như. Cho từng đúng nào đang.
Hơn vậy tại nào nhiều có. Tại này có cái.');
INSERT INTO Movie (title, director, genre, duration, language, agerating, releasedate, synopsis) VALUES ('Customer-focused national frame', 'Trần Anh Cường', 'Hài hước', 143, 'Tiếng Việt', 'C16', '2024-10-07', 'Số tại thay để. Các và cách như từ không sau. Làm gần khi của trong các tại.');
INSERT INTO Movie (title, director, genre, duration, language, agerating, releasedate, synopsis) VALUES ('Virtual empowering circuit', 'Phan Ngọc Nam', 'Kinh dị', 111, 'Tiếng Anh', 'C16', '2024-12-19', 'Đã và hơn thế để gần nhưng. Là đó điều đến điều trong từng cách. Đúng như nơi với bên với tự.');
INSERT INTO Movie (title, director, genre, duration, language, agerating, releasedate, synopsis) VALUES ('Profound 5thgeneration adapter', 'Phan Văn Huy', 'Hài hước', 148, 'Tiếng Anh', 'C13', '2026-06-01', 'Gần để cái. Rất từ tôi nhiều cũng.
Đã khiến theo bên.
Nếu gần hoặc này. Trong cách trong đúng. Để hoặc trong với giống như tại hơn.');
INSERT INTO Movie (title, director, genre, duration, language, agerating, releasedate, synopsis) VALUES ('Multi-lateral eco-centric Local Area Network', 'Võ Thanh Anh', 'Tình cảm', 144, 'Tiếng Việt', 'C13', '2025-01-24', 'Đến nào nơi cũng trong như với. Đến hơn không từ có.
Đang như từ này. Gần đi giữa khi vẫn tại tại với.');
INSERT INTO Movie (title, director, genre, duration, language, agerating, releasedate, synopsis) VALUES ('Profound encompassing solution', 'Bùi Đình Tuấn', 'Tình cảm', 115, 'Tiếng Hàn', 'C13', '2025-04-15', 'Để bạn cũng cũng tự đi bạn. Từng trong có giữa là nếu thay số. Giữa sau không khi nơi để và.
Mỗi để đang vậy hơn cách lớn. Nhiều nơi dưới vẫn.');
INSERT INTO Movie (title, director, genre, duration, language, agerating, releasedate, synopsis) VALUES ('Object-based interactive capability', 'Đỗ Thị Trang', 'Hành động', 112, 'Tiếng Anh', 'C18', '2026-03-15', 'Cũng tôi thế lớn. Về làm nhiều đi đi. Làm không từng rất trong. Để nơi vài thì là cũng đã.
Giống thì theo. Điều tại là người số với dưới.');
INSERT INTO Movie (title, director, genre, duration, language, agerating, releasedate, synopsis) VALUES ('Switchable multi-state open system', 'Trần Thúy Đạt', 'Hài hước', 130, 'Tiếng Việt', 'C13', '2025-10-28', 'Hoặc rất bạn số vậy khiến. Của nhưng chỉ này gần làm.
Với số tại. Một từ của đúng thì cái.
Với không như giữa số. Bạn rất từng thay cái hơn.');
INSERT INTO Movie (title, director, genre, duration, language, agerating, releasedate, synopsis) VALUES ('Inverse regional functionalities', 'Huỳnh Thanh Anh', 'Hành động', 158, 'Tiếng Anh', 'C16', '2026-04-08', 'Điều nhưng vậy nơi dưới mỗi để. Chỉ nơi được về điều đến. Hoặc cũng lớn bên hơn của vì. Để vẫn mà hơn để nhiều mỗi.');

-- === BẢNG CAST_MEMBER === --
INSERT INTO Cast_Member (movieid, "cast") VALUES (1, 'Hồ Thị Ngọc');
INSERT INTO Cast_Member (movieid, "cast") VALUES (1, 'Bùi Đình Anh');
INSERT INTO Cast_Member (movieid, "cast") VALUES (1, 'Bùi Anh Hoa');
INSERT INTO Cast_Member (movieid, "cast") VALUES (1, 'Phạm Mai Cường');
INSERT INTO Cast_Member (movieid, "cast") VALUES (2, 'Ngô Thị Việt');
INSERT INTO Cast_Member (movieid, "cast") VALUES (2, 'Phan Hải Trang');
INSERT INTO Cast_Member (movieid, "cast") VALUES (3, 'Vũ Thị Khánh');
INSERT INTO Cast_Member (movieid, "cast") VALUES (3, 'Lê Thị Thảo');
INSERT INTO Cast_Member (movieid, "cast") VALUES (4, 'Võ Đức Thảo');
INSERT INTO Cast_Member (movieid, "cast") VALUES (4, 'Võ Thị Hoa');
INSERT INTO Cast_Member (movieid, "cast") VALUES (5, 'Huỳnh Hoàng Lan');
INSERT INTO Cast_Member (movieid, "cast") VALUES (5, 'Dương Văn Hà');
INSERT INTO Cast_Member (movieid, "cast") VALUES (6, 'Đỗ Anh Hải');
INSERT INTO Cast_Member (movieid, "cast") VALUES (6, 'Bùi Xuân Huy');
INSERT INTO Cast_Member (movieid, "cast") VALUES (6, 'Lý Mai Tuấn');
INSERT INTO Cast_Member (movieid, "cast") VALUES (7, 'Lý Tuấn Đạt');
INSERT INTO Cast_Member (movieid, "cast") VALUES (7, 'Hoàng Xuân Nhung');
INSERT INTO Cast_Member (movieid, "cast") VALUES (7, 'Phan Anh Thảo');
INSERT INTO Cast_Member (movieid, "cast") VALUES (7, 'Phan Đức Ngọc');
INSERT INTO Cast_Member (movieid, "cast") VALUES (8, 'Vũ Thúy Việt');
INSERT INTO Cast_Member (movieid, "cast") VALUES (8, 'Vũ Thái Hoa');
INSERT INTO Cast_Member (movieid, "cast") VALUES (8, 'Võ Anh Lan');
INSERT INTO Cast_Member (movieid, "cast") VALUES (9, 'Võ Đức Tuấn');
INSERT INTO Cast_Member (movieid, "cast") VALUES (9, 'Đặng Xuân Anh');
INSERT INTO Cast_Member (movieid, "cast") VALUES (10, 'Đỗ Anh Nhung');
INSERT INTO Cast_Member (movieid, "cast") VALUES (10, 'Trần Hải Nhung');
INSERT INTO Cast_Member (movieid, "cast") VALUES (11, 'Lê Ngọc Linh');
INSERT INTO Cast_Member (movieid, "cast") VALUES (11, 'Trần Thúy Đạt');
INSERT INTO Cast_Member (movieid, "cast") VALUES (11, 'Hoàng Thanh Việt');
INSERT INTO Cast_Member (movieid, "cast") VALUES (12, 'Dương Gia Hà');
INSERT INTO Cast_Member (movieid, "cast") VALUES (12, 'Hồ Anh Việt');
INSERT INTO Cast_Member (movieid, "cast") VALUES (12, 'Trần Thị Việt');
INSERT INTO Cast_Member (movieid, "cast") VALUES (12, 'Lý Anh Đạt');
INSERT INTO Cast_Member (movieid, "cast") VALUES (13, 'Nguyễn Hữu Khánh');
INSERT INTO Cast_Member (movieid, "cast") VALUES (13, 'Phạm Hải Khánh');
INSERT INTO Cast_Member (movieid, "cast") VALUES (13, 'Võ Thái Hải');
INSERT INTO Cast_Member (movieid, "cast") VALUES (14, 'Hoàng Đức Việt');
INSERT INTO Cast_Member (movieid, "cast") VALUES (14, 'Hoàng Bảo Khánh');
INSERT INTO Cast_Member (movieid, "cast") VALUES (14, 'Dương Tuấn Khánh');
INSERT INTO Cast_Member (movieid, "cast") VALUES (15, 'Võ Gia Hoa');
INSERT INTO Cast_Member (movieid, "cast") VALUES (15, 'Ngô Thu Nam');
INSERT INTO Cast_Member (movieid, "cast") VALUES (15, 'Hồ Bảo Đạt');
INSERT INTO Cast_Member (movieid, "cast") VALUES (16, 'Ngô Hoàng Hà');
INSERT INTO Cast_Member (movieid, "cast") VALUES (16, 'Trần Anh Ngọc');
INSERT INTO Cast_Member (movieid, "cast") VALUES (16, 'Nguyễn Bảo Nhung');
INSERT INTO Cast_Member (movieid, "cast") VALUES (17, 'Lê Tuấn Đạt');
INSERT INTO Cast_Member (movieid, "cast") VALUES (17, 'Đỗ Thúy Lan');
INSERT INTO Cast_Member (movieid, "cast") VALUES (18, 'Bùi Đình Việt');
INSERT INTO Cast_Member (movieid, "cast") VALUES (18, 'Lý Tuấn Sơn');
INSERT INTO Cast_Member (movieid, "cast") VALUES (18, 'Lý Thúy Dũng');
INSERT INTO Cast_Member (movieid, "cast") VALUES (19, 'Bùi Anh Phong');
INSERT INTO Cast_Member (movieid, "cast") VALUES (19, 'Đỗ Minh Hoa');
INSERT INTO Cast_Member (movieid, "cast") VALUES (19, 'Hồ Ngọc Linh');
INSERT INTO Cast_Member (movieid, "cast") VALUES (20, 'Phan Anh Cường');
INSERT INTO Cast_Member (movieid, "cast") VALUES (20, 'Ngô Văn Nam');
INSERT INTO Cast_Member (movieid, "cast") VALUES (20, 'Huỳnh Anh Sơn');
INSERT INTO Cast_Member (movieid, "cast") VALUES (20, 'Huỳnh Hải Ngọc');
INSERT INTO Cast_Member (movieid, "cast") VALUES (21, 'Đặng Xuân Ngọc');
INSERT INTO Cast_Member (movieid, "cast") VALUES (21, 'Hoàng Ngọc Ngọc');
INSERT INTO Cast_Member (movieid, "cast") VALUES (21, 'Lý Hữu Nam');
INSERT INTO Cast_Member (movieid, "cast") VALUES (21, 'Vũ Hữu Tuấn');
INSERT INTO Cast_Member (movieid, "cast") VALUES (22, 'Huỳnh Thái Sơn');
INSERT INTO Cast_Member (movieid, "cast") VALUES (22, 'Vũ Đức Lan');
INSERT INTO Cast_Member (movieid, "cast") VALUES (22, 'Lê Văn Sơn');
INSERT INTO Cast_Member (movieid, "cast") VALUES (22, 'Đỗ Đức Lan');
INSERT INTO Cast_Member (movieid, "cast") VALUES (23, 'Phan Gia Linh');
INSERT INTO Cast_Member (movieid, "cast") VALUES (23, 'Phan Minh Trang');
INSERT INTO Cast_Member (movieid, "cast") VALUES (23, 'Hoàng Anh Anh');
INSERT INTO Cast_Member (movieid, "cast") VALUES (23, 'Lê Xuân Việt');
INSERT INTO Cast_Member (movieid, "cast") VALUES (24, 'Đặng Bảo Trang');
INSERT INTO Cast_Member (movieid, "cast") VALUES (24, 'Lý Mai Huy');
INSERT INTO Cast_Member (movieid, "cast") VALUES (24, 'Phạm Anh Linh');
INSERT INTO Cast_Member (movieid, "cast") VALUES (25, 'Vũ Anh Anh');
INSERT INTO Cast_Member (movieid, "cast") VALUES (25, 'Dương Thị Phong');
INSERT INTO Cast_Member (movieid, "cast") VALUES (26, 'Dương Hải Lan');
INSERT INTO Cast_Member (movieid, "cast") VALUES (26, 'Dương Thu Hoa');
INSERT INTO Cast_Member (movieid, "cast") VALUES (27, 'Dương Văn Phong');
INSERT INTO Cast_Member (movieid, "cast") VALUES (27, 'Huỳnh Bảo Tuấn');
INSERT INTO Cast_Member (movieid, "cast") VALUES (28, 'Trần Minh Ngọc');
INSERT INTO Cast_Member (movieid, "cast") VALUES (28, 'Đỗ Văn Tuấn');
INSERT INTO Cast_Member (movieid, "cast") VALUES (28, 'Đỗ Bảo Dũng');
INSERT INTO Cast_Member (movieid, "cast") VALUES (28, 'Trần Đình Nam');
INSERT INTO Cast_Member (movieid, "cast") VALUES (29, 'Lê Gia Đạt');
INSERT INTO Cast_Member (movieid, "cast") VALUES (29, 'Ngô Ngọc Lan');
INSERT INTO Cast_Member (movieid, "cast") VALUES (29, 'Đỗ Hữu Thảo');
INSERT INTO Cast_Member (movieid, "cast") VALUES (30, 'Hồ Thị Thảo');
INSERT INTO Cast_Member (movieid, "cast") VALUES (30, 'Huỳnh Thái Anh');
INSERT INTO Cast_Member (movieid, "cast") VALUES (31, 'Dương Gia Linh');
INSERT INTO Cast_Member (movieid, "cast") VALUES (31, 'Võ Đức Lan');
INSERT INTO Cast_Member (movieid, "cast") VALUES (31, 'Vũ Đình Khánh');
INSERT INTO Cast_Member (movieid, "cast") VALUES (32, 'Trần Hoàng Việt');
INSERT INTO Cast_Member (movieid, "cast") VALUES (32, 'Phạm Ngọc Đạt');
INSERT INTO Cast_Member (movieid, "cast") VALUES (33, 'Lý Anh Trang');
INSERT INTO Cast_Member (movieid, "cast") VALUES (33, 'Huỳnh Thúy Hải');
INSERT INTO Cast_Member (movieid, "cast") VALUES (34, 'Bùi Anh Ngọc');
INSERT INTO Cast_Member (movieid, "cast") VALUES (34, 'Võ Minh Hải');
INSERT INTO Cast_Member (movieid, "cast") VALUES (35, 'Đặng Thị Tuấn');
INSERT INTO Cast_Member (movieid, "cast") VALUES (35, 'Hoàng Tuấn Sơn');
INSERT INTO Cast_Member (movieid, "cast") VALUES (36, 'Hoàng Văn Nhung');
INSERT INTO Cast_Member (movieid, "cast") VALUES (36, 'Phạm Ngọc Hải');
INSERT INTO Cast_Member (movieid, "cast") VALUES (36, 'Hoàng Hải Tuấn');
INSERT INTO Cast_Member (movieid, "cast") VALUES (36, 'Hoàng Văn Phong');
INSERT INTO Cast_Member (movieid, "cast") VALUES (37, 'Phạm Gia Khánh');
INSERT INTO Cast_Member (movieid, "cast") VALUES (37, 'Đỗ Minh Nam');
INSERT INTO Cast_Member (movieid, "cast") VALUES (37, 'Đỗ Văn Linh');
INSERT INTO Cast_Member (movieid, "cast") VALUES (38, 'Hoàng Bảo Hoa');
INSERT INTO Cast_Member (movieid, "cast") VALUES (38, 'Nguyễn Ngọc Ngọc');
INSERT INTO Cast_Member (movieid, "cast") VALUES (39, 'Lý Hải Việt');
INSERT INTO Cast_Member (movieid, "cast") VALUES (39, 'Ngô Thu Trang');
INSERT INTO Cast_Member (movieid, "cast") VALUES (40, 'Hồ Gia Nam');
INSERT INTO Cast_Member (movieid, "cast") VALUES (40, 'Huỳnh Đình Nam');
INSERT INTO Cast_Member (movieid, "cast") VALUES (41, 'Dương Văn Việt');
INSERT INTO Cast_Member (movieid, "cast") VALUES (41, 'Hoàng Minh Nhung');
INSERT INTO Cast_Member (movieid, "cast") VALUES (41, 'Hồ Hoàng Thảo');
INSERT INTO Cast_Member (movieid, "cast") VALUES (42, 'Phan Thúy Sơn');
INSERT INTO Cast_Member (movieid, "cast") VALUES (42, 'Phan Thu Nhung');
INSERT INTO Cast_Member (movieid, "cast") VALUES (43, 'Lê Thái Đạt');
INSERT INTO Cast_Member (movieid, "cast") VALUES (43, 'Phan Thanh Cường');
INSERT INTO Cast_Member (movieid, "cast") VALUES (44, 'Nguyễn Hoàng Nhung');
INSERT INTO Cast_Member (movieid, "cast") VALUES (44, 'Phan Hải Lan');
INSERT INTO Cast_Member (movieid, "cast") VALUES (44, 'Lê Văn Khánh');
INSERT INTO Cast_Member (movieid, "cast") VALUES (45, 'Huỳnh Ngọc Linh');
INSERT INTO Cast_Member (movieid, "cast") VALUES (45, 'Phạm Minh Trang');
INSERT INTO Cast_Member (movieid, "cast") VALUES (45, 'Phạm Đình Tuấn');
INSERT INTO Cast_Member (movieid, "cast") VALUES (45, 'Phạm Xuân Huy');
INSERT INTO Cast_Member (movieid, "cast") VALUES (46, 'Đặng Mai Đạt');
INSERT INTO Cast_Member (movieid, "cast") VALUES (46, 'Hồ Hữu Sơn');
INSERT INTO Cast_Member (movieid, "cast") VALUES (47, 'Hoàng Văn Đạt');
INSERT INTO Cast_Member (movieid, "cast") VALUES (47, 'Đỗ Thị Nam');
INSERT INTO Cast_Member (movieid, "cast") VALUES (47, 'Dương Ngọc Trang');
INSERT INTO Cast_Member (movieid, "cast") VALUES (48, 'Phan Tuấn Linh');
INSERT INTO Cast_Member (movieid, "cast") VALUES (48, 'Phan Bảo Ngọc');
INSERT INTO Cast_Member (movieid, "cast") VALUES (49, 'Hồ Đình Anh');
INSERT INTO Cast_Member (movieid, "cast") VALUES (49, 'Võ Văn Việt');
INSERT INTO Cast_Member (movieid, "cast") VALUES (50, 'Phạm Đức Nam');
INSERT INTO Cast_Member (movieid, "cast") VALUES (50, 'Nguyễn Bảo Ngọc');
INSERT INTO Cast_Member (movieid, "cast") VALUES (51, 'Đỗ Thúy Sơn');
INSERT INTO Cast_Member (movieid, "cast") VALUES (51, 'Lê Bảo Khánh');
INSERT INTO Cast_Member (movieid, "cast") VALUES (51, 'Hoàng Xuân Ngọc');
INSERT INTO Cast_Member (movieid, "cast") VALUES (51, 'Ngô Đức Trang');
INSERT INTO Cast_Member (movieid, "cast") VALUES (52, 'Dương Gia Hải');
INSERT INTO Cast_Member (movieid, "cast") VALUES (52, 'Phan Bảo Ngọc');
INSERT INTO Cast_Member (movieid, "cast") VALUES (53, 'Hoàng Thị Dũng');
INSERT INTO Cast_Member (movieid, "cast") VALUES (53, 'Dương Minh Hải');
INSERT INTO Cast_Member (movieid, "cast") VALUES (53, 'Đặng Gia Linh');
INSERT INTO Cast_Member (movieid, "cast") VALUES (54, 'Nguyễn Thúy Việt');
INSERT INTO Cast_Member (movieid, "cast") VALUES (54, 'Võ Thái Tuấn');
INSERT INTO Cast_Member (movieid, "cast") VALUES (54, 'Đặng Thị Phong');
INSERT INTO Cast_Member (movieid, "cast") VALUES (54, 'Võ Văn Tuấn');
INSERT INTO Cast_Member (movieid, "cast") VALUES (55, 'Hồ Tuấn Hà');
INSERT INTO Cast_Member (movieid, "cast") VALUES (55, 'Dương Anh Thảo');
INSERT INTO Cast_Member (movieid, "cast") VALUES (55, 'Đỗ Thúy Việt');
INSERT INTO Cast_Member (movieid, "cast") VALUES (55, 'Huỳnh Thị Cường');
INSERT INTO Cast_Member (movieid, "cast") VALUES (56, 'Lý Tuấn Phong');
INSERT INTO Cast_Member (movieid, "cast") VALUES (56, 'Phạm Thanh Cường');
INSERT INTO Cast_Member (movieid, "cast") VALUES (56, 'Dương Hải Hà');
INSERT INTO Cast_Member (movieid, "cast") VALUES (56, 'Bùi Ngọc Linh');
INSERT INTO Cast_Member (movieid, "cast") VALUES (57, 'Lý Gia Hải');
INSERT INTO Cast_Member (movieid, "cast") VALUES (57, 'Dương Gia Phong');
INSERT INTO Cast_Member (movieid, "cast") VALUES (57, 'Vũ Hoàng Đạt');
INSERT INTO Cast_Member (movieid, "cast") VALUES (58, 'Bùi Thái Thảo');
INSERT INTO Cast_Member (movieid, "cast") VALUES (58, 'Nguyễn Hữu Lan');
INSERT INTO Cast_Member (movieid, "cast") VALUES (58, 'Nguyễn Hữu Việt');
INSERT INTO Cast_Member (movieid, "cast") VALUES (58, 'Bùi Đình Ngọc');
INSERT INTO Cast_Member (movieid, "cast") VALUES (59, 'Hồ Hải Nhung');
INSERT INTO Cast_Member (movieid, "cast") VALUES (59, 'Đặng Hải Lan');
INSERT INTO Cast_Member (movieid, "cast") VALUES (59, 'Võ Thu Linh');
INSERT INTO Cast_Member (movieid, "cast") VALUES (59, 'Bùi Văn Thảo');
INSERT INTO Cast_Member (movieid, "cast") VALUES (60, 'Bùi Thái Dũng');
INSERT INTO Cast_Member (movieid, "cast") VALUES (60, 'Võ Hoàng Ngọc');
INSERT INTO Cast_Member (movieid, "cast") VALUES (60, 'Hoàng Anh Cường');
INSERT INTO Cast_Member (movieid, "cast") VALUES (60, 'Đặng Gia Tuấn');
INSERT INTO Cast_Member (movieid, "cast") VALUES (61, 'Võ Thị Lan');
INSERT INTO Cast_Member (movieid, "cast") VALUES (61, 'Bùi Ngọc Đạt');
INSERT INTO Cast_Member (movieid, "cast") VALUES (62, 'Trần Thúy Khánh');
INSERT INTO Cast_Member (movieid, "cast") VALUES (62, 'Nguyễn Hoàng Ngọc');
INSERT INTO Cast_Member (movieid, "cast") VALUES (62, 'Võ Bảo Hải');
INSERT INTO Cast_Member (movieid, "cast") VALUES (63, 'Trần Tuấn Nam');
INSERT INTO Cast_Member (movieid, "cast") VALUES (63, 'Võ Văn Anh');
INSERT INTO Cast_Member (movieid, "cast") VALUES (63, 'Nguyễn Thanh Sơn');
INSERT INTO Cast_Member (movieid, "cast") VALUES (63, 'Phan Xuân Việt');
INSERT INTO Cast_Member (movieid, "cast") VALUES (64, 'Huỳnh Ngọc Dũng');
INSERT INTO Cast_Member (movieid, "cast") VALUES (64, 'Lý Đình Cường');
INSERT INTO Cast_Member (movieid, "cast") VALUES (64, 'Trần Gia Thảo');
INSERT INTO Cast_Member (movieid, "cast") VALUES (64, 'Hồ Thái Hải');
INSERT INTO Cast_Member (movieid, "cast") VALUES (65, 'Đỗ Thái Sơn');
INSERT INTO Cast_Member (movieid, "cast") VALUES (65, 'Phan Văn Hà');
INSERT INTO Cast_Member (movieid, "cast") VALUES (66, 'Nguyễn Hải Anh');
INSERT INTO Cast_Member (movieid, "cast") VALUES (66, 'Lý Anh Linh');
INSERT INTO Cast_Member (movieid, "cast") VALUES (67, 'Ngô Bảo Ngọc');
INSERT INTO Cast_Member (movieid, "cast") VALUES (67, 'Lý Minh Tuấn');
INSERT INTO Cast_Member (movieid, "cast") VALUES (67, 'Huỳnh Bảo Thảo');
INSERT INTO Cast_Member (movieid, "cast") VALUES (67, 'Đỗ Xuân Nam');
INSERT INTO Cast_Member (movieid, "cast") VALUES (68, 'Nguyễn Hải Nam');
INSERT INTO Cast_Member (movieid, "cast") VALUES (68, 'Võ Đình Lan');
INSERT INTO Cast_Member (movieid, "cast") VALUES (69, 'Ngô Hải Dũng');
INSERT INTO Cast_Member (movieid, "cast") VALUES (69, 'Lê Thanh Thảo');
INSERT INTO Cast_Member (movieid, "cast") VALUES (70, 'Lê Đức Ngọc');
INSERT INTO Cast_Member (movieid, "cast") VALUES (70, 'Lê Thái Hà');
INSERT INTO Cast_Member (movieid, "cast") VALUES (70, 'Lê Thu Sơn');
INSERT INTO Cast_Member (movieid, "cast") VALUES (70, 'Đặng Bảo Hà');
INSERT INTO Cast_Member (movieid, "cast") VALUES (71, 'Trần Gia Nam');
INSERT INTO Cast_Member (movieid, "cast") VALUES (71, 'Hồ Tuấn Linh');
INSERT INTO Cast_Member (movieid, "cast") VALUES (71, 'Đặng Xuân Phong');
INSERT INTO Cast_Member (movieid, "cast") VALUES (72, 'Hoàng Thu Ngọc');
INSERT INTO Cast_Member (movieid, "cast") VALUES (72, 'Hoàng Hữu Cường');
INSERT INTO Cast_Member (movieid, "cast") VALUES (72, 'Vũ Hải Phong');
INSERT INTO Cast_Member (movieid, "cast") VALUES (72, 'Phạm Ngọc Sơn');
INSERT INTO Cast_Member (movieid, "cast") VALUES (73, 'Phạm Mai Việt');
INSERT INTO Cast_Member (movieid, "cast") VALUES (73, 'Trần Mai Lan');
INSERT INTO Cast_Member (movieid, "cast") VALUES (73, 'Ngô Xuân Dũng');
INSERT INTO Cast_Member (movieid, "cast") VALUES (73, 'Hoàng Văn Hoa');
INSERT INTO Cast_Member (movieid, "cast") VALUES (74, 'Phạm Minh Khánh');
INSERT INTO Cast_Member (movieid, "cast") VALUES (74, 'Đỗ Hải Ngọc');
INSERT INTO Cast_Member (movieid, "cast") VALUES (74, 'Ngô Đức Ngọc');
INSERT INTO Cast_Member (movieid, "cast") VALUES (74, 'Hoàng Thu Nam');
INSERT INTO Cast_Member (movieid, "cast") VALUES (75, 'Lý Hoàng Hoa');
INSERT INTO Cast_Member (movieid, "cast") VALUES (75, 'Lê Thu Trang');
INSERT INTO Cast_Member (movieid, "cast") VALUES (75, 'Đặng Thị Thảo');
INSERT INTO Cast_Member (movieid, "cast") VALUES (75, 'Vũ Bảo Nhung');
INSERT INTO Cast_Member (movieid, "cast") VALUES (76, 'Phan Đình Tuấn');
INSERT INTO Cast_Member (movieid, "cast") VALUES (76, 'Bùi Thái Dũng');
INSERT INTO Cast_Member (movieid, "cast") VALUES (77, 'Vũ Thái Huy');
INSERT INTO Cast_Member (movieid, "cast") VALUES (77, 'Lý Thanh Nam');
INSERT INTO Cast_Member (movieid, "cast") VALUES (77, 'Hoàng Hữu Linh');
INSERT INTO Cast_Member (movieid, "cast") VALUES (77, 'Huỳnh Hoàng Cường');
INSERT INTO Cast_Member (movieid, "cast") VALUES (78, 'Đỗ Đức Tuấn');
INSERT INTO Cast_Member (movieid, "cast") VALUES (78, 'Võ Đình Linh');
INSERT INTO Cast_Member (movieid, "cast") VALUES (78, 'Nguyễn Thị Hà');
INSERT INTO Cast_Member (movieid, "cast") VALUES (78, 'Võ Mai Sơn');
INSERT INTO Cast_Member (movieid, "cast") VALUES (79, 'Hoàng Thái Nam');
INSERT INTO Cast_Member (movieid, "cast") VALUES (79, 'Nguyễn Thanh Phong');
INSERT INTO Cast_Member (movieid, "cast") VALUES (80, 'Phan Thúy Hoa');
INSERT INTO Cast_Member (movieid, "cast") VALUES (80, 'Hoàng Tuấn Cường');
INSERT INTO Cast_Member (movieid, "cast") VALUES (80, 'Trần Đình Sơn');
INSERT INTO Cast_Member (movieid, "cast") VALUES (80, 'Hoàng Đình Anh');
INSERT INTO Cast_Member (movieid, "cast") VALUES (81, 'Phan Văn Sơn');
INSERT INTO Cast_Member (movieid, "cast") VALUES (81, 'Đặng Hoàng Dũng');
INSERT INTO Cast_Member (movieid, "cast") VALUES (82, 'Hồ Ngọc Anh');
INSERT INTO Cast_Member (movieid, "cast") VALUES (82, 'Đỗ Thái Huy');
INSERT INTO Cast_Member (movieid, "cast") VALUES (83, 'Nguyễn Bảo Tuấn');
INSERT INTO Cast_Member (movieid, "cast") VALUES (83, 'Phạm Thái Hải');
INSERT INTO Cast_Member (movieid, "cast") VALUES (83, 'Võ Thái Nhung');
INSERT INTO Cast_Member (movieid, "cast") VALUES (83, 'Phan Anh Linh');
INSERT INTO Cast_Member (movieid, "cast") VALUES (84, 'Nguyễn Bảo Anh');
INSERT INTO Cast_Member (movieid, "cast") VALUES (84, 'Nguyễn Gia Sơn');
INSERT INTO Cast_Member (movieid, "cast") VALUES (85, 'Đặng Anh Nhung');
INSERT INTO Cast_Member (movieid, "cast") VALUES (85, 'Lý Hải Cường');
INSERT INTO Cast_Member (movieid, "cast") VALUES (85, 'Vũ Hữu Lan');
INSERT INTO Cast_Member (movieid, "cast") VALUES (86, 'Ngô Xuân Cường');
INSERT INTO Cast_Member (movieid, "cast") VALUES (86, 'Bùi Thái Đạt');
INSERT INTO Cast_Member (movieid, "cast") VALUES (86, 'Nguyễn Bảo Huy');
INSERT INTO Cast_Member (movieid, "cast") VALUES (87, 'Đỗ Hải Lan');
INSERT INTO Cast_Member (movieid, "cast") VALUES (87, 'Nguyễn Thị Nam');
INSERT INTO Cast_Member (movieid, "cast") VALUES (87, 'Đỗ Ngọc Anh');
INSERT INTO Cast_Member (movieid, "cast") VALUES (88, 'Trần Gia Nhung');
INSERT INTO Cast_Member (movieid, "cast") VALUES (88, 'Trần Ngọc Phong');
INSERT INTO Cast_Member (movieid, "cast") VALUES (88, 'Dương Thái Sơn');
INSERT INTO Cast_Member (movieid, "cast") VALUES (88, 'Lê Thái Hoa');
INSERT INTO Cast_Member (movieid, "cast") VALUES (89, 'Dương Đình Lan');
INSERT INTO Cast_Member (movieid, "cast") VALUES (89, 'Phạm Ngọc Anh');
INSERT INTO Cast_Member (movieid, "cast") VALUES (90, 'Đỗ Hoàng Tuấn');
INSERT INTO Cast_Member (movieid, "cast") VALUES (90, 'Đỗ Đức Hoa');
INSERT INTO Cast_Member (movieid, "cast") VALUES (90, 'Lê Thị Hải');
INSERT INTO Cast_Member (movieid, "cast") VALUES (91, 'Lý Minh Trang');
INSERT INTO Cast_Member (movieid, "cast") VALUES (91, 'Trần Hoàng Tuấn');
INSERT INTO Cast_Member (movieid, "cast") VALUES (91, 'Phạm Thái Nhung');
INSERT INTO Cast_Member (movieid, "cast") VALUES (91, 'Đỗ Đức Huy');
INSERT INTO Cast_Member (movieid, "cast") VALUES (92, 'Ngô Bảo Ngọc');
INSERT INTO Cast_Member (movieid, "cast") VALUES (92, 'Nguyễn Văn Nhung');
INSERT INTO Cast_Member (movieid, "cast") VALUES (92, 'Trần Anh Cường');
INSERT INTO Cast_Member (movieid, "cast") VALUES (93, 'Hoàng Gia Khánh');
INSERT INTO Cast_Member (movieid, "cast") VALUES (93, 'Huỳnh Tuấn Ngọc');
INSERT INTO Cast_Member (movieid, "cast") VALUES (94, 'Phạm Tuấn Ngọc');
INSERT INTO Cast_Member (movieid, "cast") VALUES (94, 'Võ Thúy Nhung');
INSERT INTO Cast_Member (movieid, "cast") VALUES (95, 'Bùi Hải Cường');
INSERT INTO Cast_Member (movieid, "cast") VALUES (95, 'Hồ Ngọc Lan');
INSERT INTO Cast_Member (movieid, "cast") VALUES (95, 'Phan Đình Cường');
INSERT INTO Cast_Member (movieid, "cast") VALUES (96, 'Huỳnh Minh Lan');
INSERT INTO Cast_Member (movieid, "cast") VALUES (96, 'Huỳnh Anh Ngọc');
INSERT INTO Cast_Member (movieid, "cast") VALUES (96, 'Bùi Thị Hải');
INSERT INTO Cast_Member (movieid, "cast") VALUES (96, 'Trần Đức Nam');
INSERT INTO Cast_Member (movieid, "cast") VALUES (97, 'Hồ Anh Cường');
INSERT INTO Cast_Member (movieid, "cast") VALUES (97, 'Trần Văn Linh');
INSERT INTO Cast_Member (movieid, "cast") VALUES (97, 'Lý Hải Phong');
INSERT INTO Cast_Member (movieid, "cast") VALUES (98, 'Đặng Văn Ngọc');
INSERT INTO Cast_Member (movieid, "cast") VALUES (98, 'Dương Thúy Việt');
INSERT INTO Cast_Member (movieid, "cast") VALUES (99, 'Hồ Thu Nhung');
INSERT INTO Cast_Member (movieid, "cast") VALUES (99, 'Huỳnh Xuân Hà');
INSERT INTO Cast_Member (movieid, "cast") VALUES (100, 'Võ Hải Dũng');
INSERT INTO Cast_Member (movieid, "cast") VALUES (100, 'Hồ Thu Thảo');
INSERT INTO Cast_Member (movieid, "cast") VALUES (100, 'Hồ Hoàng Hải');
INSERT INTO Cast_Member (movieid, "cast") VALUES (101, 'Hoàng Gia Linh');
INSERT INTO Cast_Member (movieid, "cast") VALUES (101, 'Huỳnh Thị Tuấn');
INSERT INTO Cast_Member (movieid, "cast") VALUES (101, 'Bùi Minh Ngọc');
INSERT INTO Cast_Member (movieid, "cast") VALUES (101, 'Bùi Thu Phong');
INSERT INTO Cast_Member (movieid, "cast") VALUES (102, 'Đặng Thái Anh');
INSERT INTO Cast_Member (movieid, "cast") VALUES (102, 'Ngô Hoàng Hoa');
INSERT INTO Cast_Member (movieid, "cast") VALUES (103, 'Ngô Ngọc Hoa');
INSERT INTO Cast_Member (movieid, "cast") VALUES (103, 'Bùi Thu Huy');
INSERT INTO Cast_Member (movieid, "cast") VALUES (104, 'Đặng Ngọc Tuấn');
INSERT INTO Cast_Member (movieid, "cast") VALUES (104, 'Lý Đức Nam');
INSERT INTO Cast_Member (movieid, "cast") VALUES (104, 'Võ Hữu Thảo');
INSERT INTO Cast_Member (movieid, "cast") VALUES (104, 'Hoàng Mai Cường');
INSERT INTO Cast_Member (movieid, "cast") VALUES (105, 'Bùi Mai Anh');
INSERT INTO Cast_Member (movieid, "cast") VALUES (105, 'Vũ Mai Việt');
INSERT INTO Cast_Member (movieid, "cast") VALUES (105, 'Lê Hải Nhung');
INSERT INTO Cast_Member (movieid, "cast") VALUES (105, 'Võ Đình Đạt');
INSERT INTO Cast_Member (movieid, "cast") VALUES (106, 'Trần Xuân Anh');
INSERT INTO Cast_Member (movieid, "cast") VALUES (106, 'Dương Gia Dũng');
INSERT INTO Cast_Member (movieid, "cast") VALUES (106, 'Nguyễn Hữu Trang');
INSERT INTO Cast_Member (movieid, "cast") VALUES (107, 'Ngô Tuấn Trang');
INSERT INTO Cast_Member (movieid, "cast") VALUES (107, 'Phạm Anh Anh');
INSERT INTO Cast_Member (movieid, "cast") VALUES (107, 'Dương Gia Khánh');
INSERT INTO Cast_Member (movieid, "cast") VALUES (107, 'Đặng Thị Đạt');
INSERT INTO Cast_Member (movieid, "cast") VALUES (108, 'Dương Tuấn Anh');
INSERT INTO Cast_Member (movieid, "cast") VALUES (108, 'Hồ Thanh Anh');
INSERT INTO Cast_Member (movieid, "cast") VALUES (108, 'Võ Bảo Nhung');
INSERT INTO Cast_Member (movieid, "cast") VALUES (109, 'Ngô Thu Nhung');
INSERT INTO Cast_Member (movieid, "cast") VALUES (109, 'Võ Thái Ngọc');
INSERT INTO Cast_Member (movieid, "cast") VALUES (109, 'Phan Tuấn Ngọc');
INSERT INTO Cast_Member (movieid, "cast") VALUES (110, 'Lý Thúy Tuấn');
INSERT INTO Cast_Member (movieid, "cast") VALUES (110, 'Võ Minh Dũng');
INSERT INTO Cast_Member (movieid, "cast") VALUES (111, 'Hoàng Thanh Phong');
INSERT INTO Cast_Member (movieid, "cast") VALUES (111, 'Bùi Hữu Phong');
INSERT INTO Cast_Member (movieid, "cast") VALUES (112, 'Phan Thu Hải');
INSERT INTO Cast_Member (movieid, "cast") VALUES (112, 'Lý Anh Anh');
INSERT INTO Cast_Member (movieid, "cast") VALUES (113, 'Trần Đình Hoa');
INSERT INTO Cast_Member (movieid, "cast") VALUES (113, 'Huỳnh Hữu Hà');
INSERT INTO Cast_Member (movieid, "cast") VALUES (114, 'Huỳnh Anh Dũng');
INSERT INTO Cast_Member (movieid, "cast") VALUES (114, 'Đỗ Gia Trang');
INSERT INTO Cast_Member (movieid, "cast") VALUES (114, 'Võ Thu Anh');
INSERT INTO Cast_Member (movieid, "cast") VALUES (115, 'Huỳnh Hữu Khánh');
INSERT INTO Cast_Member (movieid, "cast") VALUES (115, 'Phạm Hải Linh');
INSERT INTO Cast_Member (movieid, "cast") VALUES (116, 'Võ Thanh Ngọc');
INSERT INTO Cast_Member (movieid, "cast") VALUES (116, 'Lý Minh Nam');
INSERT INTO Cast_Member (movieid, "cast") VALUES (117, 'Nguyễn Thúy Huy');
INSERT INTO Cast_Member (movieid, "cast") VALUES (117, 'Dương Thanh Linh');
INSERT INTO Cast_Member (movieid, "cast") VALUES (117, 'Lê Hải Hoa');
INSERT INTO Cast_Member (movieid, "cast") VALUES (117, 'Ngô Tuấn Anh');
INSERT INTO Cast_Member (movieid, "cast") VALUES (118, 'Huỳnh Tuấn Trang');
INSERT INTO Cast_Member (movieid, "cast") VALUES (118, 'Phạm Thúy Nam');
INSERT INTO Cast_Member (movieid, "cast") VALUES (119, 'Lê Thanh Dũng');
INSERT INTO Cast_Member (movieid, "cast") VALUES (119, 'Ngô Thu Phong');
INSERT INTO Cast_Member (movieid, "cast") VALUES (120, 'Trần Minh Ngọc');
INSERT INTO Cast_Member (movieid, "cast") VALUES (120, 'Trần Minh Phong');
INSERT INTO Cast_Member (movieid, "cast") VALUES (120, 'Bùi Minh Thảo');
INSERT INTO Cast_Member (movieid, "cast") VALUES (120, 'Ngô Đức Linh');
INSERT INTO Cast_Member (movieid, "cast") VALUES (121, 'Phan Đình Anh');
INSERT INTO Cast_Member (movieid, "cast") VALUES (121, 'Bùi Thanh Dũng');
INSERT INTO Cast_Member (movieid, "cast") VALUES (122, 'Lý Xuân Trang');
INSERT INTO Cast_Member (movieid, "cast") VALUES (122, 'Đặng Thị Phong');
INSERT INTO Cast_Member (movieid, "cast") VALUES (122, 'Lê Đình Đạt');
INSERT INTO Cast_Member (movieid, "cast") VALUES (123, 'Hoàng Mai Linh');
INSERT INTO Cast_Member (movieid, "cast") VALUES (123, 'Nguyễn Đức Trang');
INSERT INTO Cast_Member (movieid, "cast") VALUES (123, 'Nguyễn Xuân Dũng');
INSERT INTO Cast_Member (movieid, "cast") VALUES (124, 'Hồ Minh Trang');
INSERT INTO Cast_Member (movieid, "cast") VALUES (124, 'Phạm Hữu Sơn');
INSERT INTO Cast_Member (movieid, "cast") VALUES (124, 'Ngô Ngọc Anh');
INSERT INTO Cast_Member (movieid, "cast") VALUES (124, 'Trần Hải Khánh');
INSERT INTO Cast_Member (movieid, "cast") VALUES (125, 'Hoàng Thanh Ngọc');
INSERT INTO Cast_Member (movieid, "cast") VALUES (125, 'Vũ Hải Việt');
INSERT INTO Cast_Member (movieid, "cast") VALUES (125, 'Hoàng Gia Ngọc');
INSERT INTO Cast_Member (movieid, "cast") VALUES (126, 'Trần Văn Hải');
INSERT INTO Cast_Member (movieid, "cast") VALUES (126, 'Đỗ Hải Phong');
INSERT INTO Cast_Member (movieid, "cast") VALUES (126, 'Trần Hoàng Nam');
INSERT INTO Cast_Member (movieid, "cast") VALUES (127, 'Võ Đình Anh');
INSERT INTO Cast_Member (movieid, "cast") VALUES (127, 'Hồ Hải Nam');
INSERT INTO Cast_Member (movieid, "cast") VALUES (127, 'Lê Ngọc Hải');
INSERT INTO Cast_Member (movieid, "cast") VALUES (128, 'Bùi Xuân Cường');
INSERT INTO Cast_Member (movieid, "cast") VALUES (128, 'Phan Gia Trang');
INSERT INTO Cast_Member (movieid, "cast") VALUES (128, 'Hoàng Anh Khánh');
INSERT INTO Cast_Member (movieid, "cast") VALUES (128, 'Lý Gia Phong');
INSERT INTO Cast_Member (movieid, "cast") VALUES (129, 'Đặng Thu Nhung');
INSERT INTO Cast_Member (movieid, "cast") VALUES (129, 'Lý Ngọc Cường');
INSERT INTO Cast_Member (movieid, "cast") VALUES (129, 'Đỗ Thúy Thảo');
INSERT INTO Cast_Member (movieid, "cast") VALUES (130, 'Trần Đức Hoa');
INSERT INTO Cast_Member (movieid, "cast") VALUES (130, 'Vũ Mai Cường');
INSERT INTO Cast_Member (movieid, "cast") VALUES (130, 'Nguyễn Thị Nam');
INSERT INTO Cast_Member (movieid, "cast") VALUES (131, 'Phan Minh Linh');
INSERT INTO Cast_Member (movieid, "cast") VALUES (131, 'Dương Thái Thảo');
INSERT INTO Cast_Member (movieid, "cast") VALUES (131, 'Lê Gia Phong');
INSERT INTO Cast_Member (movieid, "cast") VALUES (132, 'Nguyễn Gia Việt');
INSERT INTO Cast_Member (movieid, "cast") VALUES (132, 'Huỳnh Đình Cường');
INSERT INTO Cast_Member (movieid, "cast") VALUES (132, 'Nguyễn Đức Hà');
INSERT INTO Cast_Member (movieid, "cast") VALUES (133, 'Võ Hải Dũng');
INSERT INTO Cast_Member (movieid, "cast") VALUES (133, 'Vũ Thái Phong');
INSERT INTO Cast_Member (movieid, "cast") VALUES (133, 'Trần Gia Huy');
INSERT INTO Cast_Member (movieid, "cast") VALUES (134, 'Trần Đình Phong');
INSERT INTO Cast_Member (movieid, "cast") VALUES (134, 'Hoàng Thái Sơn');
INSERT INTO Cast_Member (movieid, "cast") VALUES (135, 'Đặng Gia Hải');
INSERT INTO Cast_Member (movieid, "cast") VALUES (135, 'Bùi Xuân Thảo');
INSERT INTO Cast_Member (movieid, "cast") VALUES (135, 'Dương Đình Linh');
INSERT INTO Cast_Member (movieid, "cast") VALUES (136, 'Hồ Thái Tuấn');
INSERT INTO Cast_Member (movieid, "cast") VALUES (136, 'Hồ Thanh Lan');
INSERT INTO Cast_Member (movieid, "cast") VALUES (136, 'Phạm Anh Linh');
INSERT INTO Cast_Member (movieid, "cast") VALUES (137, 'Vũ Tuấn Hà');
INSERT INTO Cast_Member (movieid, "cast") VALUES (137, 'Lê Đình Việt');
INSERT INTO Cast_Member (movieid, "cast") VALUES (137, 'Lý Gia Hà');
INSERT INTO Cast_Member (movieid, "cast") VALUES (137, 'Phan Minh Anh');
INSERT INTO Cast_Member (movieid, "cast") VALUES (138, 'Hồ Đức Phong');
INSERT INTO Cast_Member (movieid, "cast") VALUES (138, 'Hồ Thúy Linh');
INSERT INTO Cast_Member (movieid, "cast") VALUES (138, 'Trần Minh Linh');
INSERT INTO Cast_Member (movieid, "cast") VALUES (138, 'Vũ Xuân Thảo');
INSERT INTO Cast_Member (movieid, "cast") VALUES (139, 'Vũ Xuân Huy');
INSERT INTO Cast_Member (movieid, "cast") VALUES (139, 'Huỳnh Hoàng Cường');
INSERT INTO Cast_Member (movieid, "cast") VALUES (140, 'Bùi Đình Cường');
INSERT INTO Cast_Member (movieid, "cast") VALUES (140, 'Bùi Minh Nhung');
INSERT INTO Cast_Member (movieid, "cast") VALUES (140, 'Phạm Thị Thảo');
INSERT INTO Cast_Member (movieid, "cast") VALUES (140, 'Đỗ Thị Lan');
INSERT INTO Cast_Member (movieid, "cast") VALUES (141, 'Vũ Thúy Ngọc');
INSERT INTO Cast_Member (movieid, "cast") VALUES (141, 'Dương Thị Nhung');
INSERT INTO Cast_Member (movieid, "cast") VALUES (142, 'Đặng Gia Anh');
INSERT INTO Cast_Member (movieid, "cast") VALUES (142, 'Trần Tuấn Việt');
INSERT INTO Cast_Member (movieid, "cast") VALUES (143, 'Võ Anh Đạt');
INSERT INTO Cast_Member (movieid, "cast") VALUES (143, 'Lê Minh Đạt');
INSERT INTO Cast_Member (movieid, "cast") VALUES (143, 'Vũ Hải Khánh');
INSERT INTO Cast_Member (movieid, "cast") VALUES (143, 'Đỗ Hoàng Ngọc');
INSERT INTO Cast_Member (movieid, "cast") VALUES (144, 'Lê Bảo Tuấn');
INSERT INTO Cast_Member (movieid, "cast") VALUES (144, 'Đặng Mai Thảo');
INSERT INTO Cast_Member (movieid, "cast") VALUES (144, 'Trần Thị Việt');
INSERT INTO Cast_Member (movieid, "cast") VALUES (145, 'Lê Thúy Hà');
INSERT INTO Cast_Member (movieid, "cast") VALUES (145, 'Ngô Văn Anh');
INSERT INTO Cast_Member (movieid, "cast") VALUES (146, 'Đỗ Minh Tuấn');
INSERT INTO Cast_Member (movieid, "cast") VALUES (146, 'Hoàng Gia Tuấn');
INSERT INTO Cast_Member (movieid, "cast") VALUES (146, 'Đặng Minh Dũng');
INSERT INTO Cast_Member (movieid, "cast") VALUES (147, 'Ngô Hoàng Trang');
INSERT INTO Cast_Member (movieid, "cast") VALUES (147, 'Ngô Bảo Trang');
INSERT INTO Cast_Member (movieid, "cast") VALUES (148, 'Dương Thái Khánh');
INSERT INTO Cast_Member (movieid, "cast") VALUES (148, 'Trần Bảo Trang');
INSERT INTO Cast_Member (movieid, "cast") VALUES (148, 'Dương Xuân Dũng');
INSERT INTO Cast_Member (movieid, "cast") VALUES (149, 'Võ Gia Phong');
INSERT INTO Cast_Member (movieid, "cast") VALUES (149, 'Đỗ Thị Khánh');
INSERT INTO Cast_Member (movieid, "cast") VALUES (149, 'Bùi Hoàng Tuấn');
INSERT INTO Cast_Member (movieid, "cast") VALUES (150, 'Phan Xuân Hoa');
INSERT INTO Cast_Member (movieid, "cast") VALUES (150, 'Phan Hải Dũng');
INSERT INTO Cast_Member (movieid, "cast") VALUES (150, 'Bùi Đức Phong');
INSERT INTO Cast_Member (movieid, "cast") VALUES (150, 'Đỗ Thúy Hải');
INSERT INTO Cast_Member (movieid, "cast") VALUES (151, 'Lê Văn Lan');
INSERT INTO Cast_Member (movieid, "cast") VALUES (151, 'Nguyễn Bảo Anh');
INSERT INTO Cast_Member (movieid, "cast") VALUES (151, 'Đỗ Hữu Huy');
INSERT INTO Cast_Member (movieid, "cast") VALUES (151, 'Đỗ Hoàng Nhung');
INSERT INTO Cast_Member (movieid, "cast") VALUES (152, 'Đỗ Thái Tuấn');
INSERT INTO Cast_Member (movieid, "cast") VALUES (152, 'Dương Đức Tuấn');
INSERT INTO Cast_Member (movieid, "cast") VALUES (152, 'Ngô Đình Anh');
INSERT INTO Cast_Member (movieid, "cast") VALUES (152, 'Đặng Thu Việt');
INSERT INTO Cast_Member (movieid, "cast") VALUES (153, 'Dương Bảo Khánh');
INSERT INTO Cast_Member (movieid, "cast") VALUES (153, 'Võ Xuân Anh');
INSERT INTO Cast_Member (movieid, "cast") VALUES (154, 'Đặng Mai Anh');
INSERT INTO Cast_Member (movieid, "cast") VALUES (154, 'Nguyễn Gia Linh');
INSERT INTO Cast_Member (movieid, "cast") VALUES (154, 'Phạm Thị Việt');
INSERT INTO Cast_Member (movieid, "cast") VALUES (154, 'Dương Ngọc Trang');
INSERT INTO Cast_Member (movieid, "cast") VALUES (155, 'Nguyễn Bảo Linh');
INSERT INTO Cast_Member (movieid, "cast") VALUES (155, 'Đặng Đình Việt');
INSERT INTO Cast_Member (movieid, "cast") VALUES (155, 'Lê Thúy Khánh');
INSERT INTO Cast_Member (movieid, "cast") VALUES (156, 'Đỗ Thái Hoa');
INSERT INTO Cast_Member (movieid, "cast") VALUES (156, 'Huỳnh Hữu Việt');
INSERT INTO Cast_Member (movieid, "cast") VALUES (156, 'Hoàng Gia Ngọc');
INSERT INTO Cast_Member (movieid, "cast") VALUES (157, 'Hoàng Đức Thảo');
INSERT INTO Cast_Member (movieid, "cast") VALUES (157, 'Phan Đức Hà');
INSERT INTO Cast_Member (movieid, "cast") VALUES (157, 'Huỳnh Thu Ngọc');
INSERT INTO Cast_Member (movieid, "cast") VALUES (157, 'Hồ Văn Hà');
INSERT INTO Cast_Member (movieid, "cast") VALUES (158, 'Lê Thái Trang');
INSERT INTO Cast_Member (movieid, "cast") VALUES (158, 'Dương Minh Khánh');
INSERT INTO Cast_Member (movieid, "cast") VALUES (159, 'Bùi Mai Hoa');
INSERT INTO Cast_Member (movieid, "cast") VALUES (159, 'Phạm Mai Linh');
INSERT INTO Cast_Member (movieid, "cast") VALUES (159, 'Hoàng Hải Sơn');
INSERT INTO Cast_Member (movieid, "cast") VALUES (159, 'Dương Thị Linh');
INSERT INTO Cast_Member (movieid, "cast") VALUES (160, 'Vũ Xuân Ngọc');
INSERT INTO Cast_Member (movieid, "cast") VALUES (160, 'Vũ Gia Lan');
INSERT INTO Cast_Member (movieid, "cast") VALUES (160, 'Lê Minh Dũng');
INSERT INTO Cast_Member (movieid, "cast") VALUES (160, 'Vũ Văn Thảo');
INSERT INTO Cast_Member (movieid, "cast") VALUES (161, 'Hồ Bảo Huy');
INSERT INTO Cast_Member (movieid, "cast") VALUES (161, 'Hồ Tuấn Trang');
INSERT INTO Cast_Member (movieid, "cast") VALUES (161, 'Hoàng Văn Tuấn');
INSERT INTO Cast_Member (movieid, "cast") VALUES (161, 'Hồ Hữu Hoa');
INSERT INTO Cast_Member (movieid, "cast") VALUES (162, 'Huỳnh Thu Cường');
INSERT INTO Cast_Member (movieid, "cast") VALUES (162, 'Vũ Gia Lan');
INSERT INTO Cast_Member (movieid, "cast") VALUES (162, 'Hoàng Bảo Nhung');
INSERT INTO Cast_Member (movieid, "cast") VALUES (163, 'Ngô Gia Phong');
INSERT INTO Cast_Member (movieid, "cast") VALUES (163, 'Võ Hải Hoa');
INSERT INTO Cast_Member (movieid, "cast") VALUES (163, 'Hồ Thái Lan');
INSERT INTO Cast_Member (movieid, "cast") VALUES (164, 'Lê Đình Hải');
INSERT INTO Cast_Member (movieid, "cast") VALUES (164, 'Hồ Mai Tuấn');
INSERT INTO Cast_Member (movieid, "cast") VALUES (164, 'Vũ Mai Anh');
INSERT INTO Cast_Member (movieid, "cast") VALUES (164, 'Ngô Tuấn Linh');
INSERT INTO Cast_Member (movieid, "cast") VALUES (165, 'Hoàng Tuấn Đạt');
INSERT INTO Cast_Member (movieid, "cast") VALUES (165, 'Vũ Đức Ngọc');
INSERT INTO Cast_Member (movieid, "cast") VALUES (165, 'Huỳnh Thu Sơn');
INSERT INTO Cast_Member (movieid, "cast") VALUES (166, 'Nguyễn Văn Linh');
INSERT INTO Cast_Member (movieid, "cast") VALUES (166, 'Hoàng Văn Ngọc');
INSERT INTO Cast_Member (movieid, "cast") VALUES (167, 'Đỗ Thu Cường');
INSERT INTO Cast_Member (movieid, "cast") VALUES (167, 'Phạm Văn Đạt');
INSERT INTO Cast_Member (movieid, "cast") VALUES (167, 'Đặng Ngọc Sơn');
INSERT INTO Cast_Member (movieid, "cast") VALUES (168, 'Hoàng Thái Huy');
INSERT INTO Cast_Member (movieid, "cast") VALUES (168, 'Vũ Mai Cường');
INSERT INTO Cast_Member (movieid, "cast") VALUES (168, 'Phạm Đình Cường');
INSERT INTO Cast_Member (movieid, "cast") VALUES (168, 'Ngô Ngọc Tuấn');
INSERT INTO Cast_Member (movieid, "cast") VALUES (169, 'Lê Xuân Tuấn');
INSERT INTO Cast_Member (movieid, "cast") VALUES (169, 'Võ Thái Nam');
INSERT INTO Cast_Member (movieid, "cast") VALUES (169, 'Ngô Thái Thảo');
INSERT INTO Cast_Member (movieid, "cast") VALUES (169, 'Huỳnh Hoàng Anh');
INSERT INTO Cast_Member (movieid, "cast") VALUES (170, 'Hồ Hoàng Nam');
INSERT INTO Cast_Member (movieid, "cast") VALUES (170, 'Trần Anh Khánh');
INSERT INTO Cast_Member (movieid, "cast") VALUES (170, 'Phạm Minh Anh');
INSERT INTO Cast_Member (movieid, "cast") VALUES (171, 'Nguyễn Mai Tuấn');
INSERT INTO Cast_Member (movieid, "cast") VALUES (171, 'Phan Ngọc Ngọc');
INSERT INTO Cast_Member (movieid, "cast") VALUES (171, 'Nguyễn Văn Lan');
INSERT INTO Cast_Member (movieid, "cast") VALUES (172, 'Trần Hoàng Linh');
INSERT INTO Cast_Member (movieid, "cast") VALUES (172, 'Vũ Hoàng Khánh');
INSERT INTO Cast_Member (movieid, "cast") VALUES (173, 'Dương Ngọc Việt');
INSERT INTO Cast_Member (movieid, "cast") VALUES (173, 'Hoàng Hải Hoa');
INSERT INTO Cast_Member (movieid, "cast") VALUES (173, 'Dương Hải Anh');
INSERT INTO Cast_Member (movieid, "cast") VALUES (173, 'Phạm Hữu Hải');
INSERT INTO Cast_Member (movieid, "cast") VALUES (174, 'Nguyễn Thu Việt');
INSERT INTO Cast_Member (movieid, "cast") VALUES (174, 'Hồ Gia Trang');
INSERT INTO Cast_Member (movieid, "cast") VALUES (174, 'Phan Minh Cường');
INSERT INTO Cast_Member (movieid, "cast") VALUES (174, 'Võ Đức Khánh');
INSERT INTO Cast_Member (movieid, "cast") VALUES (175, 'Phạm Đức Nam');
INSERT INTO Cast_Member (movieid, "cast") VALUES (175, 'Phan Đức Thảo');
INSERT INTO Cast_Member (movieid, "cast") VALUES (175, 'Trần Đình Đạt');
INSERT INTO Cast_Member (movieid, "cast") VALUES (176, 'Lý Hữu Linh');
INSERT INTO Cast_Member (movieid, "cast") VALUES (176, 'Phan Minh Hoa');
INSERT INTO Cast_Member (movieid, "cast") VALUES (176, 'Hồ Hữu Việt');
INSERT INTO Cast_Member (movieid, "cast") VALUES (176, 'Dương Đình Nam');
INSERT INTO Cast_Member (movieid, "cast") VALUES (177, 'Trần Văn Linh');
INSERT INTO Cast_Member (movieid, "cast") VALUES (177, 'Bùi Hải Hà');
INSERT INTO Cast_Member (movieid, "cast") VALUES (178, 'Huỳnh Gia Hải');
INSERT INTO Cast_Member (movieid, "cast") VALUES (178, 'Võ Hữu Tuấn');
INSERT INTO Cast_Member (movieid, "cast") VALUES (179, 'Huỳnh Thái Tuấn');
INSERT INTO Cast_Member (movieid, "cast") VALUES (179, 'Phạm Văn Nam');
INSERT INTO Cast_Member (movieid, "cast") VALUES (180, 'Đặng Hữu Nam');
INSERT INTO Cast_Member (movieid, "cast") VALUES (180, 'Hoàng Thúy Phong');
INSERT INTO Cast_Member (movieid, "cast") VALUES (180, 'Võ Đình Dũng');
INSERT INTO Cast_Member (movieid, "cast") VALUES (181, 'Lý Hữu Trang');
INSERT INTO Cast_Member (movieid, "cast") VALUES (181, 'Hồ Văn Nhung');
INSERT INTO Cast_Member (movieid, "cast") VALUES (181, 'Trần Thái Việt');
INSERT INTO Cast_Member (movieid, "cast") VALUES (181, 'Đặng Thị Đạt');
INSERT INTO Cast_Member (movieid, "cast") VALUES (182, 'Bùi Đình Hà');
INSERT INTO Cast_Member (movieid, "cast") VALUES (182, 'Bùi Thị Trang');
INSERT INTO Cast_Member (movieid, "cast") VALUES (183, 'Huỳnh Hữu Ngọc');
INSERT INTO Cast_Member (movieid, "cast") VALUES (183, 'Bùi Hải Hoa');
INSERT INTO Cast_Member (movieid, "cast") VALUES (183, 'Đặng Ngọc Dũng');
INSERT INTO Cast_Member (movieid, "cast") VALUES (184, 'Hồ Bảo Linh');
INSERT INTO Cast_Member (movieid, "cast") VALUES (184, 'Vũ Bảo Trang');
INSERT INTO Cast_Member (movieid, "cast") VALUES (185, 'Bùi Đình Hà');
INSERT INTO Cast_Member (movieid, "cast") VALUES (185, 'Lê Xuân Cường');
INSERT INTO Cast_Member (movieid, "cast") VALUES (185, 'Ngô Hải Ngọc');
INSERT INTO Cast_Member (movieid, "cast") VALUES (185, 'Trần Thu Ngọc');
INSERT INTO Cast_Member (movieid, "cast") VALUES (186, 'Trần Văn Nhung');
INSERT INTO Cast_Member (movieid, "cast") VALUES (186, 'Bùi Đình Nam');
INSERT INTO Cast_Member (movieid, "cast") VALUES (187, 'Dương Thị Việt');
INSERT INTO Cast_Member (movieid, "cast") VALUES (187, 'Dương Văn Hà');
INSERT INTO Cast_Member (movieid, "cast") VALUES (187, 'Võ Thúy Huy');
INSERT INTO Cast_Member (movieid, "cast") VALUES (188, 'Hoàng Thị Trang');
INSERT INTO Cast_Member (movieid, "cast") VALUES (188, 'Hồ Xuân Tuấn');
INSERT INTO Cast_Member (movieid, "cast") VALUES (188, 'Lý Gia Lan');
INSERT INTO Cast_Member (movieid, "cast") VALUES (189, 'Hồ Hoàng Huy');
INSERT INTO Cast_Member (movieid, "cast") VALUES (189, 'Nguyễn Ngọc Linh');
INSERT INTO Cast_Member (movieid, "cast") VALUES (189, 'Đặng Xuân Khánh');
INSERT INTO Cast_Member (movieid, "cast") VALUES (189, 'Ngô Minh Nam');
INSERT INTO Cast_Member (movieid, "cast") VALUES (190, 'Nguyễn Thanh Việt');
INSERT INTO Cast_Member (movieid, "cast") VALUES (190, 'Huỳnh Thái Trang');
INSERT INTO Cast_Member (movieid, "cast") VALUES (190, 'Hồ Minh Cường');
INSERT INTO Cast_Member (movieid, "cast") VALUES (191, 'Hoàng Thị Cường');
INSERT INTO Cast_Member (movieid, "cast") VALUES (191, 'Đặng Mai Đạt');
INSERT INTO Cast_Member (movieid, "cast") VALUES (191, 'Ngô Đình Tuấn');
INSERT INTO Cast_Member (movieid, "cast") VALUES (192, 'Hoàng Hoàng Phong');
INSERT INTO Cast_Member (movieid, "cast") VALUES (192, 'Vũ Đức Khánh');
INSERT INTO Cast_Member (movieid, "cast") VALUES (192, 'Dương Thanh Nhung');
INSERT INTO Cast_Member (movieid, "cast") VALUES (193, 'Võ Hữu Anh');
INSERT INTO Cast_Member (movieid, "cast") VALUES (193, 'Ngô Thúy Ngọc');
INSERT INTO Cast_Member (movieid, "cast") VALUES (193, 'Huỳnh Thái Sơn');
INSERT INTO Cast_Member (movieid, "cast") VALUES (193, 'Phạm Mai Dũng');
INSERT INTO Cast_Member (movieid, "cast") VALUES (194, 'Phan Hoàng Ngọc');
INSERT INTO Cast_Member (movieid, "cast") VALUES (194, 'Hồ Thị Thảo');
INSERT INTO Cast_Member (movieid, "cast") VALUES (194, 'Phạm Hải Khánh');
INSERT INTO Cast_Member (movieid, "cast") VALUES (195, 'Lê Bảo Sơn');
INSERT INTO Cast_Member (movieid, "cast") VALUES (195, 'Phan Ngọc Sơn');
INSERT INTO Cast_Member (movieid, "cast") VALUES (195, 'Đặng Văn Cường');
INSERT INTO Cast_Member (movieid, "cast") VALUES (196, 'Dương Ngọc Hải');
INSERT INTO Cast_Member (movieid, "cast") VALUES (196, 'Nguyễn Tuấn Khánh');
INSERT INTO Cast_Member (movieid, "cast") VALUES (197, 'Đỗ Mai Dũng');
INSERT INTO Cast_Member (movieid, "cast") VALUES (197, 'Phan Thu Sơn');
INSERT INTO Cast_Member (movieid, "cast") VALUES (197, 'Đỗ Văn Nam');
INSERT INTO Cast_Member (movieid, "cast") VALUES (197, 'Phan Hữu Tuấn');
INSERT INTO Cast_Member (movieid, "cast") VALUES (198, 'Đặng Hải Hải');
INSERT INTO Cast_Member (movieid, "cast") VALUES (198, 'Lê Bảo Đạt');
INSERT INTO Cast_Member (movieid, "cast") VALUES (199, 'Hồ Thanh Dũng');
INSERT INTO Cast_Member (movieid, "cast") VALUES (199, 'Bùi Thúy Thảo');
INSERT INTO Cast_Member (movieid, "cast") VALUES (199, 'Hoàng Bảo Ngọc');
INSERT INTO Cast_Member (movieid, "cast") VALUES (199, 'Trần Mai Huy');
INSERT INTO Cast_Member (movieid, "cast") VALUES (200, 'Đỗ Văn Nam');
INSERT INTO Cast_Member (movieid, "cast") VALUES (200, 'Đỗ Văn Hoa');
INSERT INTO Cast_Member (movieid, "cast") VALUES (200, 'Nguyễn Bảo Thảo');
INSERT INTO Cast_Member (movieid, "cast") VALUES (200, 'Ngô Hải Ngọc');
INSERT INTO Cast_Member (movieid, "cast") VALUES (201, 'Nguyễn Thanh Hoa');
INSERT INTO Cast_Member (movieid, "cast") VALUES (201, 'Lê Hải Nhung');
INSERT INTO Cast_Member (movieid, "cast") VALUES (202, 'Lê Minh Đạt');
INSERT INTO Cast_Member (movieid, "cast") VALUES (202, 'Huỳnh Mai Thảo');
INSERT INTO Cast_Member (movieid, "cast") VALUES (203, 'Dương Gia Ngọc');
INSERT INTO Cast_Member (movieid, "cast") VALUES (203, 'Đỗ Thanh Dũng');
INSERT INTO Cast_Member (movieid, "cast") VALUES (203, 'Nguyễn Anh Linh');
INSERT INTO Cast_Member (movieid, "cast") VALUES (204, 'Vũ Xuân Phong');
INSERT INTO Cast_Member (movieid, "cast") VALUES (204, 'Phan Ngọc Việt');
INSERT INTO Cast_Member (movieid, "cast") VALUES (204, 'Hồ Văn Hoa');
INSERT INTO Cast_Member (movieid, "cast") VALUES (204, 'Đỗ Tuấn Nhung');
INSERT INTO Cast_Member (movieid, "cast") VALUES (205, 'Lý Thu Thảo');
INSERT INTO Cast_Member (movieid, "cast") VALUES (205, 'Huỳnh Ngọc Tuấn');
INSERT INTO Cast_Member (movieid, "cast") VALUES (205, 'Phan Thị Hà');
INSERT INTO Cast_Member (movieid, "cast") VALUES (205, 'Nguyễn Minh Linh');
INSERT INTO Cast_Member (movieid, "cast") VALUES (206, 'Đỗ Hải Khánh');
INSERT INTO Cast_Member (movieid, "cast") VALUES (206, 'Võ Thanh Hải');
INSERT INTO Cast_Member (movieid, "cast") VALUES (206, 'Đặng Hải Dũng');
INSERT INTO Cast_Member (movieid, "cast") VALUES (207, 'Nguyễn Hoàng Đạt');
INSERT INTO Cast_Member (movieid, "cast") VALUES (207, 'Ngô Hải Khánh');
INSERT INTO Cast_Member (movieid, "cast") VALUES (207, 'Lý Thúy Ngọc');
INSERT INTO Cast_Member (movieid, "cast") VALUES (208, 'Trần Hải Hải');
INSERT INTO Cast_Member (movieid, "cast") VALUES (208, 'Đặng Đức Nam');
INSERT INTO Cast_Member (movieid, "cast") VALUES (208, 'Hồ Ngọc Sơn');
INSERT INTO Cast_Member (movieid, "cast") VALUES (208, 'Nguyễn Hải Đạt');
INSERT INTO Cast_Member (movieid, "cast") VALUES (209, 'Lê Minh Hoa');
INSERT INTO Cast_Member (movieid, "cast") VALUES (209, 'Nguyễn Bảo Nam');
INSERT INTO Cast_Member (movieid, "cast") VALUES (209, 'Lý Gia Dũng');
INSERT INTO Cast_Member (movieid, "cast") VALUES (209, 'Dương Văn Nam');
INSERT INTO Cast_Member (movieid, "cast") VALUES (210, 'Phan Hoàng Đạt');
INSERT INTO Cast_Member (movieid, "cast") VALUES (210, 'Hoàng Thanh Anh');
INSERT INTO Cast_Member (movieid, "cast") VALUES (211, 'Nguyễn Tuấn Phong');
INSERT INTO Cast_Member (movieid, "cast") VALUES (211, 'Lê Xuân Huy');
INSERT INTO Cast_Member (movieid, "cast") VALUES (211, 'Võ Hoàng Phong');
INSERT INTO Cast_Member (movieid, "cast") VALUES (212, 'Phan Văn Trang');
INSERT INTO Cast_Member (movieid, "cast") VALUES (212, 'Hoàng Bảo Hà');
INSERT INTO Cast_Member (movieid, "cast") VALUES (212, 'Võ Hải Đạt');
INSERT INTO Cast_Member (movieid, "cast") VALUES (213, 'Vũ Thanh Cường');
INSERT INTO Cast_Member (movieid, "cast") VALUES (213, 'Nguyễn Mai Hải');
INSERT INTO Cast_Member (movieid, "cast") VALUES (214, 'Vũ Văn Hoa');
INSERT INTO Cast_Member (movieid, "cast") VALUES (214, 'Trần Hữu Trang');
INSERT INTO Cast_Member (movieid, "cast") VALUES (215, 'Huỳnh Gia Huy');
INSERT INTO Cast_Member (movieid, "cast") VALUES (215, 'Phạm Bảo Khánh');
INSERT INTO Cast_Member (movieid, "cast") VALUES (215, 'Lý Văn Nhung');
INSERT INTO Cast_Member (movieid, "cast") VALUES (215, 'Vũ Thị Hoa');
INSERT INTO Cast_Member (movieid, "cast") VALUES (216, 'Lý Đình Đạt');
INSERT INTO Cast_Member (movieid, "cast") VALUES (216, 'Huỳnh Ngọc Hà');
INSERT INTO Cast_Member (movieid, "cast") VALUES (216, 'Vũ Văn Thảo');
INSERT INTO Cast_Member (movieid, "cast") VALUES (216, 'Vũ Văn Linh');
INSERT INTO Cast_Member (movieid, "cast") VALUES (217, 'Hoàng Gia Trang');
INSERT INTO Cast_Member (movieid, "cast") VALUES (217, 'Lê Hoàng Hoa');
INSERT INTO Cast_Member (movieid, "cast") VALUES (217, 'Ngô Hữu Đạt');
INSERT INTO Cast_Member (movieid, "cast") VALUES (218, 'Phan Hữu Việt');
INSERT INTO Cast_Member (movieid, "cast") VALUES (218, 'Võ Hữu Hải');
INSERT INTO Cast_Member (movieid, "cast") VALUES (219, 'Vũ Đức Sơn');
INSERT INTO Cast_Member (movieid, "cast") VALUES (219, 'Ngô Gia Nhung');
INSERT INTO Cast_Member (movieid, "cast") VALUES (219, 'Phạm Xuân Cường');
INSERT INTO Cast_Member (movieid, "cast") VALUES (219, 'Đỗ Gia Đạt');
INSERT INTO Cast_Member (movieid, "cast") VALUES (220, 'Ngô Gia Đạt');
INSERT INTO Cast_Member (movieid, "cast") VALUES (220, 'Dương Đức Ngọc');
INSERT INTO Cast_Member (movieid, "cast") VALUES (220, 'Phạm Minh Linh');
INSERT INTO Cast_Member (movieid, "cast") VALUES (221, 'Ngô Hải Nhung');
INSERT INTO Cast_Member (movieid, "cast") VALUES (221, 'Lý Minh Hoa');
INSERT INTO Cast_Member (movieid, "cast") VALUES (221, 'Hồ Minh Cường');
INSERT INTO Cast_Member (movieid, "cast") VALUES (221, 'Phan Anh Ngọc');
INSERT INTO Cast_Member (movieid, "cast") VALUES (222, 'Vũ Bảo Hà');
INSERT INTO Cast_Member (movieid, "cast") VALUES (222, 'Phan Văn Trang');
INSERT INTO Cast_Member (movieid, "cast") VALUES (222, 'Vũ Minh Huy');
INSERT INTO Cast_Member (movieid, "cast") VALUES (223, 'Phan Hữu Phong');
INSERT INTO Cast_Member (movieid, "cast") VALUES (223, 'Hồ Mai Hà');
INSERT INTO Cast_Member (movieid, "cast") VALUES (224, 'Vũ Ngọc Dũng');
INSERT INTO Cast_Member (movieid, "cast") VALUES (224, 'Phan Đức Dũng');
INSERT INTO Cast_Member (movieid, "cast") VALUES (224, 'Lê Thanh Việt');
INSERT INTO Cast_Member (movieid, "cast") VALUES (224, 'Nguyễn Thị Anh');
INSERT INTO Cast_Member (movieid, "cast") VALUES (225, 'Võ Đình Nam');
INSERT INTO Cast_Member (movieid, "cast") VALUES (225, 'Vũ Gia Huy');
INSERT INTO Cast_Member (movieid, "cast") VALUES (225, 'Phạm Hoàng Dũng');
INSERT INTO Cast_Member (movieid, "cast") VALUES (225, 'Huỳnh Thu Sơn');
INSERT INTO Cast_Member (movieid, "cast") VALUES (226, 'Huỳnh Đình Ngọc');
INSERT INTO Cast_Member (movieid, "cast") VALUES (226, 'Võ Xuân Linh');
INSERT INTO Cast_Member (movieid, "cast") VALUES (226, 'Đỗ Xuân Dũng');
INSERT INTO Cast_Member (movieid, "cast") VALUES (226, 'Phan Thái Tuấn');
INSERT INTO Cast_Member (movieid, "cast") VALUES (227, 'Huỳnh Gia Thảo');
INSERT INTO Cast_Member (movieid, "cast") VALUES (227, 'Vũ Gia Ngọc');
INSERT INTO Cast_Member (movieid, "cast") VALUES (227, 'Đặng Hoàng Nam');
INSERT INTO Cast_Member (movieid, "cast") VALUES (228, 'Huỳnh Xuân Nhung');
INSERT INTO Cast_Member (movieid, "cast") VALUES (228, 'Phạm Anh Lan');
INSERT INTO Cast_Member (movieid, "cast") VALUES (228, 'Hoàng Minh Khánh');
INSERT INTO Cast_Member (movieid, "cast") VALUES (229, 'Hoàng Tuấn Phong');
INSERT INTO Cast_Member (movieid, "cast") VALUES (229, 'Lý Thu Khánh');
INSERT INTO Cast_Member (movieid, "cast") VALUES (229, 'Phạm Đình Linh');
INSERT INTO Cast_Member (movieid, "cast") VALUES (229, 'Lê Tuấn Khánh');
INSERT INTO Cast_Member (movieid, "cast") VALUES (230, 'Đặng Thu Nhung');
INSERT INTO Cast_Member (movieid, "cast") VALUES (230, 'Võ Hải Nhung');
INSERT INTO Cast_Member (movieid, "cast") VALUES (231, 'Ngô Tuấn Hoa');
INSERT INTO Cast_Member (movieid, "cast") VALUES (231, 'Võ Thanh Đạt');
INSERT INTO Cast_Member (movieid, "cast") VALUES (232, 'Đỗ Thanh Hoa');
INSERT INTO Cast_Member (movieid, "cast") VALUES (232, 'Hoàng Văn Sơn');
INSERT INTO Cast_Member (movieid, "cast") VALUES (232, 'Hồ Bảo Trang');
INSERT INTO Cast_Member (movieid, "cast") VALUES (232, 'Vũ Đình Nam');
INSERT INTO Cast_Member (movieid, "cast") VALUES (233, 'Phan Xuân Nhung');
INSERT INTO Cast_Member (movieid, "cast") VALUES (233, 'Lê Thanh Ngọc');
INSERT INTO Cast_Member (movieid, "cast") VALUES (233, 'Võ Hải Trang');
INSERT INTO Cast_Member (movieid, "cast") VALUES (233, 'Vũ Đình Hải');
INSERT INTO Cast_Member (movieid, "cast") VALUES (234, 'Nguyễn Xuân Phong');
INSERT INTO Cast_Member (movieid, "cast") VALUES (234, 'Bùi Mai Sơn');
INSERT INTO Cast_Member (movieid, "cast") VALUES (235, 'Ngô Anh Huy');
INSERT INTO Cast_Member (movieid, "cast") VALUES (235, 'Bùi Đình Dũng');
INSERT INTO Cast_Member (movieid, "cast") VALUES (236, 'Nguyễn Hoàng Khánh');
INSERT INTO Cast_Member (movieid, "cast") VALUES (236, 'Bùi Xuân Tuấn');
INSERT INTO Cast_Member (movieid, "cast") VALUES (237, 'Nguyễn Tuấn Linh');
INSERT INTO Cast_Member (movieid, "cast") VALUES (237, 'Đỗ Văn Ngọc');
INSERT INTO Cast_Member (movieid, "cast") VALUES (238, 'Đỗ Thị Đạt');
INSERT INTO Cast_Member (movieid, "cast") VALUES (238, 'Dương Đình Anh');
INSERT INTO Cast_Member (movieid, "cast") VALUES (238, 'Phan Gia Anh');
INSERT INTO Cast_Member (movieid, "cast") VALUES (238, 'Lê Tuấn Sơn');
INSERT INTO Cast_Member (movieid, "cast") VALUES (239, 'Lê Thu Hải');
INSERT INTO Cast_Member (movieid, "cast") VALUES (239, 'Đỗ Hữu Tuấn');
INSERT INTO Cast_Member (movieid, "cast") VALUES (239, 'Bùi Hải Nhung');
INSERT INTO Cast_Member (movieid, "cast") VALUES (240, 'Lý Tuấn Dũng');
INSERT INTO Cast_Member (movieid, "cast") VALUES (240, 'Vũ Hải Hoa');
INSERT INTO Cast_Member (movieid, "cast") VALUES (240, 'Phạm Đình Linh');
INSERT INTO Cast_Member (movieid, "cast") VALUES (240, 'Võ Thu Lan');
INSERT INTO Cast_Member (movieid, "cast") VALUES (241, 'Đặng Đức Linh');
INSERT INTO Cast_Member (movieid, "cast") VALUES (241, 'Hồ Hoàng Thảo');
INSERT INTO Cast_Member (movieid, "cast") VALUES (242, 'Bùi Anh Nhung');
INSERT INTO Cast_Member (movieid, "cast") VALUES (242, 'Hồ Hữu Khánh');
INSERT INTO Cast_Member (movieid, "cast") VALUES (242, 'Phan Bảo Trang');
INSERT INTO Cast_Member (movieid, "cast") VALUES (243, 'Vũ Văn Phong');
INSERT INTO Cast_Member (movieid, "cast") VALUES (243, 'Phạm Văn Anh');
INSERT INTO Cast_Member (movieid, "cast") VALUES (243, 'Huỳnh Thị Anh');
INSERT INTO Cast_Member (movieid, "cast") VALUES (244, 'Phan Tuấn Huy');
INSERT INTO Cast_Member (movieid, "cast") VALUES (244, 'Võ Minh Đạt');
INSERT INTO Cast_Member (movieid, "cast") VALUES (245, 'Hồ Xuân Nhung');
INSERT INTO Cast_Member (movieid, "cast") VALUES (245, 'Đỗ Thu Linh');
INSERT INTO Cast_Member (movieid, "cast") VALUES (246, 'Phạm Thu Hà');
INSERT INTO Cast_Member (movieid, "cast") VALUES (246, 'Vũ Đức Anh');
INSERT INTO Cast_Member (movieid, "cast") VALUES (247, 'Huỳnh Bảo Tuấn');
INSERT INTO Cast_Member (movieid, "cast") VALUES (247, 'Lý Thu Huy');
INSERT INTO Cast_Member (movieid, "cast") VALUES (247, 'Hồ Hải Dũng');
INSERT INTO Cast_Member (movieid, "cast") VALUES (247, 'Huỳnh Thu Việt');
INSERT INTO Cast_Member (movieid, "cast") VALUES (248, 'Hồ Hải Phong');
INSERT INTO Cast_Member (movieid, "cast") VALUES (248, 'Hồ Văn Ngọc');
INSERT INTO Cast_Member (movieid, "cast") VALUES (249, 'Nguyễn Mai Đạt');
INSERT INTO Cast_Member (movieid, "cast") VALUES (249, 'Lê Tuấn Việt');
INSERT INTO Cast_Member (movieid, "cast") VALUES (249, 'Nguyễn Tuấn Hải');
INSERT INTO Cast_Member (movieid, "cast") VALUES (249, 'Huỳnh Thu Đạt');
INSERT INTO Cast_Member (movieid, "cast") VALUES (250, 'Dương Thái Lan');
INSERT INTO Cast_Member (movieid, "cast") VALUES (250, 'Nguyễn Hoàng Nhung');
INSERT INTO Cast_Member (movieid, "cast") VALUES (250, 'Lý Thúy Dũng');
INSERT INTO Cast_Member (movieid, "cast") VALUES (251, 'Đỗ Thái Dũng');
INSERT INTO Cast_Member (movieid, "cast") VALUES (251, 'Hoàng Đình Cường');
INSERT INTO Cast_Member (movieid, "cast") VALUES (251, 'Lý Hải Khánh');
INSERT INTO Cast_Member (movieid, "cast") VALUES (252, 'Hoàng Ngọc Hoa');
INSERT INTO Cast_Member (movieid, "cast") VALUES (252, 'Nguyễn Đình Nam');
INSERT INTO Cast_Member (movieid, "cast") VALUES (252, 'Hồ Thái Việt');
INSERT INTO Cast_Member (movieid, "cast") VALUES (252, 'Ngô Thái Khánh');
INSERT INTO Cast_Member (movieid, "cast") VALUES (253, 'Đặng Minh Linh');
INSERT INTO Cast_Member (movieid, "cast") VALUES (253, 'Đặng Hữu Hải');
INSERT INTO Cast_Member (movieid, "cast") VALUES (254, 'Phan Đình Thảo');
INSERT INTO Cast_Member (movieid, "cast") VALUES (254, 'Trần Tuấn Hải');
INSERT INTO Cast_Member (movieid, "cast") VALUES (255, 'Đặng Thị Nam');
INSERT INTO Cast_Member (movieid, "cast") VALUES (255, 'Lý Thanh Hà');
INSERT INTO Cast_Member (movieid, "cast") VALUES (256, 'Hồ Xuân Khánh');
INSERT INTO Cast_Member (movieid, "cast") VALUES (256, 'Nguyễn Mai Dũng');
INSERT INTO Cast_Member (movieid, "cast") VALUES (257, 'Hồ Hữu Cường');
INSERT INTO Cast_Member (movieid, "cast") VALUES (257, 'Lý Anh Linh');
INSERT INTO Cast_Member (movieid, "cast") VALUES (257, 'Trần Hữu Thảo');
INSERT INTO Cast_Member (movieid, "cast") VALUES (257, 'Đặng Xuân Hà');
INSERT INTO Cast_Member (movieid, "cast") VALUES (258, 'Võ Thu Huy');
INSERT INTO Cast_Member (movieid, "cast") VALUES (258, 'Đặng Thúy Đạt');
INSERT INTO Cast_Member (movieid, "cast") VALUES (259, 'Võ Gia Cường');
INSERT INTO Cast_Member (movieid, "cast") VALUES (259, 'Ngô Đức Nhung');
INSERT INTO Cast_Member (movieid, "cast") VALUES (259, 'Bùi Văn Hải');
INSERT INTO Cast_Member (movieid, "cast") VALUES (260, 'Phạm Đình Tuấn');
INSERT INTO Cast_Member (movieid, "cast") VALUES (260, 'Vũ Minh Hải');
INSERT INTO Cast_Member (movieid, "cast") VALUES (261, 'Đặng Thu Hà');
INSERT INTO Cast_Member (movieid, "cast") VALUES (261, 'Đặng Đình Hoa');
INSERT INTO Cast_Member (movieid, "cast") VALUES (262, 'Đặng Văn Hải');
INSERT INTO Cast_Member (movieid, "cast") VALUES (262, 'Trần Minh Thảo');
INSERT INTO Cast_Member (movieid, "cast") VALUES (262, 'Hoàng Ngọc Phong');
INSERT INTO Cast_Member (movieid, "cast") VALUES (263, 'Đặng Hải Việt');
INSERT INTO Cast_Member (movieid, "cast") VALUES (263, 'Bùi Thúy Việt');
INSERT INTO Cast_Member (movieid, "cast") VALUES (263, 'Nguyễn Thúy Lan');
INSERT INTO Cast_Member (movieid, "cast") VALUES (264, 'Dương Đức Hải');
INSERT INTO Cast_Member (movieid, "cast") VALUES (264, 'Bùi Mai Việt');
INSERT INTO Cast_Member (movieid, "cast") VALUES (264, 'Hồ Xuân Nhung');
INSERT INTO Cast_Member (movieid, "cast") VALUES (265, 'Hoàng Hữu Anh');
INSERT INTO Cast_Member (movieid, "cast") VALUES (265, 'Bùi Thị Linh');
INSERT INTO Cast_Member (movieid, "cast") VALUES (266, 'Đặng Thu Tuấn');
INSERT INTO Cast_Member (movieid, "cast") VALUES (266, 'Bùi Văn Anh');
INSERT INTO Cast_Member (movieid, "cast") VALUES (267, 'Bùi Anh Lan');
INSERT INTO Cast_Member (movieid, "cast") VALUES (267, 'Hoàng Đức Việt');
INSERT INTO Cast_Member (movieid, "cast") VALUES (267, 'Vũ Ngọc Thảo');
INSERT INTO Cast_Member (movieid, "cast") VALUES (267, 'Hồ Đức Hải');
INSERT INTO Cast_Member (movieid, "cast") VALUES (268, 'Phan Anh Hà');
INSERT INTO Cast_Member (movieid, "cast") VALUES (268, 'Dương Hải Nhung');
INSERT INTO Cast_Member (movieid, "cast") VALUES (268, 'Bùi Minh Hải');
INSERT INTO Cast_Member (movieid, "cast") VALUES (268, 'Hồ Thị Hải');
INSERT INTO Cast_Member (movieid, "cast") VALUES (269, 'Hồ Hải Hải');
INSERT INTO Cast_Member (movieid, "cast") VALUES (269, 'Võ Văn Hải');
INSERT INTO Cast_Member (movieid, "cast") VALUES (269, 'Đỗ Xuân Khánh');
INSERT INTO Cast_Member (movieid, "cast") VALUES (269, 'Hoàng Thu Việt');
INSERT INTO Cast_Member (movieid, "cast") VALUES (270, 'Lý Tuấn Đạt');
INSERT INTO Cast_Member (movieid, "cast") VALUES (270, 'Lê Minh Nhung');
INSERT INTO Cast_Member (movieid, "cast") VALUES (270, 'Phạm Thu Dũng');
INSERT INTO Cast_Member (movieid, "cast") VALUES (270, 'Hoàng Hải Hoa');
INSERT INTO Cast_Member (movieid, "cast") VALUES (271, 'Bùi Thu Hải');
INSERT INTO Cast_Member (movieid, "cast") VALUES (271, 'Phạm Ngọc Nam');
INSERT INTO Cast_Member (movieid, "cast") VALUES (272, 'Dương Anh Nam');
INSERT INTO Cast_Member (movieid, "cast") VALUES (272, 'Bùi Đức Anh');
INSERT INTO Cast_Member (movieid, "cast") VALUES (272, 'Nguyễn Mai Anh');
INSERT INTO Cast_Member (movieid, "cast") VALUES (272, 'Phan Thị Đạt');
INSERT INTO Cast_Member (movieid, "cast") VALUES (273, 'Võ Thanh Hà');
INSERT INTO Cast_Member (movieid, "cast") VALUES (273, 'Trần Bảo Hoa');
INSERT INTO Cast_Member (movieid, "cast") VALUES (273, 'Phạm Tuấn Cường');
INSERT INTO Cast_Member (movieid, "cast") VALUES (274, 'Hoàng Tuấn Linh');
INSERT INTO Cast_Member (movieid, "cast") VALUES (274, 'Hoàng Minh Sơn');
INSERT INTO Cast_Member (movieid, "cast") VALUES (274, 'Vũ Minh Phong');
INSERT INTO Cast_Member (movieid, "cast") VALUES (275, 'Dương Đức Thảo');
INSERT INTO Cast_Member (movieid, "cast") VALUES (275, 'Ngô Minh Nhung');
INSERT INTO Cast_Member (movieid, "cast") VALUES (275, 'Bùi Ngọc Tuấn');
INSERT INTO Cast_Member (movieid, "cast") VALUES (275, 'Ngô Anh Tuấn');
INSERT INTO Cast_Member (movieid, "cast") VALUES (276, 'Hồ Anh Thảo');
INSERT INTO Cast_Member (movieid, "cast") VALUES (276, 'Dương Thái Trang');
INSERT INTO Cast_Member (movieid, "cast") VALUES (276, 'Hoàng Bảo Huy');
INSERT INTO Cast_Member (movieid, "cast") VALUES (277, 'Nguyễn Bảo Huy');
INSERT INTO Cast_Member (movieid, "cast") VALUES (277, 'Vũ Ngọc Thảo');
INSERT INTO Cast_Member (movieid, "cast") VALUES (277, 'Trần Thanh Nhung');
INSERT INTO Cast_Member (movieid, "cast") VALUES (278, 'Phan Xuân Khánh');
INSERT INTO Cast_Member (movieid, "cast") VALUES (278, 'Vũ Thị Nam');
INSERT INTO Cast_Member (movieid, "cast") VALUES (279, 'Ngô Ngọc Tuấn');
INSERT INTO Cast_Member (movieid, "cast") VALUES (279, 'Đỗ Minh Huy');
INSERT INTO Cast_Member (movieid, "cast") VALUES (279, 'Ngô Thanh Nam');
INSERT INTO Cast_Member (movieid, "cast") VALUES (279, 'Phan Thái Huy');
INSERT INTO Cast_Member (movieid, "cast") VALUES (280, 'Huỳnh Hải Phong');
INSERT INTO Cast_Member (movieid, "cast") VALUES (280, 'Bùi Bảo Phong');
INSERT INTO Cast_Member (movieid, "cast") VALUES (280, 'Ngô Tuấn Phong');
INSERT INTO Cast_Member (movieid, "cast") VALUES (281, 'Vũ Ngọc Tuấn');
INSERT INTO Cast_Member (movieid, "cast") VALUES (281, 'Trần Minh Phong');
INSERT INTO Cast_Member (movieid, "cast") VALUES (281, 'Lê Thúy Dũng');
INSERT INTO Cast_Member (movieid, "cast") VALUES (281, 'Phạm Gia Hải');
INSERT INTO Cast_Member (movieid, "cast") VALUES (282, 'Hồ Đình Trang');
INSERT INTO Cast_Member (movieid, "cast") VALUES (282, 'Đặng Mai Hải');
INSERT INTO Cast_Member (movieid, "cast") VALUES (283, 'Nguyễn Anh Hải');
INSERT INTO Cast_Member (movieid, "cast") VALUES (283, 'Phan Thanh Hải');
INSERT INTO Cast_Member (movieid, "cast") VALUES (284, 'Đỗ Gia Cường');
INSERT INTO Cast_Member (movieid, "cast") VALUES (284, 'Vũ Thúy Dũng');
INSERT INTO Cast_Member (movieid, "cast") VALUES (285, 'Phạm Thị Hải');
INSERT INTO Cast_Member (movieid, "cast") VALUES (285, 'Bùi Hải Cường');
INSERT INTO Cast_Member (movieid, "cast") VALUES (286, 'Phan Văn Cường');
INSERT INTO Cast_Member (movieid, "cast") VALUES (286, 'Đặng Thị Hải');
INSERT INTO Cast_Member (movieid, "cast") VALUES (286, 'Dương Xuân Sơn');
INSERT INTO Cast_Member (movieid, "cast") VALUES (286, 'Trần Gia Huy');
INSERT INTO Cast_Member (movieid, "cast") VALUES (287, 'Ngô Thái Ngọc');
INSERT INTO Cast_Member (movieid, "cast") VALUES (287, 'Lê Gia Nam');
INSERT INTO Cast_Member (movieid, "cast") VALUES (287, 'Hồ Hoàng Khánh');
INSERT INTO Cast_Member (movieid, "cast") VALUES (287, 'Phan Hoàng Hoa');
INSERT INTO Cast_Member (movieid, "cast") VALUES (288, 'Ngô Thúy Khánh');
INSERT INTO Cast_Member (movieid, "cast") VALUES (288, 'Hoàng Hữu Anh');
INSERT INTO Cast_Member (movieid, "cast") VALUES (288, 'Đỗ Ngọc Anh');
INSERT INTO Cast_Member (movieid, "cast") VALUES (289, 'Vũ Thanh Lan');
INSERT INTO Cast_Member (movieid, "cast") VALUES (289, 'Đỗ Thu Linh');
INSERT INTO Cast_Member (movieid, "cast") VALUES (290, 'Lê Văn Lan');
INSERT INTO Cast_Member (movieid, "cast") VALUES (290, 'Đỗ Thúy Hoa');
INSERT INTO Cast_Member (movieid, "cast") VALUES (290, 'Đỗ Thu Cường');
INSERT INTO Cast_Member (movieid, "cast") VALUES (291, 'Bùi Mai Anh');
INSERT INTO Cast_Member (movieid, "cast") VALUES (291, 'Lê Thúy Hà');
INSERT INTO Cast_Member (movieid, "cast") VALUES (291, 'Phan Hoàng Phong');
INSERT INTO Cast_Member (movieid, "cast") VALUES (291, 'Dương Tuấn Huy');
INSERT INTO Cast_Member (movieid, "cast") VALUES (292, 'Dương Hoàng Dũng');
INSERT INTO Cast_Member (movieid, "cast") VALUES (292, 'Trần Thanh Cường');
INSERT INTO Cast_Member (movieid, "cast") VALUES (293, 'Đặng Đình Dũng');
INSERT INTO Cast_Member (movieid, "cast") VALUES (293, 'Dương Đình Cường');
INSERT INTO Cast_Member (movieid, "cast") VALUES (293, 'Dương Ngọc Nam');
INSERT INTO Cast_Member (movieid, "cast") VALUES (293, 'Phạm Thu Nhung');
INSERT INTO Cast_Member (movieid, "cast") VALUES (294, 'Hoàng Thái Hải');
INSERT INTO Cast_Member (movieid, "cast") VALUES (294, 'Dương Thị Trang');
INSERT INTO Cast_Member (movieid, "cast") VALUES (294, 'Võ Tuấn Khánh');
INSERT INTO Cast_Member (movieid, "cast") VALUES (295, 'Lý Xuân Đạt');
INSERT INTO Cast_Member (movieid, "cast") VALUES (295, 'Huỳnh Thái Phong');
INSERT INTO Cast_Member (movieid, "cast") VALUES (295, 'Hồ Đình Nhung');
INSERT INTO Cast_Member (movieid, "cast") VALUES (295, 'Dương Thị Hà');
INSERT INTO Cast_Member (movieid, "cast") VALUES (296, 'Dương Thu Việt');
INSERT INTO Cast_Member (movieid, "cast") VALUES (296, 'Nguyễn Tuấn Khánh');
INSERT INTO Cast_Member (movieid, "cast") VALUES (296, 'Hoàng Thanh Ngọc');
INSERT INTO Cast_Member (movieid, "cast") VALUES (297, 'Nguyễn Thúy Nhung');
INSERT INTO Cast_Member (movieid, "cast") VALUES (297, 'Võ Gia Hải');
INSERT INTO Cast_Member (movieid, "cast") VALUES (297, 'Bùi Gia Phong');
INSERT INTO Cast_Member (movieid, "cast") VALUES (298, 'Huỳnh Thị Ngọc');
INSERT INTO Cast_Member (movieid, "cast") VALUES (298, 'Lê Thị Dũng');
INSERT INTO Cast_Member (movieid, "cast") VALUES (299, 'Nguyễn Thanh Linh');
INSERT INTO Cast_Member (movieid, "cast") VALUES (299, 'Võ Tuấn Thảo');
INSERT INTO Cast_Member (movieid, "cast") VALUES (300, 'Đỗ Tuấn Hà');
INSERT INTO Cast_Member (movieid, "cast") VALUES (300, 'Lý Thanh Dũng');
INSERT INTO Cast_Member (movieid, "cast") VALUES (301, 'Hoàng Thái Anh');
INSERT INTO Cast_Member (movieid, "cast") VALUES (301, 'Dương Đình Hải');
INSERT INTO Cast_Member (movieid, "cast") VALUES (301, 'Nguyễn Thúy Tuấn');
INSERT INTO Cast_Member (movieid, "cast") VALUES (301, 'Ngô Thu Hải');
INSERT INTO Cast_Member (movieid, "cast") VALUES (302, 'Hồ Xuân Khánh');
INSERT INTO Cast_Member (movieid, "cast") VALUES (302, 'Dương Xuân Linh');
INSERT INTO Cast_Member (movieid, "cast") VALUES (302, 'Hồ Văn Lan');
INSERT INTO Cast_Member (movieid, "cast") VALUES (303, 'Đặng Thanh Cường');
INSERT INTO Cast_Member (movieid, "cast") VALUES (303, 'Đỗ Thị Phong');
INSERT INTO Cast_Member (movieid, "cast") VALUES (303, 'Phan Thanh Lan');
INSERT INTO Cast_Member (movieid, "cast") VALUES (304, 'Ngô Xuân Anh');
INSERT INTO Cast_Member (movieid, "cast") VALUES (304, 'Trần Mai Hải');
INSERT INTO Cast_Member (movieid, "cast") VALUES (305, 'Phạm Mai Hà');
INSERT INTO Cast_Member (movieid, "cast") VALUES (305, 'Trần Mai Cường');
INSERT INTO Cast_Member (movieid, "cast") VALUES (305, 'Ngô Đức Linh');
INSERT INTO Cast_Member (movieid, "cast") VALUES (306, 'Huỳnh Bảo Anh');
INSERT INTO Cast_Member (movieid, "cast") VALUES (306, 'Đỗ Xuân Ngọc');
INSERT INTO Cast_Member (movieid, "cast") VALUES (306, 'Đặng Minh Tuấn');
INSERT INTO Cast_Member (movieid, "cast") VALUES (307, 'Lê Thúy Trang');
INSERT INTO Cast_Member (movieid, "cast") VALUES (307, 'Vũ Văn Ngọc');
INSERT INTO Cast_Member (movieid, "cast") VALUES (308, 'Phạm Anh Khánh');
INSERT INTO Cast_Member (movieid, "cast") VALUES (308, 'Phạm Mai Thảo');
INSERT INTO Cast_Member (movieid, "cast") VALUES (308, 'Trần Anh Khánh');
INSERT INTO Cast_Member (movieid, "cast") VALUES (308, 'Đặng Thu Hải');
INSERT INTO Cast_Member (movieid, "cast") VALUES (309, 'Đặng Thu Khánh');
INSERT INTO Cast_Member (movieid, "cast") VALUES (309, 'Phan Gia Ngọc');
INSERT INTO Cast_Member (movieid, "cast") VALUES (310, 'Bùi Văn Linh');
INSERT INTO Cast_Member (movieid, "cast") VALUES (310, 'Hoàng Văn Nhung');
INSERT INTO Cast_Member (movieid, "cast") VALUES (310, 'Vũ Đình Việt');
INSERT INTO Cast_Member (movieid, "cast") VALUES (311, 'Đỗ Minh Ngọc');
INSERT INTO Cast_Member (movieid, "cast") VALUES (311, 'Bùi Bảo Sơn');
INSERT INTO Cast_Member (movieid, "cast") VALUES (311, 'Bùi Bảo Tuấn');
INSERT INTO Cast_Member (movieid, "cast") VALUES (311, 'Hồ Hải Tuấn');
INSERT INTO Cast_Member (movieid, "cast") VALUES (312, 'Dương Thúy Lan');
INSERT INTO Cast_Member (movieid, "cast") VALUES (312, 'Hoàng Mai Sơn');
INSERT INTO Cast_Member (movieid, "cast") VALUES (312, 'Phạm Anh Hà');
INSERT INTO Cast_Member (movieid, "cast") VALUES (312, 'Lý Gia Khánh');
INSERT INTO Cast_Member (movieid, "cast") VALUES (313, 'Lý Thu Nhung');
INSERT INTO Cast_Member (movieid, "cast") VALUES (313, 'Lý Ngọc Linh');
INSERT INTO Cast_Member (movieid, "cast") VALUES (313, 'Phạm Đình Lan');
INSERT INTO Cast_Member (movieid, "cast") VALUES (314, 'Phạm Xuân Tuấn');
INSERT INTO Cast_Member (movieid, "cast") VALUES (314, 'Nguyễn Minh Nhung');
INSERT INTO Cast_Member (movieid, "cast") VALUES (315, 'Võ Thu Hoa');
INSERT INTO Cast_Member (movieid, "cast") VALUES (315, 'Lý Hải Phong');
INSERT INTO Cast_Member (movieid, "cast") VALUES (316, 'Đỗ Xuân Nhung');
INSERT INTO Cast_Member (movieid, "cast") VALUES (316, 'Dương Mai Nam');
INSERT INTO Cast_Member (movieid, "cast") VALUES (316, 'Ngô Hoàng Việt');
INSERT INTO Cast_Member (movieid, "cast") VALUES (316, 'Phạm Thanh Ngọc');
INSERT INTO Cast_Member (movieid, "cast") VALUES (317, 'Hoàng Thái Trang');
INSERT INTO Cast_Member (movieid, "cast") VALUES (317, 'Huỳnh Anh Anh');
INSERT INTO Cast_Member (movieid, "cast") VALUES (318, 'Trần Thị Hà');
INSERT INTO Cast_Member (movieid, "cast") VALUES (318, 'Đặng Minh Khánh');
INSERT INTO Cast_Member (movieid, "cast") VALUES (318, 'Trần Bảo Trang');
INSERT INTO Cast_Member (movieid, "cast") VALUES (319, 'Ngô Thái Nhung');
INSERT INTO Cast_Member (movieid, "cast") VALUES (319, 'Phạm Hữu Dũng');
INSERT INTO Cast_Member (movieid, "cast") VALUES (319, 'Đỗ Thanh Hải');
INSERT INTO Cast_Member (movieid, "cast") VALUES (319, 'Huỳnh Bảo Lan');
INSERT INTO Cast_Member (movieid, "cast") VALUES (320, 'Bùi Tuấn Việt');
INSERT INTO Cast_Member (movieid, "cast") VALUES (320, 'Bùi Thúy Hà');
INSERT INTO Cast_Member (movieid, "cast") VALUES (321, 'Hồ Gia Sơn');
INSERT INTO Cast_Member (movieid, "cast") VALUES (321, 'Đặng Thanh Thảo');
INSERT INTO Cast_Member (movieid, "cast") VALUES (321, 'Đặng Hữu Cường');
INSERT INTO Cast_Member (movieid, "cast") VALUES (321, 'Ngô Hữu Trang');
INSERT INTO Cast_Member (movieid, "cast") VALUES (322, 'Lê Thái Anh');
INSERT INTO Cast_Member (movieid, "cast") VALUES (322, 'Đỗ Văn Ngọc');
INSERT INTO Cast_Member (movieid, "cast") VALUES (323, 'Phạm Văn Linh');
INSERT INTO Cast_Member (movieid, "cast") VALUES (323, 'Dương Hoàng Hà');
INSERT INTO Cast_Member (movieid, "cast") VALUES (323, 'Ngô Thị Khánh');
INSERT INTO Cast_Member (movieid, "cast") VALUES (323, 'Lý Thị Hải');
INSERT INTO Cast_Member (movieid, "cast") VALUES (324, 'Đỗ Minh Hà');
INSERT INTO Cast_Member (movieid, "cast") VALUES (324, 'Đặng Gia Huy');
INSERT INTO Cast_Member (movieid, "cast") VALUES (325, 'Phan Đình Lan');
INSERT INTO Cast_Member (movieid, "cast") VALUES (325, 'Phạm Minh Đạt');
INSERT INTO Cast_Member (movieid, "cast") VALUES (326, 'Phạm Gia Cường');
INSERT INTO Cast_Member (movieid, "cast") VALUES (326, 'Phạm Hải Trang');
INSERT INTO Cast_Member (movieid, "cast") VALUES (326, 'Lý Văn Việt');
INSERT INTO Cast_Member (movieid, "cast") VALUES (327, 'Vũ Thúy Anh');
INSERT INTO Cast_Member (movieid, "cast") VALUES (327, 'Lý Gia Anh');
INSERT INTO Cast_Member (movieid, "cast") VALUES (327, 'Bùi Đức Trang');
INSERT INTO Cast_Member (movieid, "cast") VALUES (328, 'Đặng Thu Đạt');
INSERT INTO Cast_Member (movieid, "cast") VALUES (328, 'Đặng Minh Phong');
INSERT INTO Cast_Member (movieid, "cast") VALUES (328, 'Hoàng Thị Hà');
INSERT INTO Cast_Member (movieid, "cast") VALUES (328, 'Trần Hải Dũng');
INSERT INTO Cast_Member (movieid, "cast") VALUES (329, 'Lý Hoàng Lan');
INSERT INTO Cast_Member (movieid, "cast") VALUES (329, 'Đỗ Tuấn Hải');
INSERT INTO Cast_Member (movieid, "cast") VALUES (329, 'Lê Văn Nam');
INSERT INTO Cast_Member (movieid, "cast") VALUES (330, 'Lê Ngọc Trang');
INSERT INTO Cast_Member (movieid, "cast") VALUES (330, 'Phan Thị Huy');
INSERT INTO Cast_Member (movieid, "cast") VALUES (330, 'Lê Anh Linh');
INSERT INTO Cast_Member (movieid, "cast") VALUES (330, 'Đỗ Ngọc Dũng');
INSERT INTO Cast_Member (movieid, "cast") VALUES (331, 'Phạm Hải Phong');
INSERT INTO Cast_Member (movieid, "cast") VALUES (331, 'Dương Thúy Lan');
INSERT INTO Cast_Member (movieid, "cast") VALUES (331, 'Phan Thái Thảo');
INSERT INTO Cast_Member (movieid, "cast") VALUES (332, 'Trần Thúy Trang');
INSERT INTO Cast_Member (movieid, "cast") VALUES (332, 'Hồ Gia Lan');
INSERT INTO Cast_Member (movieid, "cast") VALUES (332, 'Phạm Tuấn Dũng');
INSERT INTO Cast_Member (movieid, "cast") VALUES (332, 'Nguyễn Đình Lan');
INSERT INTO Cast_Member (movieid, "cast") VALUES (333, 'Hồ Đình Trang');
INSERT INTO Cast_Member (movieid, "cast") VALUES (333, 'Võ Hải Lan');
INSERT INTO Cast_Member (movieid, "cast") VALUES (333, 'Hoàng Gia Thảo');
INSERT INTO Cast_Member (movieid, "cast") VALUES (334, 'Hồ Thu Nam');
INSERT INTO Cast_Member (movieid, "cast") VALUES (334, 'Đỗ Bảo Lan');
INSERT INTO Cast_Member (movieid, "cast") VALUES (334, 'Nguyễn Thúy Linh');
INSERT INTO Cast_Member (movieid, "cast") VALUES (334, 'Hoàng Đức Hoa');
INSERT INTO Cast_Member (movieid, "cast") VALUES (335, 'Đặng Ngọc Huy');
INSERT INTO Cast_Member (movieid, "cast") VALUES (335, 'Phạm Thúy Nhung');
INSERT INTO Cast_Member (movieid, "cast") VALUES (336, 'Võ Hải Thảo');
INSERT INTO Cast_Member (movieid, "cast") VALUES (336, 'Phạm Đức Khánh');
INSERT INTO Cast_Member (movieid, "cast") VALUES (336, 'Võ Thái Khánh');
INSERT INTO Cast_Member (movieid, "cast") VALUES (336, 'Hoàng Thị Đạt');
INSERT INTO Cast_Member (movieid, "cast") VALUES (337, 'Phan Ngọc Anh');
INSERT INTO Cast_Member (movieid, "cast") VALUES (337, 'Võ Minh Khánh');
INSERT INTO Cast_Member (movieid, "cast") VALUES (337, 'Trần Thanh Trang');
INSERT INTO Cast_Member (movieid, "cast") VALUES (338, 'Huỳnh Thu Linh');
INSERT INTO Cast_Member (movieid, "cast") VALUES (338, 'Đặng Minh Nam');
INSERT INTO Cast_Member (movieid, "cast") VALUES (338, 'Trần Thị Huy');
INSERT INTO Cast_Member (movieid, "cast") VALUES (338, 'Hoàng Minh Hoa');
INSERT INTO Cast_Member (movieid, "cast") VALUES (339, 'Lý Hữu Lan');
INSERT INTO Cast_Member (movieid, "cast") VALUES (339, 'Lê Thị Nam');
INSERT INTO Cast_Member (movieid, "cast") VALUES (339, 'Lý Hoàng Thảo');
INSERT INTO Cast_Member (movieid, "cast") VALUES (339, 'Huỳnh Văn Lan');
INSERT INTO Cast_Member (movieid, "cast") VALUES (340, 'Đỗ Hải Lan');
INSERT INTO Cast_Member (movieid, "cast") VALUES (340, 'Phạm Ngọc Sơn');
INSERT INTO Cast_Member (movieid, "cast") VALUES (340, 'Đặng Tuấn Anh');
INSERT INTO Cast_Member (movieid, "cast") VALUES (340, 'Lê Mai Hải');
INSERT INTO Cast_Member (movieid, "cast") VALUES (341, 'Lê Thanh Nhung');
INSERT INTO Cast_Member (movieid, "cast") VALUES (341, 'Ngô Ngọc Trang');
INSERT INTO Cast_Member (movieid, "cast") VALUES (341, 'Trần Gia Đạt');
INSERT INTO Cast_Member (movieid, "cast") VALUES (342, 'Bùi Xuân Ngọc');
INSERT INTO Cast_Member (movieid, "cast") VALUES (342, 'Võ Minh Nhung');
INSERT INTO Cast_Member (movieid, "cast") VALUES (342, 'Ngô Ngọc Thảo');
INSERT INTO Cast_Member (movieid, "cast") VALUES (342, 'Hoàng Anh Nhung');
INSERT INTO Cast_Member (movieid, "cast") VALUES (343, 'Đặng Đức Đạt');
INSERT INTO Cast_Member (movieid, "cast") VALUES (343, 'Nguyễn Anh Hà');
INSERT INTO Cast_Member (movieid, "cast") VALUES (344, 'Dương Minh Thảo');
INSERT INTO Cast_Member (movieid, "cast") VALUES (344, 'Huỳnh Hải Khánh');
INSERT INTO Cast_Member (movieid, "cast") VALUES (344, 'Ngô Thúy Cường');
INSERT INTO Cast_Member (movieid, "cast") VALUES (345, 'Dương Xuân Huy');
INSERT INTO Cast_Member (movieid, "cast") VALUES (345, 'Trần Hữu Nam');
INSERT INTO Cast_Member (movieid, "cast") VALUES (345, 'Huỳnh Ngọc Đạt');
INSERT INTO Cast_Member (movieid, "cast") VALUES (345, 'Võ Hữu Tuấn');
INSERT INTO Cast_Member (movieid, "cast") VALUES (346, 'Lý Thái Anh');
INSERT INTO Cast_Member (movieid, "cast") VALUES (346, 'Lê Hải Ngọc');
INSERT INTO Cast_Member (movieid, "cast") VALUES (347, 'Huỳnh Xuân Nam');
INSERT INTO Cast_Member (movieid, "cast") VALUES (347, 'Lý Mai Phong');
INSERT INTO Cast_Member (movieid, "cast") VALUES (347, 'Vũ Thúy Lan');
INSERT INTO Cast_Member (movieid, "cast") VALUES (348, 'Đỗ Mai Khánh');
INSERT INTO Cast_Member (movieid, "cast") VALUES (348, 'Lý Mai Cường');
INSERT INTO Cast_Member (movieid, "cast") VALUES (348, 'Hoàng Xuân Đạt');
INSERT INTO Cast_Member (movieid, "cast") VALUES (348, 'Dương Bảo Cường');
INSERT INTO Cast_Member (movieid, "cast") VALUES (349, 'Lý Bảo Hà');
INSERT INTO Cast_Member (movieid, "cast") VALUES (349, 'Lý Văn Ngọc');
INSERT INTO Cast_Member (movieid, "cast") VALUES (349, 'Lê Tuấn Nam');
INSERT INTO Cast_Member (movieid, "cast") VALUES (350, 'Đỗ Thanh Tuấn');
INSERT INTO Cast_Member (movieid, "cast") VALUES (350, 'Vũ Văn Linh');
INSERT INTO Cast_Member (movieid, "cast") VALUES (351, 'Trần Hoàng Linh');
INSERT INTO Cast_Member (movieid, "cast") VALUES (351, 'Phạm Gia Anh');
INSERT INTO Cast_Member (movieid, "cast") VALUES (351, 'Vũ Thu Dũng');
INSERT INTO Cast_Member (movieid, "cast") VALUES (352, 'Lý Gia Nam');
INSERT INTO Cast_Member (movieid, "cast") VALUES (352, 'Lý Tuấn Linh');
INSERT INTO Cast_Member (movieid, "cast") VALUES (353, 'Ngô Tuấn Trang');
INSERT INTO Cast_Member (movieid, "cast") VALUES (353, 'Hồ Minh Trang');
INSERT INTO Cast_Member (movieid, "cast") VALUES (353, 'Phạm Minh Ngọc');
INSERT INTO Cast_Member (movieid, "cast") VALUES (354, 'Nguyễn Mai Huy');
INSERT INTO Cast_Member (movieid, "cast") VALUES (354, 'Vũ Thái Ngọc');
INSERT INTO Cast_Member (movieid, "cast") VALUES (354, 'Võ Thúy Việt');
INSERT INTO Cast_Member (movieid, "cast") VALUES (354, 'Dương Thu Hoa');
INSERT INTO Cast_Member (movieid, "cast") VALUES (355, 'Lê Ngọc Cường');
INSERT INTO Cast_Member (movieid, "cast") VALUES (355, 'Bùi Tuấn Linh');
INSERT INTO Cast_Member (movieid, "cast") VALUES (355, 'Nguyễn Tuấn Nhung');
INSERT INTO Cast_Member (movieid, "cast") VALUES (356, 'Trần Hữu Sơn');
INSERT INTO Cast_Member (movieid, "cast") VALUES (356, 'Vũ Thanh Ngọc');
INSERT INTO Cast_Member (movieid, "cast") VALUES (356, 'Võ Xuân Dũng');
INSERT INTO Cast_Member (movieid, "cast") VALUES (357, 'Đặng Thái Tuấn');
INSERT INTO Cast_Member (movieid, "cast") VALUES (357, 'Đỗ Tuấn Nam');
INSERT INTO Cast_Member (movieid, "cast") VALUES (358, 'Lý Hải Đạt');
INSERT INTO Cast_Member (movieid, "cast") VALUES (358, 'Đỗ Thái Việt');
INSERT INTO Cast_Member (movieid, "cast") VALUES (358, 'Trần Đình Anh');
INSERT INTO Cast_Member (movieid, "cast") VALUES (358, 'Hồ Minh Sơn');
INSERT INTO Cast_Member (movieid, "cast") VALUES (359, 'Ngô Tuấn Dũng');
INSERT INTO Cast_Member (movieid, "cast") VALUES (359, 'Hoàng Mai Lan');
INSERT INTO Cast_Member (movieid, "cast") VALUES (359, 'Đặng Thị Sơn');
INSERT INTO Cast_Member (movieid, "cast") VALUES (360, 'Dương Hoàng Ngọc');
INSERT INTO Cast_Member (movieid, "cast") VALUES (360, 'Đặng Hải Ngọc');
INSERT INTO Cast_Member (movieid, "cast") VALUES (360, 'Hồ Đình Nhung');
INSERT INTO Cast_Member (movieid, "cast") VALUES (361, 'Dương Văn Nhung');
INSERT INTO Cast_Member (movieid, "cast") VALUES (361, 'Võ Bảo Ngọc');
INSERT INTO Cast_Member (movieid, "cast") VALUES (361, 'Đặng Thị Phong');
INSERT INTO Cast_Member (movieid, "cast") VALUES (361, 'Phạm Bảo Tuấn');
INSERT INTO Cast_Member (movieid, "cast") VALUES (362, 'Ngô Mai Sơn');
INSERT INTO Cast_Member (movieid, "cast") VALUES (362, 'Đỗ Bảo Linh');
INSERT INTO Cast_Member (movieid, "cast") VALUES (362, 'Đỗ Đình Ngọc');
INSERT INTO Cast_Member (movieid, "cast") VALUES (363, 'Lê Tuấn Hải');
INSERT INTO Cast_Member (movieid, "cast") VALUES (363, 'Lê Thu Anh');
INSERT INTO Cast_Member (movieid, "cast") VALUES (363, 'Phan Anh Huy');
INSERT INTO Cast_Member (movieid, "cast") VALUES (364, 'Nguyễn Thu Việt');
INSERT INTO Cast_Member (movieid, "cast") VALUES (364, 'Lý Gia Cường');
INSERT INTO Cast_Member (movieid, "cast") VALUES (365, 'Đỗ Thanh Nhung');
INSERT INTO Cast_Member (movieid, "cast") VALUES (365, 'Phạm Văn Đạt');
INSERT INTO Cast_Member (movieid, "cast") VALUES (366, 'Hồ Đình Linh');
INSERT INTO Cast_Member (movieid, "cast") VALUES (366, 'Trần Thu Anh');
INSERT INTO Cast_Member (movieid, "cast") VALUES (367, 'Nguyễn Thu Sơn');
INSERT INTO Cast_Member (movieid, "cast") VALUES (367, 'Bùi Minh Việt');
INSERT INTO Cast_Member (movieid, "cast") VALUES (368, 'Nguyễn Bảo Cường');
INSERT INTO Cast_Member (movieid, "cast") VALUES (368, 'Phan Minh Huy');
INSERT INTO Cast_Member (movieid, "cast") VALUES (368, 'Lý Anh Tuấn');
INSERT INTO Cast_Member (movieid, "cast") VALUES (368, 'Lê Ngọc Dũng');
INSERT INTO Cast_Member (movieid, "cast") VALUES (369, 'Võ Gia Thảo');
INSERT INTO Cast_Member (movieid, "cast") VALUES (369, 'Đặng Thị Linh');
INSERT INTO Cast_Member (movieid, "cast") VALUES (370, 'Bùi Đức Lan');
INSERT INTO Cast_Member (movieid, "cast") VALUES (370, 'Vũ Thị Cường');
INSERT INTO Cast_Member (movieid, "cast") VALUES (370, 'Đỗ Thái Cường');
INSERT INTO Cast_Member (movieid, "cast") VALUES (371, 'Trần Ngọc Phong');
INSERT INTO Cast_Member (movieid, "cast") VALUES (371, 'Ngô Gia Trang');
INSERT INTO Cast_Member (movieid, "cast") VALUES (371, 'Vũ Hải Lan');
INSERT INTO Cast_Member (movieid, "cast") VALUES (372, 'Võ Anh Việt');
INSERT INTO Cast_Member (movieid, "cast") VALUES (372, 'Trần Hải Phong');
INSERT INTO Cast_Member (movieid, "cast") VALUES (373, 'Dương Mai Ngọc');
INSERT INTO Cast_Member (movieid, "cast") VALUES (373, 'Vũ Thanh Nam');
INSERT INTO Cast_Member (movieid, "cast") VALUES (373, 'Phan Minh Anh');
INSERT INTO Cast_Member (movieid, "cast") VALUES (373, 'Ngô Hải Nhung');
INSERT INTO Cast_Member (movieid, "cast") VALUES (374, 'Dương Gia Việt');
INSERT INTO Cast_Member (movieid, "cast") VALUES (374, 'Lê Minh Hoa');
INSERT INTO Cast_Member (movieid, "cast") VALUES (374, 'Lý Hải Sơn');
INSERT INTO Cast_Member (movieid, "cast") VALUES (375, 'Ngô Thanh Cường');
INSERT INTO Cast_Member (movieid, "cast") VALUES (375, 'Võ Bảo Dũng');
INSERT INTO Cast_Member (movieid, "cast") VALUES (375, 'Võ Thái Hà');
INSERT INTO Cast_Member (movieid, "cast") VALUES (375, 'Phan Đình Linh');
INSERT INTO Cast_Member (movieid, "cast") VALUES (376, 'Võ Tuấn Hoa');
INSERT INTO Cast_Member (movieid, "cast") VALUES (376, 'Bùi Tuấn Hải');
INSERT INTO Cast_Member (movieid, "cast") VALUES (376, 'Hồ Minh Ngọc');
INSERT INTO Cast_Member (movieid, "cast") VALUES (377, 'Dương Thu Việt');
INSERT INTO Cast_Member (movieid, "cast") VALUES (377, 'Đặng Thanh Hà');
INSERT INTO Cast_Member (movieid, "cast") VALUES (378, 'Hoàng Văn Đạt');
INSERT INTO Cast_Member (movieid, "cast") VALUES (378, 'Võ Gia Huy');
INSERT INTO Cast_Member (movieid, "cast") VALUES (378, 'Đặng Hoàng Nhung');
INSERT INTO Cast_Member (movieid, "cast") VALUES (378, 'Đặng Minh Dũng');
INSERT INTO Cast_Member (movieid, "cast") VALUES (379, 'Lý Đình Nhung');
INSERT INTO Cast_Member (movieid, "cast") VALUES (379, 'Hồ Hữu Anh');
INSERT INTO Cast_Member (movieid, "cast") VALUES (380, 'Lý Xuân Huy');
INSERT INTO Cast_Member (movieid, "cast") VALUES (380, 'Ngô Thái Huy');
INSERT INTO Cast_Member (movieid, "cast") VALUES (380, 'Phan Hoàng Hải');
INSERT INTO Cast_Member (movieid, "cast") VALUES (381, 'Vũ Hữu Hà');
INSERT INTO Cast_Member (movieid, "cast") VALUES (381, 'Huỳnh Thu Đạt');
INSERT INTO Cast_Member (movieid, "cast") VALUES (382, 'Nguyễn Thái Hà');
INSERT INTO Cast_Member (movieid, "cast") VALUES (382, 'Phạm Hoàng Linh');
INSERT INTO Cast_Member (movieid, "cast") VALUES (382, 'Dương Mai Việt');
INSERT INTO Cast_Member (movieid, "cast") VALUES (383, 'Hoàng Hữu Anh');
INSERT INTO Cast_Member (movieid, "cast") VALUES (383, 'Trần Thu Ngọc');
INSERT INTO Cast_Member (movieid, "cast") VALUES (384, 'Lý Thanh Ngọc');
INSERT INTO Cast_Member (movieid, "cast") VALUES (384, 'Dương Anh Sơn');
INSERT INTO Cast_Member (movieid, "cast") VALUES (384, 'Võ Gia Dũng');
INSERT INTO Cast_Member (movieid, "cast") VALUES (385, 'Ngô Gia Nhung');
INSERT INTO Cast_Member (movieid, "cast") VALUES (385, 'Đặng Ngọc Khánh');
INSERT INTO Cast_Member (movieid, "cast") VALUES (385, 'Lý Thị Sơn');
INSERT INTO Cast_Member (movieid, "cast") VALUES (385, 'Hoàng Hoàng Nam');
INSERT INTO Cast_Member (movieid, "cast") VALUES (386, 'Bùi Hải Linh');
INSERT INTO Cast_Member (movieid, "cast") VALUES (386, 'Ngô Xuân Lan');
INSERT INTO Cast_Member (movieid, "cast") VALUES (386, 'Huỳnh Thúy Trang');
INSERT INTO Cast_Member (movieid, "cast") VALUES (386, 'Nguyễn Thị Ngọc');
INSERT INTO Cast_Member (movieid, "cast") VALUES (387, 'Trần Xuân Nhung');
INSERT INTO Cast_Member (movieid, "cast") VALUES (387, 'Lý Hữu Linh');
INSERT INTO Cast_Member (movieid, "cast") VALUES (387, 'Đặng Hữu Sơn');
INSERT INTO Cast_Member (movieid, "cast") VALUES (387, 'Phan Tuấn Phong');
INSERT INTO Cast_Member (movieid, "cast") VALUES (388, 'Võ Gia Thảo');
INSERT INTO Cast_Member (movieid, "cast") VALUES (388, 'Bùi Thúy Lan');
INSERT INTO Cast_Member (movieid, "cast") VALUES (388, 'Trần Thanh Linh');
INSERT INTO Cast_Member (movieid, "cast") VALUES (389, 'Hoàng Đức Huy');
INSERT INTO Cast_Member (movieid, "cast") VALUES (389, 'Đặng Bảo Phong');
INSERT INTO Cast_Member (movieid, "cast") VALUES (390, 'Đặng Đức Đạt');
INSERT INTO Cast_Member (movieid, "cast") VALUES (390, 'Đặng Hoàng Nhung');
INSERT INTO Cast_Member (movieid, "cast") VALUES (391, 'Đỗ Hoàng Phong');
INSERT INTO Cast_Member (movieid, "cast") VALUES (391, 'Hồ Anh Cường');
INSERT INTO Cast_Member (movieid, "cast") VALUES (392, 'Trần Hải Việt');
INSERT INTO Cast_Member (movieid, "cast") VALUES (392, 'Bùi Thanh Việt');
INSERT INTO Cast_Member (movieid, "cast") VALUES (392, 'Dương Văn Hoa');
INSERT INTO Cast_Member (movieid, "cast") VALUES (393, 'Lý Anh Khánh');
INSERT INTO Cast_Member (movieid, "cast") VALUES (393, 'Vũ Thị Linh');
INSERT INTO Cast_Member (movieid, "cast") VALUES (393, 'Dương Ngọc Dũng');
INSERT INTO Cast_Member (movieid, "cast") VALUES (393, 'Đặng Mai Hà');
INSERT INTO Cast_Member (movieid, "cast") VALUES (394, 'Ngô Hoàng Dũng');
INSERT INTO Cast_Member (movieid, "cast") VALUES (394, 'Ngô Gia Khánh');
INSERT INTO Cast_Member (movieid, "cast") VALUES (394, 'Ngô Gia Việt');
INSERT INTO Cast_Member (movieid, "cast") VALUES (395, 'Nguyễn Bảo Dũng');
INSERT INTO Cast_Member (movieid, "cast") VALUES (395, 'Lý Thái Nhung');
INSERT INTO Cast_Member (movieid, "cast") VALUES (395, 'Lê Hải Việt');
INSERT INTO Cast_Member (movieid, "cast") VALUES (395, 'Võ Đức Ngọc');
INSERT INTO Cast_Member (movieid, "cast") VALUES (396, 'Đặng Thu Tuấn');
INSERT INTO Cast_Member (movieid, "cast") VALUES (396, 'Lê Ngọc Hà');
INSERT INTO Cast_Member (movieid, "cast") VALUES (396, 'Hồ Hải Hoa');
INSERT INTO Cast_Member (movieid, "cast") VALUES (396, 'Nguyễn Xuân Phong');
INSERT INTO Cast_Member (movieid, "cast") VALUES (397, 'Lê Minh Khánh');
INSERT INTO Cast_Member (movieid, "cast") VALUES (397, 'Võ Đức Phong');
INSERT INTO Cast_Member (movieid, "cast") VALUES (397, 'Hồ Hữu Sơn');
INSERT INTO Cast_Member (movieid, "cast") VALUES (398, 'Phạm Thái Nhung');
INSERT INTO Cast_Member (movieid, "cast") VALUES (398, 'Vũ Thị Sơn');
INSERT INTO Cast_Member (movieid, "cast") VALUES (398, 'Võ Văn Nhung');
INSERT INTO Cast_Member (movieid, "cast") VALUES (399, 'Trần Bảo Tuấn');
INSERT INTO Cast_Member (movieid, "cast") VALUES (399, 'Lê Hải Trang');
INSERT INTO Cast_Member (movieid, "cast") VALUES (399, 'Phạm Thu Nam');
INSERT INTO Cast_Member (movieid, "cast") VALUES (399, 'Vũ Bảo Nhung');
INSERT INTO Cast_Member (movieid, "cast") VALUES (400, 'Lê Hữu Sơn');
INSERT INTO Cast_Member (movieid, "cast") VALUES (400, 'Trần Hải Khánh');
INSERT INTO Cast_Member (movieid, "cast") VALUES (401, 'Lý Hoàng Hà');
INSERT INTO Cast_Member (movieid, "cast") VALUES (401, 'Huỳnh Thu Đạt');
INSERT INTO Cast_Member (movieid, "cast") VALUES (402, 'Đặng Văn Nhung');
INSERT INTO Cast_Member (movieid, "cast") VALUES (402, 'Võ Văn Khánh');
INSERT INTO Cast_Member (movieid, "cast") VALUES (402, 'Đỗ Thái Cường');
INSERT INTO Cast_Member (movieid, "cast") VALUES (403, 'Huỳnh Ngọc Hải');
INSERT INTO Cast_Member (movieid, "cast") VALUES (403, 'Nguyễn Hữu Nam');
INSERT INTO Cast_Member (movieid, "cast") VALUES (403, 'Ngô Bảo Việt');
INSERT INTO Cast_Member (movieid, "cast") VALUES (403, 'Hồ Mai Ngọc');
INSERT INTO Cast_Member (movieid, "cast") VALUES (404, 'Phạm Hoàng Huy');
INSERT INTO Cast_Member (movieid, "cast") VALUES (404, 'Lê Thúy Thảo');
INSERT INTO Cast_Member (movieid, "cast") VALUES (405, 'Dương Văn Linh');
INSERT INTO Cast_Member (movieid, "cast") VALUES (405, 'Huỳnh Thanh Trang');
INSERT INTO Cast_Member (movieid, "cast") VALUES (405, 'Đỗ Văn Cường');
INSERT INTO Cast_Member (movieid, "cast") VALUES (406, 'Huỳnh Xuân Phong');
INSERT INTO Cast_Member (movieid, "cast") VALUES (406, 'Vũ Hải Cường');
INSERT INTO Cast_Member (movieid, "cast") VALUES (407, 'Hoàng Đức Khánh');
INSERT INTO Cast_Member (movieid, "cast") VALUES (407, 'Đỗ Đức Trang');
INSERT INTO Cast_Member (movieid, "cast") VALUES (408, 'Nguyễn Gia Huy');
INSERT INTO Cast_Member (movieid, "cast") VALUES (408, 'Đặng Văn Trang');
INSERT INTO Cast_Member (movieid, "cast") VALUES (408, 'Lý Thanh Đạt');
INSERT INTO Cast_Member (movieid, "cast") VALUES (408, 'Ngô Hữu Hải');
INSERT INTO Cast_Member (movieid, "cast") VALUES (409, 'Đỗ Tuấn Dũng');
INSERT INTO Cast_Member (movieid, "cast") VALUES (409, 'Đặng Hải Sơn');
INSERT INTO Cast_Member (movieid, "cast") VALUES (410, 'Lý Minh Hoa');
INSERT INTO Cast_Member (movieid, "cast") VALUES (410, 'Phạm Thái Nhung');
INSERT INTO Cast_Member (movieid, "cast") VALUES (410, 'Vũ Thái Đạt');
INSERT INTO Cast_Member (movieid, "cast") VALUES (411, 'Hoàng Bảo Lan');
INSERT INTO Cast_Member (movieid, "cast") VALUES (411, 'Hoàng Tuấn Dũng');
INSERT INTO Cast_Member (movieid, "cast") VALUES (411, 'Phan Hoàng Khánh');
INSERT INTO Cast_Member (movieid, "cast") VALUES (412, 'Vũ Văn Phong');
INSERT INTO Cast_Member (movieid, "cast") VALUES (412, 'Phạm Ngọc Huy');
INSERT INTO Cast_Member (movieid, "cast") VALUES (413, 'Ngô Hữu Hoa');
INSERT INTO Cast_Member (movieid, "cast") VALUES (413, 'Lê Tuấn Lan');
INSERT INTO Cast_Member (movieid, "cast") VALUES (414, 'Huỳnh Thái Dũng');
INSERT INTO Cast_Member (movieid, "cast") VALUES (414, 'Dương Đức Hoa');
INSERT INTO Cast_Member (movieid, "cast") VALUES (414, 'Lý Văn Khánh');
INSERT INTO Cast_Member (movieid, "cast") VALUES (415, 'Nguyễn Thị Sơn');
INSERT INTO Cast_Member (movieid, "cast") VALUES (415, 'Phạm Văn Lan');
INSERT INTO Cast_Member (movieid, "cast") VALUES (415, 'Hồ Minh Sơn');
INSERT INTO Cast_Member (movieid, "cast") VALUES (415, 'Phạm Ngọc Huy');
INSERT INTO Cast_Member (movieid, "cast") VALUES (416, 'Nguyễn Ngọc Phong');
INSERT INTO Cast_Member (movieid, "cast") VALUES (416, 'Vũ Đức Tuấn');
INSERT INTO Cast_Member (movieid, "cast") VALUES (416, 'Đặng Thu Phong');
INSERT INTO Cast_Member (movieid, "cast") VALUES (417, 'Lý Đình Dũng');
INSERT INTO Cast_Member (movieid, "cast") VALUES (417, 'Đặng Anh Hà');
INSERT INTO Cast_Member (movieid, "cast") VALUES (417, 'Trần Mai Anh');
INSERT INTO Cast_Member (movieid, "cast") VALUES (417, 'Dương Văn Hoa');
INSERT INTO Cast_Member (movieid, "cast") VALUES (418, 'Huỳnh Bảo Linh');
INSERT INTO Cast_Member (movieid, "cast") VALUES (418, 'Dương Xuân Thảo');
INSERT INTO Cast_Member (movieid, "cast") VALUES (419, 'Trần Đức Huy');
INSERT INTO Cast_Member (movieid, "cast") VALUES (419, 'Ngô Hải Dũng');
INSERT INTO Cast_Member (movieid, "cast") VALUES (420, 'Hồ Tuấn Khánh');
INSERT INTO Cast_Member (movieid, "cast") VALUES (420, 'Phan Thúy Sơn');
INSERT INTO Cast_Member (movieid, "cast") VALUES (420, 'Đỗ Bảo Hải');
INSERT INTO Cast_Member (movieid, "cast") VALUES (420, 'Huỳnh Thị Phong');
INSERT INTO Cast_Member (movieid, "cast") VALUES (421, 'Hoàng Thị Khánh');
INSERT INTO Cast_Member (movieid, "cast") VALUES (421, 'Vũ Hữu Khánh');
INSERT INTO Cast_Member (movieid, "cast") VALUES (421, 'Bùi Thái Tuấn');
INSERT INTO Cast_Member (movieid, "cast") VALUES (422, 'Bùi Thu Việt');
INSERT INTO Cast_Member (movieid, "cast") VALUES (422, 'Vũ Hoàng Hà');
INSERT INTO Cast_Member (movieid, "cast") VALUES (423, 'Phạm Bảo Lan');
INSERT INTO Cast_Member (movieid, "cast") VALUES (423, 'Lý Thái Khánh');
INSERT INTO Cast_Member (movieid, "cast") VALUES (424, 'Trần Hoàng Sơn');
INSERT INTO Cast_Member (movieid, "cast") VALUES (424, 'Ngô Đình Trang');
INSERT INTO Cast_Member (movieid, "cast") VALUES (424, 'Nguyễn Minh Linh');
INSERT INTO Cast_Member (movieid, "cast") VALUES (425, 'Phạm Thúy Hà');
INSERT INTO Cast_Member (movieid, "cast") VALUES (425, 'Lý Anh Dũng');
INSERT INTO Cast_Member (movieid, "cast") VALUES (425, 'Ngô Thúy Anh');
INSERT INTO Cast_Member (movieid, "cast") VALUES (425, 'Bùi Thanh Thảo');
INSERT INTO Cast_Member (movieid, "cast") VALUES (426, 'Nguyễn Bảo Phong');
INSERT INTO Cast_Member (movieid, "cast") VALUES (426, 'Lý Thúy Dũng');
INSERT INTO Cast_Member (movieid, "cast") VALUES (427, 'Lê Hoàng Hải');
INSERT INTO Cast_Member (movieid, "cast") VALUES (427, 'Huỳnh Mai Ngọc');
INSERT INTO Cast_Member (movieid, "cast") VALUES (428, 'Trần Tuấn Ngọc');
INSERT INTO Cast_Member (movieid, "cast") VALUES (428, 'Nguyễn Tuấn Nam');
INSERT INTO Cast_Member (movieid, "cast") VALUES (428, 'Phạm Thái Sơn');
INSERT INTO Cast_Member (movieid, "cast") VALUES (428, 'Đặng Thanh Đạt');
INSERT INTO Cast_Member (movieid, "cast") VALUES (429, 'Đặng Ngọc Trang');
INSERT INTO Cast_Member (movieid, "cast") VALUES (429, 'Đỗ Thanh Phong');
INSERT INTO Cast_Member (movieid, "cast") VALUES (429, 'Hoàng Thu Thảo');
INSERT INTO Cast_Member (movieid, "cast") VALUES (430, 'Bùi Thanh Hoa');
INSERT INTO Cast_Member (movieid, "cast") VALUES (430, 'Hoàng Xuân Trang');
INSERT INTO Cast_Member (movieid, "cast") VALUES (430, 'Đặng Đức Nam');
INSERT INTO Cast_Member (movieid, "cast") VALUES (430, 'Lý Ngọc Phong');
INSERT INTO Cast_Member (movieid, "cast") VALUES (431, 'Đặng Hải Thảo');
INSERT INTO Cast_Member (movieid, "cast") VALUES (431, 'Vũ Ngọc Lan');
INSERT INTO Cast_Member (movieid, "cast") VALUES (431, 'Lê Thanh Linh');
INSERT INTO Cast_Member (movieid, "cast") VALUES (431, 'Vũ Đức Khánh');
INSERT INTO Cast_Member (movieid, "cast") VALUES (432, 'Ngô Hữu Dũng');
INSERT INTO Cast_Member (movieid, "cast") VALUES (432, 'Ngô Bảo Hoa');
INSERT INTO Cast_Member (movieid, "cast") VALUES (433, 'Ngô Xuân Phong');
INSERT INTO Cast_Member (movieid, "cast") VALUES (433, 'Huỳnh Gia Trang');
INSERT INTO Cast_Member (movieid, "cast") VALUES (434, 'Võ Bảo Đạt');
INSERT INTO Cast_Member (movieid, "cast") VALUES (434, 'Trần Tuấn Linh');
INSERT INTO Cast_Member (movieid, "cast") VALUES (435, 'Đỗ Minh Sơn');
INSERT INTO Cast_Member (movieid, "cast") VALUES (435, 'Hồ Hải Nam');
INSERT INTO Cast_Member (movieid, "cast") VALUES (435, 'Dương Văn Đạt');
INSERT INTO Cast_Member (movieid, "cast") VALUES (435, 'Trần Thanh Ngọc');
INSERT INTO Cast_Member (movieid, "cast") VALUES (436, 'Võ Đức Nhung');
INSERT INTO Cast_Member (movieid, "cast") VALUES (436, 'Lý Văn Ngọc');
INSERT INTO Cast_Member (movieid, "cast") VALUES (436, 'Trần Ngọc Khánh');
INSERT INTO Cast_Member (movieid, "cast") VALUES (436, 'Phạm Thu Hà');
INSERT INTO Cast_Member (movieid, "cast") VALUES (437, 'Đỗ Văn Trang');
INSERT INTO Cast_Member (movieid, "cast") VALUES (437, 'Lý Thái Đạt');
INSERT INTO Cast_Member (movieid, "cast") VALUES (437, 'Bùi Bảo Dũng');
INSERT INTO Cast_Member (movieid, "cast") VALUES (437, 'Ngô Mai Hà');
INSERT INTO Cast_Member (movieid, "cast") VALUES (438, 'Phạm Thúy Lan');
INSERT INTO Cast_Member (movieid, "cast") VALUES (438, 'Đặng Bảo Sơn');
INSERT INTO Cast_Member (movieid, "cast") VALUES (438, 'Phan Đức Thảo');
INSERT INTO Cast_Member (movieid, "cast") VALUES (438, 'Võ Thái Linh');
INSERT INTO Cast_Member (movieid, "cast") VALUES (439, 'Lê Hữu Sơn');
INSERT INTO Cast_Member (movieid, "cast") VALUES (439, 'Lê Thanh Sơn');
INSERT INTO Cast_Member (movieid, "cast") VALUES (439, 'Hồ Minh Cường');
INSERT INTO Cast_Member (movieid, "cast") VALUES (439, 'Dương Xuân Hoa');
INSERT INTO Cast_Member (movieid, "cast") VALUES (440, 'Đặng Tuấn Hải');
INSERT INTO Cast_Member (movieid, "cast") VALUES (440, 'Lê Anh Trang');
INSERT INTO Cast_Member (movieid, "cast") VALUES (441, 'Đỗ Đình Thảo');
INSERT INTO Cast_Member (movieid, "cast") VALUES (441, 'Huỳnh Anh Sơn');
INSERT INTO Cast_Member (movieid, "cast") VALUES (442, 'Huỳnh Ngọc Phong');
INSERT INTO Cast_Member (movieid, "cast") VALUES (442, 'Hoàng Thị Nhung');
INSERT INTO Cast_Member (movieid, "cast") VALUES (443, 'Phan Thanh Ngọc');
INSERT INTO Cast_Member (movieid, "cast") VALUES (443, 'Nguyễn Thái Anh');
INSERT INTO Cast_Member (movieid, "cast") VALUES (443, 'Đặng Gia Lan');
INSERT INTO Cast_Member (movieid, "cast") VALUES (443, 'Lê Minh Lan');
INSERT INTO Cast_Member (movieid, "cast") VALUES (444, 'Vũ Thanh Cường');
INSERT INTO Cast_Member (movieid, "cast") VALUES (444, 'Ngô Hữu Khánh');
INSERT INTO Cast_Member (movieid, "cast") VALUES (445, 'Đặng Tuấn Nam');
INSERT INTO Cast_Member (movieid, "cast") VALUES (445, 'Lê Mai Anh');
INSERT INTO Cast_Member (movieid, "cast") VALUES (445, 'Dương Hoàng Việt');
INSERT INTO Cast_Member (movieid, "cast") VALUES (446, 'Phan Tuấn Nhung');
INSERT INTO Cast_Member (movieid, "cast") VALUES (446, 'Võ Thị Tuấn');
INSERT INTO Cast_Member (movieid, "cast") VALUES (447, 'Nguyễn Văn Cường');
INSERT INTO Cast_Member (movieid, "cast") VALUES (447, 'Lý Văn Sơn');
INSERT INTO Cast_Member (movieid, "cast") VALUES (447, 'Phạm Bảo Nam');
INSERT INTO Cast_Member (movieid, "cast") VALUES (448, 'Hoàng Gia Phong');
INSERT INTO Cast_Member (movieid, "cast") VALUES (448, 'Bùi Anh Nhung');
INSERT INTO Cast_Member (movieid, "cast") VALUES (448, 'Ngô Hải Ngọc');
INSERT INTO Cast_Member (movieid, "cast") VALUES (448, 'Trần Gia Dũng');
INSERT INTO Cast_Member (movieid, "cast") VALUES (449, 'Võ Thị Huy');
INSERT INTO Cast_Member (movieid, "cast") VALUES (449, 'Bùi Hải Ngọc');
INSERT INTO Cast_Member (movieid, "cast") VALUES (449, 'Phạm Ngọc Linh');
INSERT INTO Cast_Member (movieid, "cast") VALUES (449, 'Huỳnh Thu Anh');
INSERT INTO Cast_Member (movieid, "cast") VALUES (450, 'Đỗ Đình Linh');
INSERT INTO Cast_Member (movieid, "cast") VALUES (450, 'Đặng Hoàng Thảo');
INSERT INTO Cast_Member (movieid, "cast") VALUES (450, 'Lý Đình Tuấn');
INSERT INTO Cast_Member (movieid, "cast") VALUES (450, 'Ngô Mai Thảo');
INSERT INTO Cast_Member (movieid, "cast") VALUES (451, 'Bùi Thúy Anh');
INSERT INTO Cast_Member (movieid, "cast") VALUES (451, 'Lý Thanh Đạt');
INSERT INTO Cast_Member (movieid, "cast") VALUES (451, 'Dương Tuấn Huy');
INSERT INTO Cast_Member (movieid, "cast") VALUES (452, 'Ngô Hữu Phong');
INSERT INTO Cast_Member (movieid, "cast") VALUES (452, 'Phạm Bảo Huy');
INSERT INTO Cast_Member (movieid, "cast") VALUES (452, 'Bùi Đức Cường');
INSERT INTO Cast_Member (movieid, "cast") VALUES (453, 'Phạm Mai Sơn');
INSERT INTO Cast_Member (movieid, "cast") VALUES (453, 'Võ Gia Đạt');
INSERT INTO Cast_Member (movieid, "cast") VALUES (454, 'Võ Anh Nam');
INSERT INTO Cast_Member (movieid, "cast") VALUES (454, 'Phạm Thanh Lan');
INSERT INTO Cast_Member (movieid, "cast") VALUES (455, 'Nguyễn Mai Dũng');
INSERT INTO Cast_Member (movieid, "cast") VALUES (455, 'Đỗ Đình Nam');
INSERT INTO Cast_Member (movieid, "cast") VALUES (455, 'Nguyễn Thị Lan');
INSERT INTO Cast_Member (movieid, "cast") VALUES (456, 'Lê Văn Đạt');
INSERT INTO Cast_Member (movieid, "cast") VALUES (456, 'Võ Thanh Trang');
INSERT INTO Cast_Member (movieid, "cast") VALUES (456, 'Đỗ Gia Đạt');
INSERT INTO Cast_Member (movieid, "cast") VALUES (456, 'Phan Thanh Cường');
INSERT INTO Cast_Member (movieid, "cast") VALUES (457, 'Phan Xuân Linh');
INSERT INTO Cast_Member (movieid, "cast") VALUES (457, 'Ngô Xuân Lan');
INSERT INTO Cast_Member (movieid, "cast") VALUES (457, 'Đặng Thái Hoa');
INSERT INTO Cast_Member (movieid, "cast") VALUES (457, 'Hoàng Mai Đạt');
INSERT INTO Cast_Member (movieid, "cast") VALUES (458, 'Đỗ Thúy Hà');
INSERT INTO Cast_Member (movieid, "cast") VALUES (458, 'Lý Đức Dũng');
INSERT INTO Cast_Member (movieid, "cast") VALUES (458, 'Hoàng Đức Đạt');
INSERT INTO Cast_Member (movieid, "cast") VALUES (458, 'Phạm Đình Nam');
INSERT INTO Cast_Member (movieid, "cast") VALUES (459, 'Ngô Tuấn Khánh');
INSERT INTO Cast_Member (movieid, "cast") VALUES (459, 'Huỳnh Gia Hải');
INSERT INTO Cast_Member (movieid, "cast") VALUES (459, 'Hoàng Thanh Ngọc');
INSERT INTO Cast_Member (movieid, "cast") VALUES (460, 'Huỳnh Minh Nam');
INSERT INTO Cast_Member (movieid, "cast") VALUES (460, 'Nguyễn Thanh Thảo');
INSERT INTO Cast_Member (movieid, "cast") VALUES (461, 'Ngô Ngọc Huy');
INSERT INTO Cast_Member (movieid, "cast") VALUES (461, 'Võ Thái Hải');
INSERT INTO Cast_Member (movieid, "cast") VALUES (462, 'Ngô Hữu Nhung');
INSERT INTO Cast_Member (movieid, "cast") VALUES (462, 'Hồ Bảo Đạt');
INSERT INTO Cast_Member (movieid, "cast") VALUES (463, 'Võ Thu Việt');
INSERT INTO Cast_Member (movieid, "cast") VALUES (463, 'Dương Đức Sơn');
INSERT INTO Cast_Member (movieid, "cast") VALUES (463, 'Huỳnh Thúy Thảo');
INSERT INTO Cast_Member (movieid, "cast") VALUES (463, 'Bùi Văn Nhung');
INSERT INTO Cast_Member (movieid, "cast") VALUES (464, 'Bùi Hữu Cường');
INSERT INTO Cast_Member (movieid, "cast") VALUES (464, 'Ngô Đức Hà');
INSERT INTO Cast_Member (movieid, "cast") VALUES (465, 'Ngô Hải Đạt');
INSERT INTO Cast_Member (movieid, "cast") VALUES (465, 'Ngô Anh Sơn');
INSERT INTO Cast_Member (movieid, "cast") VALUES (465, 'Nguyễn Thị Nam');
INSERT INTO Cast_Member (movieid, "cast") VALUES (466, 'Ngô Gia Khánh');
INSERT INTO Cast_Member (movieid, "cast") VALUES (466, 'Ngô Minh Ngọc');
INSERT INTO Cast_Member (movieid, "cast") VALUES (466, 'Trần Tuấn Tuấn');
INSERT INTO Cast_Member (movieid, "cast") VALUES (467, 'Vũ Bảo Phong');
INSERT INTO Cast_Member (movieid, "cast") VALUES (467, 'Võ Thái Hà');
INSERT INTO Cast_Member (movieid, "cast") VALUES (467, 'Phan Anh Dũng');
INSERT INTO Cast_Member (movieid, "cast") VALUES (468, 'Dương Thu Sơn');
INSERT INTO Cast_Member (movieid, "cast") VALUES (468, 'Vũ Thị Đạt');
INSERT INTO Cast_Member (movieid, "cast") VALUES (468, 'Trần Gia Sơn');
INSERT INTO Cast_Member (movieid, "cast") VALUES (468, 'Lê Bảo Dũng');
INSERT INTO Cast_Member (movieid, "cast") VALUES (469, 'Phạm Đức Dũng');
INSERT INTO Cast_Member (movieid, "cast") VALUES (469, 'Ngô Đình Ngọc');
INSERT INTO Cast_Member (movieid, "cast") VALUES (469, 'Dương Tuấn Tuấn');
INSERT INTO Cast_Member (movieid, "cast") VALUES (469, 'Trần Hữu Dũng');
INSERT INTO Cast_Member (movieid, "cast") VALUES (470, 'Võ Gia Thảo');
INSERT INTO Cast_Member (movieid, "cast") VALUES (470, 'Lê Ngọc Trang');
INSERT INTO Cast_Member (movieid, "cast") VALUES (470, 'Ngô Thu Ngọc');
INSERT INTO Cast_Member (movieid, "cast") VALUES (471, 'Hồ Ngọc Cường');
INSERT INTO Cast_Member (movieid, "cast") VALUES (471, 'Đỗ Gia Thảo');
INSERT INTO Cast_Member (movieid, "cast") VALUES (471, 'Huỳnh Thu Đạt');
INSERT INTO Cast_Member (movieid, "cast") VALUES (472, 'Đỗ Xuân Lan');
INSERT INTO Cast_Member (movieid, "cast") VALUES (472, 'Hồ Thái Cường');
INSERT INTO Cast_Member (movieid, "cast") VALUES (472, 'Trần Xuân Khánh');
INSERT INTO Cast_Member (movieid, "cast") VALUES (473, 'Đặng Hoàng Cường');
INSERT INTO Cast_Member (movieid, "cast") VALUES (473, 'Hoàng Thu Thảo');
INSERT INTO Cast_Member (movieid, "cast") VALUES (473, 'Vũ Hoàng Linh');
INSERT INTO Cast_Member (movieid, "cast") VALUES (474, 'Đỗ Mai Khánh');
INSERT INTO Cast_Member (movieid, "cast") VALUES (474, 'Lê Hoàng Huy');
INSERT INTO Cast_Member (movieid, "cast") VALUES (474, 'Phạm Minh Khánh');
INSERT INTO Cast_Member (movieid, "cast") VALUES (474, 'Võ Minh Dũng');
INSERT INTO Cast_Member (movieid, "cast") VALUES (475, 'Hồ Hữu Nhung');
INSERT INTO Cast_Member (movieid, "cast") VALUES (475, 'Lý Bảo Nhung');
INSERT INTO Cast_Member (movieid, "cast") VALUES (476, 'Phạm Hải Trang');
INSERT INTO Cast_Member (movieid, "cast") VALUES (476, 'Lê Anh Hà');
INSERT INTO Cast_Member (movieid, "cast") VALUES (476, 'Hồ Gia Dũng');
INSERT INTO Cast_Member (movieid, "cast") VALUES (477, 'Hoàng Anh Linh');
INSERT INTO Cast_Member (movieid, "cast") VALUES (477, 'Đỗ Thanh Ngọc');
INSERT INTO Cast_Member (movieid, "cast") VALUES (477, 'Đặng Minh Ngọc');
INSERT INTO Cast_Member (movieid, "cast") VALUES (478, 'Phạm Anh Hoa');
INSERT INTO Cast_Member (movieid, "cast") VALUES (478, 'Đỗ Minh Sơn');
INSERT INTO Cast_Member (movieid, "cast") VALUES (479, 'Bùi Tuấn Dũng');
INSERT INTO Cast_Member (movieid, "cast") VALUES (479, 'Dương Anh Hà');
INSERT INTO Cast_Member (movieid, "cast") VALUES (479, 'Hồ Đức Linh');
INSERT INTO Cast_Member (movieid, "cast") VALUES (480, 'Huỳnh Thái Ngọc');
INSERT INTO Cast_Member (movieid, "cast") VALUES (480, 'Lý Minh Hải');
INSERT INTO Cast_Member (movieid, "cast") VALUES (481, 'Võ Tuấn Hoa');
INSERT INTO Cast_Member (movieid, "cast") VALUES (481, 'Huỳnh Xuân Hoa');
INSERT INTO Cast_Member (movieid, "cast") VALUES (482, 'Huỳnh Thị Ngọc');
INSERT INTO Cast_Member (movieid, "cast") VALUES (482, 'Nguyễn Thu Khánh');
INSERT INTO Cast_Member (movieid, "cast") VALUES (482, 'Phan Thu Nam');
INSERT INTO Cast_Member (movieid, "cast") VALUES (482, 'Hồ Minh Khánh');
INSERT INTO Cast_Member (movieid, "cast") VALUES (483, 'Phan Mai Hoa');
INSERT INTO Cast_Member (movieid, "cast") VALUES (483, 'Phạm Tuấn Nam');
INSERT INTO Cast_Member (movieid, "cast") VALUES (484, 'Lý Ngọc Ngọc');
INSERT INTO Cast_Member (movieid, "cast") VALUES (484, 'Huỳnh Thu Dũng');
INSERT INTO Cast_Member (movieid, "cast") VALUES (485, 'Trần Thị Ngọc');
INSERT INTO Cast_Member (movieid, "cast") VALUES (485, 'Đặng Anh Việt');
INSERT INTO Cast_Member (movieid, "cast") VALUES (485, 'Lý Thái Lan');
INSERT INTO Cast_Member (movieid, "cast") VALUES (486, 'Phan Thị Dũng');
INSERT INTO Cast_Member (movieid, "cast") VALUES (486, 'Huỳnh Gia Hoa');
INSERT INTO Cast_Member (movieid, "cast") VALUES (486, 'Phạm Thu Tuấn');
INSERT INTO Cast_Member (movieid, "cast") VALUES (487, 'Phan Gia Tuấn');
INSERT INTO Cast_Member (movieid, "cast") VALUES (487, 'Hoàng Anh Hoa');
INSERT INTO Cast_Member (movieid, "cast") VALUES (487, 'Lê Hữu Tuấn');
INSERT INTO Cast_Member (movieid, "cast") VALUES (487, 'Hồ Mai Trang');
INSERT INTO Cast_Member (movieid, "cast") VALUES (488, 'Trần Hải Linh');
INSERT INTO Cast_Member (movieid, "cast") VALUES (488, 'Bùi Hữu Việt');
INSERT INTO Cast_Member (movieid, "cast") VALUES (488, 'Đặng Thanh Đạt');
INSERT INTO Cast_Member (movieid, "cast") VALUES (488, 'Dương Xuân Ngọc');
INSERT INTO Cast_Member (movieid, "cast") VALUES (489, 'Dương Hải Dũng');
INSERT INTO Cast_Member (movieid, "cast") VALUES (489, 'Phạm Hữu Anh');
INSERT INTO Cast_Member (movieid, "cast") VALUES (489, 'Đỗ Mai Dũng');
INSERT INTO Cast_Member (movieid, "cast") VALUES (489, 'Hoàng Thúy Thảo');
INSERT INTO Cast_Member (movieid, "cast") VALUES (490, 'Dương Hoàng Lan');
INSERT INTO Cast_Member (movieid, "cast") VALUES (490, 'Vũ Anh Anh');
INSERT INTO Cast_Member (movieid, "cast") VALUES (490, 'Bùi Hữu Hà');
INSERT INTO Cast_Member (movieid, "cast") VALUES (490, 'Phạm Thu Trang');
INSERT INTO Cast_Member (movieid, "cast") VALUES (491, 'Huỳnh Thị Linh');
INSERT INTO Cast_Member (movieid, "cast") VALUES (491, 'Hoàng Minh Thảo');
INSERT INTO Cast_Member (movieid, "cast") VALUES (491, 'Vũ Xuân Lan');
INSERT INTO Cast_Member (movieid, "cast") VALUES (492, 'Võ Thanh Anh');
INSERT INTO Cast_Member (movieid, "cast") VALUES (492, 'Ngô Thanh Nam');
INSERT INTO Cast_Member (movieid, "cast") VALUES (492, 'Vũ Minh Trang');
INSERT INTO Cast_Member (movieid, "cast") VALUES (493, 'Phạm Hoàng Tuấn');
INSERT INTO Cast_Member (movieid, "cast") VALUES (493, 'Huỳnh Văn Hà');
INSERT INTO Cast_Member (movieid, "cast") VALUES (493, 'Hoàng Thúy Hoa');
INSERT INTO Cast_Member (movieid, "cast") VALUES (494, 'Phan Ngọc Sơn');
INSERT INTO Cast_Member (movieid, "cast") VALUES (494, 'Đặng Hoàng Sơn');
INSERT INTO Cast_Member (movieid, "cast") VALUES (495, 'Võ Gia Hải');
INSERT INTO Cast_Member (movieid, "cast") VALUES (495, 'Đỗ Văn Sơn');
INSERT INTO Cast_Member (movieid, "cast") VALUES (496, 'Dương Hải Ngọc');
INSERT INTO Cast_Member (movieid, "cast") VALUES (496, 'Hồ Hữu Cường');
INSERT INTO Cast_Member (movieid, "cast") VALUES (496, 'Hoàng Thị Khánh');
INSERT INTO Cast_Member (movieid, "cast") VALUES (497, 'Hồ Thu Hải');
INSERT INTO Cast_Member (movieid, "cast") VALUES (497, 'Huỳnh Hữu Dũng');
INSERT INTO Cast_Member (movieid, "cast") VALUES (497, 'Hồ Bảo Cường');
INSERT INTO Cast_Member (movieid, "cast") VALUES (498, 'Trần Gia Nam');
INSERT INTO Cast_Member (movieid, "cast") VALUES (498, 'Hoàng Hoàng Linh');
INSERT INTO Cast_Member (movieid, "cast") VALUES (498, 'Phạm Minh Anh');
INSERT INTO Cast_Member (movieid, "cast") VALUES (499, 'Lý Thu Hải');
INSERT INTO Cast_Member (movieid, "cast") VALUES (499, 'Phạm Thái Thảo');
INSERT INTO Cast_Member (movieid, "cast") VALUES (500, 'Hoàng Văn Sơn');
INSERT INTO Cast_Member (movieid, "cast") VALUES (500, 'Phan Gia Thảo');
INSERT INTO Cast_Member (movieid, "cast") VALUES (500, 'Lý Hải Huy');

-- === BẢNG SHOWTIME (50 DÒNG) === --
INSERT INTO Showtime (starttime, endtime, showdate) VALUES ('10:00:00', '12:00:00', '2026-07-13');
INSERT INTO Showtime (starttime, endtime, showdate) VALUES ('12:45:00', '14:45:00', '2026-07-05');
INSERT INTO Showtime (starttime, endtime, showdate) VALUES ('10:15:00', '12:15:00', '2026-06-29');
INSERT INTO Showtime (starttime, endtime, showdate) VALUES ('19:00:00', '21:00:00', '2026-06-27');
INSERT INTO Showtime (starttime, endtime, showdate) VALUES ('08:15:00', '10:15:00', '2026-07-04');
INSERT INTO Showtime (starttime, endtime, showdate) VALUES ('15:00:00', '17:00:00', '2026-06-28');
INSERT INTO Showtime (starttime, endtime, showdate) VALUES ('17:45:00', '19:45:00', '2026-07-20');
INSERT INTO Showtime (starttime, endtime, showdate) VALUES ('16:15:00', '18:15:00', '2026-07-20');
INSERT INTO Showtime (starttime, endtime, showdate) VALUES ('17:15:00', '19:15:00', '2026-06-27');
INSERT INTO Showtime (starttime, endtime, showdate) VALUES ('15:15:00', '17:15:00', '2026-07-16');
INSERT INTO Showtime (starttime, endtime, showdate) VALUES ('12:30:00', '14:30:00', '2026-07-20');
INSERT INTO Showtime (starttime, endtime, showdate) VALUES ('18:15:00', '20:15:00', '2026-06-25');
INSERT INTO Showtime (starttime, endtime, showdate) VALUES ('15:15:00', '17:15:00', '2026-06-24');
INSERT INTO Showtime (starttime, endtime, showdate) VALUES ('19:45:00', '21:45:00', '2026-07-16');
INSERT INTO Showtime (starttime, endtime, showdate) VALUES ('08:30:00', '10:30:00', '2026-07-11');
INSERT INTO Showtime (starttime, endtime, showdate) VALUES ('15:00:00', '17:00:00', '2026-07-03');
INSERT INTO Showtime (starttime, endtime, showdate) VALUES ('19:45:00', '21:45:00', '2026-07-05');
INSERT INTO Showtime (starttime, endtime, showdate) VALUES ('18:30:00', '20:30:00', '2026-07-15');
INSERT INTO Showtime (starttime, endtime, showdate) VALUES ('15:15:00', '17:15:00', '2026-06-26');
INSERT INTO Showtime (starttime, endtime, showdate) VALUES ('11:15:00', '13:15:00', '2026-06-29');
INSERT INTO Showtime (starttime, endtime, showdate) VALUES ('09:15:00', '11:15:00', '2026-07-20');
INSERT INTO Showtime (starttime, endtime, showdate) VALUES ('09:00:00', '11:00:00', '2026-07-16');
INSERT INTO Showtime (starttime, endtime, showdate) VALUES ('09:00:00', '11:00:00', '2026-07-16');
INSERT INTO Showtime (starttime, endtime, showdate) VALUES ('08:15:00', '10:15:00', '2026-06-28');
INSERT INTO Showtime (starttime, endtime, showdate) VALUES ('12:15:00', '14:15:00', '2026-07-10');
INSERT INTO Showtime (starttime, endtime, showdate) VALUES ('10:45:00', '12:45:00', '2026-07-16');
INSERT INTO Showtime (starttime, endtime, showdate) VALUES ('21:30:00', '23:30:00', '2026-06-24');
INSERT INTO Showtime (starttime, endtime, showdate) VALUES ('19:30:00', '21:30:00', '2026-07-12');
INSERT INTO Showtime (starttime, endtime, showdate) VALUES ('18:15:00', '20:15:00', '2026-06-26');
INSERT INTO Showtime (starttime, endtime, showdate) VALUES ('11:00:00', '13:00:00', '2026-07-18');
INSERT INTO Showtime (starttime, endtime, showdate) VALUES ('14:15:00', '16:15:00', '2026-07-10');
INSERT INTO Showtime (starttime, endtime, showdate) VALUES ('18:00:00', '20:00:00', '2026-07-08');
INSERT INTO Showtime (starttime, endtime, showdate) VALUES ('19:15:00', '21:15:00', '2026-07-14');
INSERT INTO Showtime (starttime, endtime, showdate) VALUES ('11:15:00', '13:15:00', '2026-07-08');
INSERT INTO Showtime (starttime, endtime, showdate) VALUES ('17:15:00', '19:15:00', '2026-06-29');
INSERT INTO Showtime (starttime, endtime, showdate) VALUES ('16:45:00', '18:45:00', '2026-07-21');
INSERT INTO Showtime (starttime, endtime, showdate) VALUES ('19:30:00', '21:30:00', '2026-06-28');
INSERT INTO Showtime (starttime, endtime, showdate) VALUES ('15:45:00', '17:45:00', '2026-06-29');
INSERT INTO Showtime (starttime, endtime, showdate) VALUES ('10:30:00', '12:30:00', '2026-07-09');
INSERT INTO Showtime (starttime, endtime, showdate) VALUES ('16:00:00', '18:00:00', '2026-07-05');
INSERT INTO Showtime (starttime, endtime, showdate) VALUES ('12:30:00', '14:30:00', '2026-07-21');
INSERT INTO Showtime (starttime, endtime, showdate) VALUES ('17:15:00', '19:15:00', '2026-06-25');
INSERT INTO Showtime (starttime, endtime, showdate) VALUES ('16:30:00', '18:30:00', '2026-07-19');
INSERT INTO Showtime (starttime, endtime, showdate) VALUES ('16:00:00', '18:00:00', '2026-07-09');
INSERT INTO Showtime (starttime, endtime, showdate) VALUES ('18:15:00', '20:15:00', '2026-07-09');
INSERT INTO Showtime (starttime, endtime, showdate) VALUES ('16:00:00', '18:00:00', '2026-07-03');
INSERT INTO Showtime (starttime, endtime, showdate) VALUES ('10:15:00', '12:15:00', '2026-07-15');
INSERT INTO Showtime (starttime, endtime, showdate) VALUES ('19:15:00', '21:15:00', '2026-06-26');
INSERT INTO Showtime (starttime, endtime, showdate) VALUES ('21:15:00', '23:15:00', '2026-07-06');
INSERT INTO Showtime (starttime, endtime, showdate) VALUES ('12:00:00', '14:00:00', '2026-07-12');

-- === BẢNG ROOM & SEAT (20 PHÒNG) === --
INSERT INTO Room (roomname, roomtype) VALUES ('Phòng 01', 'Standard');
INSERT INTO Room (roomname, roomtype) VALUES ('Phòng 02', 'Standard');
INSERT INTO Room (roomname, roomtype) VALUES ('Phòng 03', 'Standard');
INSERT INTO Room (roomname, roomtype) VALUES ('Phòng 04', 'IMAX');
INSERT INTO Room (roomname, roomtype) VALUES ('Phòng 05', '3D');
INSERT INTO Room (roomname, roomtype) VALUES ('Phòng 06', '3D');
INSERT INTO Room (roomname, roomtype) VALUES ('Phòng 07', 'IMAX');
INSERT INTO Room (roomname, roomtype) VALUES ('Phòng 08', '3D');
INSERT INTO Room (roomname, roomtype) VALUES ('Phòng 09', '3D');
INSERT INTO Room (roomname, roomtype) VALUES ('Phòng 10', 'Standard');
INSERT INTO Room (roomname, roomtype) VALUES ('Phòng 11', '3D');
INSERT INTO Room (roomname, roomtype) VALUES ('Phòng 12', '3D');
INSERT INTO Room (roomname, roomtype) VALUES ('Phòng 13', 'Standard');
INSERT INTO Room (roomname, roomtype) VALUES ('Phòng 14', 'IMAX');
INSERT INTO Room (roomname, roomtype) VALUES ('Phòng 15', 'Standard');
INSERT INTO Room (roomname, roomtype) VALUES ('Phòng 16', 'IMAX');
INSERT INTO Room (roomname, roomtype) VALUES ('Phòng 17', 'Standard');
INSERT INTO Room (roomname, roomtype) VALUES ('Phòng 18', '3D');
INSERT INTO Room (roomname, roomtype) VALUES ('Phòng 19', '3D');
INSERT INTO Room (roomname, roomtype) VALUES ('Phòng 20', '3D');
INSERT INTO Seat (roomid, seatrow, seatnumber, seattype) VALUES (1, 'A', 1, 'Thường');
INSERT INTO Seat (roomid, seatrow, seatnumber, seattype) VALUES (1, 'A', 2, 'Thường');
INSERT INTO Seat (roomid, seatrow, seatnumber, seattype) VALUES (1, 'A', 3, 'Thường');
INSERT INTO Seat (roomid, seatrow, seatnumber, seattype) VALUES (1, 'A', 4, 'Sweetbox');
INSERT INTO Seat (roomid, seatrow, seatnumber, seattype) VALUES (1, 'A', 5, 'Sweetbox');
INSERT INTO Seat (roomid, seatrow, seatnumber, seattype) VALUES (1, 'A', 6, 'Sweetbox');
INSERT INTO Seat (roomid, seatrow, seatnumber, seattype) VALUES (1, 'A', 7, 'Thường');
INSERT INTO Seat (roomid, seatrow, seatnumber, seattype) VALUES (1, 'A', 8, 'VIP');
INSERT INTO Seat (roomid, seatrow, seatnumber, seattype) VALUES (1, 'A', 9, 'VIP');
INSERT INTO Seat (roomid, seatrow, seatnumber, seattype) VALUES (1, 'A', 10, 'VIP');
INSERT INTO Seat (roomid, seatrow, seatnumber, seattype) VALUES (1, 'B', 1, 'VIP');
INSERT INTO Seat (roomid, seatrow, seatnumber, seattype) VALUES (1, 'B', 2, 'VIP');
INSERT INTO Seat (roomid, seatrow, seatnumber, seattype) VALUES (1, 'B', 3, 'Sweetbox');
INSERT INTO Seat (roomid, seatrow, seatnumber, seattype) VALUES (1, 'B', 4, 'Thường');
INSERT INTO Seat (roomid, seatrow, seatnumber, seattype) VALUES (1, 'B', 5, 'VIP');
INSERT INTO Seat (roomid, seatrow, seatnumber, seattype) VALUES (1, 'B', 6, 'VIP');
INSERT INTO Seat (roomid, seatrow, seatnumber, seattype) VALUES (1, 'B', 7, 'Thường');
INSERT INTO Seat (roomid, seatrow, seatnumber, seattype) VALUES (1, 'B', 8, 'Sweetbox');
INSERT INTO Seat (roomid, seatrow, seatnumber, seattype) VALUES (1, 'B', 9, 'Sweetbox');
INSERT INTO Seat (roomid, seatrow, seatnumber, seattype) VALUES (1, 'B', 10, 'VIP');
INSERT INTO Seat (roomid, seatrow, seatnumber, seattype) VALUES (1, 'C', 1, 'Thường');
INSERT INTO Seat (roomid, seatrow, seatnumber, seattype) VALUES (1, 'C', 2, 'VIP');
INSERT INTO Seat (roomid, seatrow, seatnumber, seattype) VALUES (1, 'C', 3, 'VIP');
INSERT INTO Seat (roomid, seatrow, seatnumber, seattype) VALUES (1, 'C', 4, 'Thường');
INSERT INTO Seat (roomid, seatrow, seatnumber, seattype) VALUES (1, 'C', 5, 'Sweetbox');
INSERT INTO Seat (roomid, seatrow, seatnumber, seattype) VALUES (1, 'C', 6, 'Thường');
INSERT INTO Seat (roomid, seatrow, seatnumber, seattype) VALUES (1, 'C', 7, 'Sweetbox');
INSERT INTO Seat (roomid, seatrow, seatnumber, seattype) VALUES (1, 'C', 8, 'Thường');
INSERT INTO Seat (roomid, seatrow, seatnumber, seattype) VALUES (1, 'C', 9, 'VIP');
INSERT INTO Seat (roomid, seatrow, seatnumber, seattype) VALUES (1, 'C', 10, 'VIP');
INSERT INTO Seat (roomid, seatrow, seatnumber, seattype) VALUES (1, 'D', 1, 'VIP');
INSERT INTO Seat (roomid, seatrow, seatnumber, seattype) VALUES (1, 'D', 2, 'VIP');
INSERT INTO Seat (roomid, seatrow, seatnumber, seattype) VALUES (1, 'D', 3, 'VIP');
INSERT INTO Seat (roomid, seatrow, seatnumber, seattype) VALUES (1, 'D', 4, 'VIP');
INSERT INTO Seat (roomid, seatrow, seatnumber, seattype) VALUES (1, 'D', 5, 'Sweetbox');
INSERT INTO Seat (roomid, seatrow, seatnumber, seattype) VALUES (1, 'D', 6, 'VIP');
INSERT INTO Seat (roomid, seatrow, seatnumber, seattype) VALUES (1, 'D', 7, 'VIP');
INSERT INTO Seat (roomid, seatrow, seatnumber, seattype) VALUES (1, 'D', 8, 'Sweetbox');
INSERT INTO Seat (roomid, seatrow, seatnumber, seattype) VALUES (1, 'D', 9, 'VIP');
INSERT INTO Seat (roomid, seatrow, seatnumber, seattype) VALUES (1, 'D', 10, 'VIP');
INSERT INTO Seat (roomid, seatrow, seatnumber, seattype) VALUES (1, 'E', 1, 'Sweetbox');
INSERT INTO Seat (roomid, seatrow, seatnumber, seattype) VALUES (1, 'E', 2, 'VIP');
INSERT INTO Seat (roomid, seatrow, seatnumber, seattype) VALUES (1, 'E', 3, 'Thường');
INSERT INTO Seat (roomid, seatrow, seatnumber, seattype) VALUES (1, 'E', 4, 'VIP');
INSERT INTO Seat (roomid, seatrow, seatnumber, seattype) VALUES (1, 'E', 5, 'Sweetbox');
INSERT INTO Seat (roomid, seatrow, seatnumber, seattype) VALUES (1, 'E', 6, 'Thường');
INSERT INTO Seat (roomid, seatrow, seatnumber, seattype) VALUES (1, 'E', 7, 'Sweetbox');
INSERT INTO Seat (roomid, seatrow, seatnumber, seattype) VALUES (1, 'E', 8, 'Thường');
INSERT INTO Seat (roomid, seatrow, seatnumber, seattype) VALUES (1, 'E', 9, 'VIP');
INSERT INTO Seat (roomid, seatrow, seatnumber, seattype) VALUES (1, 'E', 10, 'Thường');
INSERT INTO Seat (roomid, seatrow, seatnumber, seattype) VALUES (1, 'F', 1, 'Thường');
INSERT INTO Seat (roomid, seatrow, seatnumber, seattype) VALUES (1, 'F', 2, 'Sweetbox');
INSERT INTO Seat (roomid, seatrow, seatnumber, seattype) VALUES (1, 'F', 3, 'Sweetbox');
INSERT INTO Seat (roomid, seatrow, seatnumber, seattype) VALUES (1, 'F', 4, 'Thường');
INSERT INTO Seat (roomid, seatrow, seatnumber, seattype) VALUES (1, 'F', 5, 'Sweetbox');
INSERT INTO Seat (roomid, seatrow, seatnumber, seattype) VALUES (1, 'F', 6, 'Thường');
INSERT INTO Seat (roomid, seatrow, seatnumber, seattype) VALUES (1, 'F', 7, 'Sweetbox');
INSERT INTO Seat (roomid, seatrow, seatnumber, seattype) VALUES (1, 'F', 8, 'Thường');
INSERT INTO Seat (roomid, seatrow, seatnumber, seattype) VALUES (1, 'F', 9, 'Sweetbox');
INSERT INTO Seat (roomid, seatrow, seatnumber, seattype) VALUES (1, 'F', 10, 'Sweetbox');
INSERT INTO Seat (roomid, seatrow, seatnumber, seattype) VALUES (2, 'A', 1, 'Sweetbox');
INSERT INTO Seat (roomid, seatrow, seatnumber, seattype) VALUES (2, 'A', 2, 'Thường');
INSERT INTO Seat (roomid, seatrow, seatnumber, seattype) VALUES (2, 'A', 3, 'Thường');
INSERT INTO Seat (roomid, seatrow, seatnumber, seattype) VALUES (2, 'A', 4, 'Sweetbox');
INSERT INTO Seat (roomid, seatrow, seatnumber, seattype) VALUES (2, 'A', 5, 'VIP');
INSERT INTO Seat (roomid, seatrow, seatnumber, seattype) VALUES (2, 'A', 6, 'VIP');
INSERT INTO Seat (roomid, seatrow, seatnumber, seattype) VALUES (2, 'A', 7, 'VIP');
INSERT INTO Seat (roomid, seatrow, seatnumber, seattype) VALUES (2, 'A', 8, 'VIP');
INSERT INTO Seat (roomid, seatrow, seatnumber, seattype) VALUES (2, 'A', 9, 'VIP');
INSERT INTO Seat (roomid, seatrow, seatnumber, seattype) VALUES (2, 'A', 10, 'Thường');
INSERT INTO Seat (roomid, seatrow, seatnumber, seattype) VALUES (2, 'B', 1, 'VIP');
INSERT INTO Seat (roomid, seatrow, seatnumber, seattype) VALUES (2, 'B', 2, 'VIP');
INSERT INTO Seat (roomid, seatrow, seatnumber, seattype) VALUES (2, 'B', 3, 'Sweetbox');
INSERT INTO Seat (roomid, seatrow, seatnumber, seattype) VALUES (2, 'B', 4, 'VIP');
INSERT INTO Seat (roomid, seatrow, seatnumber, seattype) VALUES (2, 'B', 5, 'Thường');
INSERT INTO Seat (roomid, seatrow, seatnumber, seattype) VALUES (2, 'B', 6, 'Sweetbox');
INSERT INTO Seat (roomid, seatrow, seatnumber, seattype) VALUES (2, 'B', 7, 'VIP');
INSERT INTO Seat (roomid, seatrow, seatnumber, seattype) VALUES (2, 'B', 8, 'Thường');
INSERT INTO Seat (roomid, seatrow, seatnumber, seattype) VALUES (2, 'B', 9, 'Sweetbox');
INSERT INTO Seat (roomid, seatrow, seatnumber, seattype) VALUES (2, 'B', 10, 'Thường');
INSERT INTO Seat (roomid, seatrow, seatnumber, seattype) VALUES (2, 'C', 1, 'VIP');
INSERT INTO Seat (roomid, seatrow, seatnumber, seattype) VALUES (2, 'C', 2, 'Thường');
INSERT INTO Seat (roomid, seatrow, seatnumber, seattype) VALUES (2, 'C', 3, 'Thường');
INSERT INTO Seat (roomid, seatrow, seatnumber, seattype) VALUES (2, 'C', 4, 'VIP');
INSERT INTO Seat (roomid, seatrow, seatnumber, seattype) VALUES (2, 'C', 5, 'Sweetbox');
INSERT INTO Seat (roomid, seatrow, seatnumber, seattype) VALUES (2, 'C', 6, 'VIP');
INSERT INTO Seat (roomid, seatrow, seatnumber, seattype) VALUES (2, 'C', 7, 'Thường');
INSERT INTO Seat (roomid, seatrow, seatnumber, seattype) VALUES (2, 'C', 8, 'Sweetbox');
INSERT INTO Seat (roomid, seatrow, seatnumber, seattype) VALUES (2, 'C', 9, 'Sweetbox');
INSERT INTO Seat (roomid, seatrow, seatnumber, seattype) VALUES (2, 'C', 10, 'Sweetbox');
INSERT INTO Seat (roomid, seatrow, seatnumber, seattype) VALUES (2, 'D', 1, 'Thường');
INSERT INTO Seat (roomid, seatrow, seatnumber, seattype) VALUES (2, 'D', 2, 'Thường');
INSERT INTO Seat (roomid, seatrow, seatnumber, seattype) VALUES (2, 'D', 3, 'Thường');
INSERT INTO Seat (roomid, seatrow, seatnumber, seattype) VALUES (2, 'D', 4, 'Thường');
INSERT INTO Seat (roomid, seatrow, seatnumber, seattype) VALUES (2, 'D', 5, 'VIP');
INSERT INTO Seat (roomid, seatrow, seatnumber, seattype) VALUES (2, 'D', 6, 'Thường');
INSERT INTO Seat (roomid, seatrow, seatnumber, seattype) VALUES (2, 'D', 7, 'Thường');
INSERT INTO Seat (roomid, seatrow, seatnumber, seattype) VALUES (2, 'D', 8, 'VIP');
INSERT INTO Seat (roomid, seatrow, seatnumber, seattype) VALUES (2, 'D', 9, 'Thường');
INSERT INTO Seat (roomid, seatrow, seatnumber, seattype) VALUES (2, 'D', 10, 'Sweetbox');
INSERT INTO Seat (roomid, seatrow, seatnumber, seattype) VALUES (2, 'E', 1, 'Thường');
INSERT INTO Seat (roomid, seatrow, seatnumber, seattype) VALUES (2, 'E', 2, 'VIP');
INSERT INTO Seat (roomid, seatrow, seatnumber, seattype) VALUES (2, 'E', 3, 'VIP');
INSERT INTO Seat (roomid, seatrow, seatnumber, seattype) VALUES (2, 'E', 4, 'VIP');
INSERT INTO Seat (roomid, seatrow, seatnumber, seattype) VALUES (2, 'E', 5, 'Sweetbox');
INSERT INTO Seat (roomid, seatrow, seatnumber, seattype) VALUES (2, 'E', 6, 'VIP');
INSERT INTO Seat (roomid, seatrow, seatnumber, seattype) VALUES (2, 'E', 7, 'VIP');
INSERT INTO Seat (roomid, seatrow, seatnumber, seattype) VALUES (2, 'E', 8, 'Sweetbox');
INSERT INTO Seat (roomid, seatrow, seatnumber, seattype) VALUES (2, 'E', 9, 'VIP');
INSERT INTO Seat (roomid, seatrow, seatnumber, seattype) VALUES (2, 'E', 10, 'VIP');
INSERT INTO Seat (roomid, seatrow, seatnumber, seattype) VALUES (2, 'F', 1, 'Sweetbox');
INSERT INTO Seat (roomid, seatrow, seatnumber, seattype) VALUES (2, 'F', 2, 'Thường');
INSERT INTO Seat (roomid, seatrow, seatnumber, seattype) VALUES (2, 'F', 3, 'Thường');
INSERT INTO Seat (roomid, seatrow, seatnumber, seattype) VALUES (2, 'F', 4, 'Sweetbox');
INSERT INTO Seat (roomid, seatrow, seatnumber, seattype) VALUES (2, 'F', 5, 'VIP');
INSERT INTO Seat (roomid, seatrow, seatnumber, seattype) VALUES (2, 'F', 6, 'Sweetbox');
INSERT INTO Seat (roomid, seatrow, seatnumber, seattype) VALUES (2, 'F', 7, 'Thường');
INSERT INTO Seat (roomid, seatrow, seatnumber, seattype) VALUES (2, 'F', 8, 'VIP');
INSERT INTO Seat (roomid, seatrow, seatnumber, seattype) VALUES (2, 'F', 9, 'VIP');
INSERT INTO Seat (roomid, seatrow, seatnumber, seattype) VALUES (2, 'F', 10, 'Thường');
INSERT INTO Seat (roomid, seatrow, seatnumber, seattype) VALUES (3, 'A', 1, 'Thường');
INSERT INTO Seat (roomid, seatrow, seatnumber, seattype) VALUES (3, 'A', 2, 'VIP');
INSERT INTO Seat (roomid, seatrow, seatnumber, seattype) VALUES (3, 'A', 3, 'Thường');
INSERT INTO Seat (roomid, seatrow, seatnumber, seattype) VALUES (3, 'A', 4, 'Thường');
INSERT INTO Seat (roomid, seatrow, seatnumber, seattype) VALUES (3, 'A', 5, 'Sweetbox');
INSERT INTO Seat (roomid, seatrow, seatnumber, seattype) VALUES (3, 'A', 6, 'VIP');
INSERT INTO Seat (roomid, seatrow, seatnumber, seattype) VALUES (3, 'A', 7, 'Thường');
INSERT INTO Seat (roomid, seatrow, seatnumber, seattype) VALUES (3, 'A', 8, 'VIP');
INSERT INTO Seat (roomid, seatrow, seatnumber, seattype) VALUES (3, 'A', 9, 'Sweetbox');
INSERT INTO Seat (roomid, seatrow, seatnumber, seattype) VALUES (3, 'A', 10, 'VIP');
INSERT INTO Seat (roomid, seatrow, seatnumber, seattype) VALUES (3, 'B', 1, 'VIP');
INSERT INTO Seat (roomid, seatrow, seatnumber, seattype) VALUES (3, 'B', 2, 'Sweetbox');
INSERT INTO Seat (roomid, seatrow, seatnumber, seattype) VALUES (3, 'B', 3, 'Thường');
INSERT INTO Seat (roomid, seatrow, seatnumber, seattype) VALUES (3, 'B', 4, 'VIP');
INSERT INTO Seat (roomid, seatrow, seatnumber, seattype) VALUES (3, 'B', 5, 'Thường');
INSERT INTO Seat (roomid, seatrow, seatnumber, seattype) VALUES (3, 'B', 6, 'VIP');
INSERT INTO Seat (roomid, seatrow, seatnumber, seattype) VALUES (3, 'B', 7, 'Thường');
INSERT INTO Seat (roomid, seatrow, seatnumber, seattype) VALUES (3, 'B', 8, 'Thường');
INSERT INTO Seat (roomid, seatrow, seatnumber, seattype) VALUES (3, 'B', 9, 'Sweetbox');
INSERT INTO Seat (roomid, seatrow, seatnumber, seattype) VALUES (3, 'B', 10, 'VIP');
INSERT INTO Seat (roomid, seatrow, seatnumber, seattype) VALUES (3, 'C', 1, 'Sweetbox');
INSERT INTO Seat (roomid, seatrow, seatnumber, seattype) VALUES (3, 'C', 2, 'VIP');
INSERT INTO Seat (roomid, seatrow, seatnumber, seattype) VALUES (3, 'C', 3, 'VIP');
INSERT INTO Seat (roomid, seatrow, seatnumber, seattype) VALUES (3, 'C', 4, 'VIP');
INSERT INTO Seat (roomid, seatrow, seatnumber, seattype) VALUES (3, 'C', 5, 'Sweetbox');
INSERT INTO Seat (roomid, seatrow, seatnumber, seattype) VALUES (3, 'C', 6, 'Thường');
INSERT INTO Seat (roomid, seatrow, seatnumber, seattype) VALUES (3, 'C', 7, 'VIP');
INSERT INTO Seat (roomid, seatrow, seatnumber, seattype) VALUES (3, 'C', 8, 'VIP');
INSERT INTO Seat (roomid, seatrow, seatnumber, seattype) VALUES (3, 'C', 9, 'VIP');
INSERT INTO Seat (roomid, seatrow, seatnumber, seattype) VALUES (3, 'C', 10, 'Thường');
INSERT INTO Seat (roomid, seatrow, seatnumber, seattype) VALUES (3, 'D', 1, 'Thường');
INSERT INTO Seat (roomid, seatrow, seatnumber, seattype) VALUES (3, 'D', 2, 'Sweetbox');
INSERT INTO Seat (roomid, seatrow, seatnumber, seattype) VALUES (3, 'D', 3, 'Thường');
INSERT INTO Seat (roomid, seatrow, seatnumber, seattype) VALUES (3, 'D', 4, 'VIP');
INSERT INTO Seat (roomid, seatrow, seatnumber, seattype) VALUES (3, 'D', 5, 'Thường');
INSERT INTO Seat (roomid, seatrow, seatnumber, seattype) VALUES (3, 'D', 6, 'Sweetbox');
INSERT INTO Seat (roomid, seatrow, seatnumber, seattype) VALUES (3, 'D', 7, 'Thường');
INSERT INTO Seat (roomid, seatrow, seatnumber, seattype) VALUES (3, 'D', 8, 'Sweetbox');
INSERT INTO Seat (roomid, seatrow, seatnumber, seattype) VALUES (3, 'D', 9, 'Thường');
INSERT INTO Seat (roomid, seatrow, seatnumber, seattype) VALUES (3, 'D', 10, 'VIP');
INSERT INTO Seat (roomid, seatrow, seatnumber, seattype) VALUES (3, 'E', 1, 'VIP');
INSERT INTO Seat (roomid, seatrow, seatnumber, seattype) VALUES (3, 'E', 2, 'Sweetbox');
INSERT INTO Seat (roomid, seatrow, seatnumber, seattype) VALUES (3, 'E', 3, 'Sweetbox');
INSERT INTO Seat (roomid, seatrow, seatnumber, seattype) VALUES (3, 'E', 4, 'Sweetbox');
INSERT INTO Seat (roomid, seatrow, seatnumber, seattype) VALUES (3, 'E', 5, 'Thường');
INSERT INTO Seat (roomid, seatrow, seatnumber, seattype) VALUES (3, 'E', 6, 'VIP');
INSERT INTO Seat (roomid, seatrow, seatnumber, seattype) VALUES (3, 'E', 7, 'VIP');
INSERT INTO Seat (roomid, seatrow, seatnumber, seattype) VALUES (3, 'E', 8, 'Sweetbox');
INSERT INTO Seat (roomid, seatrow, seatnumber, seattype) VALUES (3, 'E', 9, 'VIP');
INSERT INTO Seat (roomid, seatrow, seatnumber, seattype) VALUES (3, 'E', 10, 'VIP');
INSERT INTO Seat (roomid, seatrow, seatnumber, seattype) VALUES (3, 'F', 1, 'Sweetbox');
INSERT INTO Seat (roomid, seatrow, seatnumber, seattype) VALUES (3, 'F', 2, 'Thường');
INSERT INTO Seat (roomid, seatrow, seatnumber, seattype) VALUES (3, 'F', 3, 'Sweetbox');
INSERT INTO Seat (roomid, seatrow, seatnumber, seattype) VALUES (3, 'F', 4, 'Sweetbox');
INSERT INTO Seat (roomid, seatrow, seatnumber, seattype) VALUES (3, 'F', 5, 'VIP');
INSERT INTO Seat (roomid, seatrow, seatnumber, seattype) VALUES (3, 'F', 6, 'VIP');
INSERT INTO Seat (roomid, seatrow, seatnumber, seattype) VALUES (3, 'F', 7, 'Thường');
INSERT INTO Seat (roomid, seatrow, seatnumber, seattype) VALUES (3, 'F', 8, 'VIP');
INSERT INTO Seat (roomid, seatrow, seatnumber, seattype) VALUES (3, 'F', 9, 'VIP');
INSERT INTO Seat (roomid, seatrow, seatnumber, seattype) VALUES (3, 'F', 10, 'Sweetbox');
INSERT INTO Seat (roomid, seatrow, seatnumber, seattype) VALUES (4, 'A', 1, 'Thường');
INSERT INTO Seat (roomid, seatrow, seatnumber, seattype) VALUES (4, 'A', 2, 'VIP');
INSERT INTO Seat (roomid, seatrow, seatnumber, seattype) VALUES (4, 'A', 3, 'Thường');
INSERT INTO Seat (roomid, seatrow, seatnumber, seattype) VALUES (4, 'A', 4, 'VIP');
INSERT INTO Seat (roomid, seatrow, seatnumber, seattype) VALUES (4, 'A', 5, 'Sweetbox');
INSERT INTO Seat (roomid, seatrow, seatnumber, seattype) VALUES (4, 'A', 6, 'Sweetbox');
INSERT INTO Seat (roomid, seatrow, seatnumber, seattype) VALUES (4, 'A', 7, 'Thường');
INSERT INTO Seat (roomid, seatrow, seatnumber, seattype) VALUES (4, 'A', 8, 'Thường');
INSERT INTO Seat (roomid, seatrow, seatnumber, seattype) VALUES (4, 'A', 9, 'Sweetbox');
INSERT INTO Seat (roomid, seatrow, seatnumber, seattype) VALUES (4, 'A', 10, 'Thường');
INSERT INTO Seat (roomid, seatrow, seatnumber, seattype) VALUES (4, 'B', 1, 'Sweetbox');
INSERT INTO Seat (roomid, seatrow, seatnumber, seattype) VALUES (4, 'B', 2, 'Thường');
INSERT INTO Seat (roomid, seatrow, seatnumber, seattype) VALUES (4, 'B', 3, 'Sweetbox');
INSERT INTO Seat (roomid, seatrow, seatnumber, seattype) VALUES (4, 'B', 4, 'Thường');
INSERT INTO Seat (roomid, seatrow, seatnumber, seattype) VALUES (4, 'B', 5, 'Thường');
INSERT INTO Seat (roomid, seatrow, seatnumber, seattype) VALUES (4, 'B', 6, 'Thường');
INSERT INTO Seat (roomid, seatrow, seatnumber, seattype) VALUES (4, 'B', 7, 'Sweetbox');
INSERT INTO Seat (roomid, seatrow, seatnumber, seattype) VALUES (4, 'B', 8, 'Thường');
INSERT INTO Seat (roomid, seatrow, seatnumber, seattype) VALUES (4, 'B', 9, 'Thường');
INSERT INTO Seat (roomid, seatrow, seatnumber, seattype) VALUES (4, 'B', 10, 'VIP');
INSERT INTO Seat (roomid, seatrow, seatnumber, seattype) VALUES (4, 'C', 1, 'Thường');
INSERT INTO Seat (roomid, seatrow, seatnumber, seattype) VALUES (4, 'C', 2, 'VIP');
INSERT INTO Seat (roomid, seatrow, seatnumber, seattype) VALUES (4, 'C', 3, 'Thường');
INSERT INTO Seat (roomid, seatrow, seatnumber, seattype) VALUES (4, 'C', 4, 'Thường');
INSERT INTO Seat (roomid, seatrow, seatnumber, seattype) VALUES (4, 'C', 5, 'Thường');
INSERT INTO Seat (roomid, seatrow, seatnumber, seattype) VALUES (4, 'C', 6, 'VIP');
INSERT INTO Seat (roomid, seatrow, seatnumber, seattype) VALUES (4, 'C', 7, 'Thường');
INSERT INTO Seat (roomid, seatrow, seatnumber, seattype) VALUES (4, 'C', 8, 'Sweetbox');
INSERT INTO Seat (roomid, seatrow, seatnumber, seattype) VALUES (4, 'C', 9, 'Sweetbox');
INSERT INTO Seat (roomid, seatrow, seatnumber, seattype) VALUES (4, 'C', 10, 'Thường');
INSERT INTO Seat (roomid, seatrow, seatnumber, seattype) VALUES (4, 'D', 1, 'Sweetbox');
INSERT INTO Seat (roomid, seatrow, seatnumber, seattype) VALUES (4, 'D', 2, 'Thường');
INSERT INTO Seat (roomid, seatrow, seatnumber, seattype) VALUES (4, 'D', 3, 'VIP');
INSERT INTO Seat (roomid, seatrow, seatnumber, seattype) VALUES (4, 'D', 4, 'Sweetbox');
INSERT INTO Seat (roomid, seatrow, seatnumber, seattype) VALUES (4, 'D', 5, 'Sweetbox');
INSERT INTO Seat (roomid, seatrow, seatnumber, seattype) VALUES (4, 'D', 6, 'Sweetbox');
INSERT INTO Seat (roomid, seatrow, seatnumber, seattype) VALUES (4, 'D', 7, 'Sweetbox');
INSERT INTO Seat (roomid, seatrow, seatnumber, seattype) VALUES (4, 'D', 8, 'Sweetbox');
INSERT INTO Seat (roomid, seatrow, seatnumber, seattype) VALUES (4, 'D', 9, 'Sweetbox');
INSERT INTO Seat (roomid, seatrow, seatnumber, seattype) VALUES (4, 'D', 10, 'Thường');
INSERT INTO Seat (roomid, seatrow, seatnumber, seattype) VALUES (4, 'E', 1, 'VIP');
INSERT INTO Seat (roomid, seatrow, seatnumber, seattype) VALUES (4, 'E', 2, 'Thường');
INSERT INTO Seat (roomid, seatrow, seatnumber, seattype) VALUES (4, 'E', 3, 'Thường');
INSERT INTO Seat (roomid, seatrow, seatnumber, seattype) VALUES (4, 'E', 4, 'Thường');
INSERT INTO Seat (roomid, seatrow, seatnumber, seattype) VALUES (4, 'E', 5, 'Sweetbox');
INSERT INTO Seat (roomid, seatrow, seatnumber, seattype) VALUES (4, 'E', 6, 'VIP');
INSERT INTO Seat (roomid, seatrow, seatnumber, seattype) VALUES (4, 'E', 7, 'Thường');
INSERT INTO Seat (roomid, seatrow, seatnumber, seattype) VALUES (4, 'E', 8, 'Sweetbox');
INSERT INTO Seat (roomid, seatrow, seatnumber, seattype) VALUES (4, 'E', 9, 'Thường');
INSERT INTO Seat (roomid, seatrow, seatnumber, seattype) VALUES (4, 'E', 10, 'Thường');
INSERT INTO Seat (roomid, seatrow, seatnumber, seattype) VALUES (4, 'F', 1, 'Sweetbox');
INSERT INTO Seat (roomid, seatrow, seatnumber, seattype) VALUES (4, 'F', 2, 'VIP');
INSERT INTO Seat (roomid, seatrow, seatnumber, seattype) VALUES (4, 'F', 3, 'Sweetbox');
INSERT INTO Seat (roomid, seatrow, seatnumber, seattype) VALUES (4, 'F', 4, 'Sweetbox');
INSERT INTO Seat (roomid, seatrow, seatnumber, seattype) VALUES (4, 'F', 5, 'Thường');
INSERT INTO Seat (roomid, seatrow, seatnumber, seattype) VALUES (4, 'F', 6, 'VIP');
INSERT INTO Seat (roomid, seatrow, seatnumber, seattype) VALUES (4, 'F', 7, 'VIP');
INSERT INTO Seat (roomid, seatrow, seatnumber, seattype) VALUES (4, 'F', 8, 'VIP');
INSERT INTO Seat (roomid, seatrow, seatnumber, seattype) VALUES (4, 'F', 9, 'Thường');
INSERT INTO Seat (roomid, seatrow, seatnumber, seattype) VALUES (4, 'F', 10, 'Thường');
INSERT INTO Seat (roomid, seatrow, seatnumber, seattype) VALUES (5, 'A', 1, 'VIP');
INSERT INTO Seat (roomid, seatrow, seatnumber, seattype) VALUES (5, 'A', 2, 'Sweetbox');
INSERT INTO Seat (roomid, seatrow, seatnumber, seattype) VALUES (5, 'A', 3, 'Thường');
INSERT INTO Seat (roomid, seatrow, seatnumber, seattype) VALUES (5, 'A', 4, 'Thường');
INSERT INTO Seat (roomid, seatrow, seatnumber, seattype) VALUES (5, 'A', 5, 'VIP');
INSERT INTO Seat (roomid, seatrow, seatnumber, seattype) VALUES (5, 'A', 6, 'VIP');
INSERT INTO Seat (roomid, seatrow, seatnumber, seattype) VALUES (5, 'A', 7, 'Sweetbox');
INSERT INTO Seat (roomid, seatrow, seatnumber, seattype) VALUES (5, 'A', 8, 'Thường');
INSERT INTO Seat (roomid, seatrow, seatnumber, seattype) VALUES (5, 'A', 9, 'Sweetbox');
INSERT INTO Seat (roomid, seatrow, seatnumber, seattype) VALUES (5, 'A', 10, 'VIP');
INSERT INTO Seat (roomid, seatrow, seatnumber, seattype) VALUES (5, 'B', 1, 'Thường');
INSERT INTO Seat (roomid, seatrow, seatnumber, seattype) VALUES (5, 'B', 2, 'VIP');
INSERT INTO Seat (roomid, seatrow, seatnumber, seattype) VALUES (5, 'B', 3, 'Thường');
INSERT INTO Seat (roomid, seatrow, seatnumber, seattype) VALUES (5, 'B', 4, 'VIP');
INSERT INTO Seat (roomid, seatrow, seatnumber, seattype) VALUES (5, 'B', 5, 'Sweetbox');
INSERT INTO Seat (roomid, seatrow, seatnumber, seattype) VALUES (5, 'B', 6, 'Sweetbox');
INSERT INTO Seat (roomid, seatrow, seatnumber, seattype) VALUES (5, 'B', 7, 'Thường');
INSERT INTO Seat (roomid, seatrow, seatnumber, seattype) VALUES (5, 'B', 8, 'Thường');
INSERT INTO Seat (roomid, seatrow, seatnumber, seattype) VALUES (5, 'B', 9, 'VIP');
INSERT INTO Seat (roomid, seatrow, seatnumber, seattype) VALUES (5, 'B', 10, 'VIP');
INSERT INTO Seat (roomid, seatrow, seatnumber, seattype) VALUES (5, 'C', 1, 'VIP');
INSERT INTO Seat (roomid, seatrow, seatnumber, seattype) VALUES (5, 'C', 2, 'Sweetbox');
INSERT INTO Seat (roomid, seatrow, seatnumber, seattype) VALUES (5, 'C', 3, 'Sweetbox');
INSERT INTO Seat (roomid, seatrow, seatnumber, seattype) VALUES (5, 'C', 4, 'Sweetbox');
INSERT INTO Seat (roomid, seatrow, seatnumber, seattype) VALUES (5, 'C', 5, 'VIP');
INSERT INTO Seat (roomid, seatrow, seatnumber, seattype) VALUES (5, 'C', 6, 'Sweetbox');
INSERT INTO Seat (roomid, seatrow, seatnumber, seattype) VALUES (5, 'C', 7, 'Thường');
INSERT INTO Seat (roomid, seatrow, seatnumber, seattype) VALUES (5, 'C', 8, 'Thường');
INSERT INTO Seat (roomid, seatrow, seatnumber, seattype) VALUES (5, 'C', 9, 'Thường');
INSERT INTO Seat (roomid, seatrow, seatnumber, seattype) VALUES (5, 'C', 10, 'Thường');
INSERT INTO Seat (roomid, seatrow, seatnumber, seattype) VALUES (5, 'D', 1, 'Sweetbox');
INSERT INTO Seat (roomid, seatrow, seatnumber, seattype) VALUES (5, 'D', 2, 'VIP');
INSERT INTO Seat (roomid, seatrow, seatnumber, seattype) VALUES (5, 'D', 3, 'VIP');
INSERT INTO Seat (roomid, seatrow, seatnumber, seattype) VALUES (5, 'D', 4, 'Sweetbox');
INSERT INTO Seat (roomid, seatrow, seatnumber, seattype) VALUES (5, 'D', 5, 'Thường');
INSERT INTO Seat (roomid, seatrow, seatnumber, seattype) VALUES (5, 'D', 6, 'Sweetbox');
INSERT INTO Seat (roomid, seatrow, seatnumber, seattype) VALUES (5, 'D', 7, 'Sweetbox');
INSERT INTO Seat (roomid, seatrow, seatnumber, seattype) VALUES (5, 'D', 8, 'VIP');
INSERT INTO Seat (roomid, seatrow, seatnumber, seattype) VALUES (5, 'D', 9, 'Sweetbox');
INSERT INTO Seat (roomid, seatrow, seatnumber, seattype) VALUES (5, 'D', 10, 'VIP');
INSERT INTO Seat (roomid, seatrow, seatnumber, seattype) VALUES (5, 'E', 1, 'Thường');
INSERT INTO Seat (roomid, seatrow, seatnumber, seattype) VALUES (5, 'E', 2, 'VIP');
INSERT INTO Seat (roomid, seatrow, seatnumber, seattype) VALUES (5, 'E', 3, 'Thường');
INSERT INTO Seat (roomid, seatrow, seatnumber, seattype) VALUES (5, 'E', 4, 'VIP');
INSERT INTO Seat (roomid, seatrow, seatnumber, seattype) VALUES (5, 'E', 5, 'Thường');
INSERT INTO Seat (roomid, seatrow, seatnumber, seattype) VALUES (5, 'E', 6, 'Sweetbox');
INSERT INTO Seat (roomid, seatrow, seatnumber, seattype) VALUES (5, 'E', 7, 'VIP');
INSERT INTO Seat (roomid, seatrow, seatnumber, seattype) VALUES (5, 'E', 8, 'VIP');
INSERT INTO Seat (roomid, seatrow, seatnumber, seattype) VALUES (5, 'E', 9, 'VIP');
INSERT INTO Seat (roomid, seatrow, seatnumber, seattype) VALUES (5, 'E', 10, 'Sweetbox');
INSERT INTO Seat (roomid, seatrow, seatnumber, seattype) VALUES (5, 'F', 1, 'Thường');
INSERT INTO Seat (roomid, seatrow, seatnumber, seattype) VALUES (5, 'F', 2, 'VIP');
INSERT INTO Seat (roomid, seatrow, seatnumber, seattype) VALUES (5, 'F', 3, 'VIP');
INSERT INTO Seat (roomid, seatrow, seatnumber, seattype) VALUES (5, 'F', 4, 'VIP');
INSERT INTO Seat (roomid, seatrow, seatnumber, seattype) VALUES (5, 'F', 5, 'Sweetbox');
INSERT INTO Seat (roomid, seatrow, seatnumber, seattype) VALUES (5, 'F', 6, 'Sweetbox');
INSERT INTO Seat (roomid, seatrow, seatnumber, seattype) VALUES (5, 'F', 7, 'Thường');
INSERT INTO Seat (roomid, seatrow, seatnumber, seattype) VALUES (5, 'F', 8, 'VIP');
INSERT INTO Seat (roomid, seatrow, seatnumber, seattype) VALUES (5, 'F', 9, 'Thường');
INSERT INTO Seat (roomid, seatrow, seatnumber, seattype) VALUES (5, 'F', 10, 'Sweetbox');
INSERT INTO Seat (roomid, seatrow, seatnumber, seattype) VALUES (6, 'A', 1, 'Sweetbox');
INSERT INTO Seat (roomid, seatrow, seatnumber, seattype) VALUES (6, 'A', 2, 'Sweetbox');
INSERT INTO Seat (roomid, seatrow, seatnumber, seattype) VALUES (6, 'A', 3, 'Thường');
INSERT INTO Seat (roomid, seatrow, seatnumber, seattype) VALUES (6, 'A', 4, 'Thường');
INSERT INTO Seat (roomid, seatrow, seatnumber, seattype) VALUES (6, 'A', 5, 'Sweetbox');
INSERT INTO Seat (roomid, seatrow, seatnumber, seattype) VALUES (6, 'A', 6, 'VIP');
INSERT INTO Seat (roomid, seatrow, seatnumber, seattype) VALUES (6, 'A', 7, 'VIP');
INSERT INTO Seat (roomid, seatrow, seatnumber, seattype) VALUES (6, 'A', 8, 'Thường');
INSERT INTO Seat (roomid, seatrow, seatnumber, seattype) VALUES (6, 'A', 9, 'Thường');
INSERT INTO Seat (roomid, seatrow, seatnumber, seattype) VALUES (6, 'A', 10, 'VIP');
INSERT INTO Seat (roomid, seatrow, seatnumber, seattype) VALUES (6, 'B', 1, 'VIP');
INSERT INTO Seat (roomid, seatrow, seatnumber, seattype) VALUES (6, 'B', 2, 'VIP');
INSERT INTO Seat (roomid, seatrow, seatnumber, seattype) VALUES (6, 'B', 3, 'Sweetbox');
INSERT INTO Seat (roomid, seatrow, seatnumber, seattype) VALUES (6, 'B', 4, 'VIP');
INSERT INTO Seat (roomid, seatrow, seatnumber, seattype) VALUES (6, 'B', 5, 'Thường');
INSERT INTO Seat (roomid, seatrow, seatnumber, seattype) VALUES (6, 'B', 6, 'Sweetbox');
INSERT INTO Seat (roomid, seatrow, seatnumber, seattype) VALUES (6, 'B', 7, 'VIP');
INSERT INTO Seat (roomid, seatrow, seatnumber, seattype) VALUES (6, 'B', 8, 'Sweetbox');
INSERT INTO Seat (roomid, seatrow, seatnumber, seattype) VALUES (6, 'B', 9, 'Thường');
INSERT INTO Seat (roomid, seatrow, seatnumber, seattype) VALUES (6, 'B', 10, 'Thường');
INSERT INTO Seat (roomid, seatrow, seatnumber, seattype) VALUES (6, 'C', 1, 'Sweetbox');
INSERT INTO Seat (roomid, seatrow, seatnumber, seattype) VALUES (6, 'C', 2, 'Thường');
INSERT INTO Seat (roomid, seatrow, seatnumber, seattype) VALUES (6, 'C', 3, 'Sweetbox');
INSERT INTO Seat (roomid, seatrow, seatnumber, seattype) VALUES (6, 'C', 4, 'Thường');
INSERT INTO Seat (roomid, seatrow, seatnumber, seattype) VALUES (6, 'C', 5, 'Thường');
INSERT INTO Seat (roomid, seatrow, seatnumber, seattype) VALUES (6, 'C', 6, 'Thường');
INSERT INTO Seat (roomid, seatrow, seatnumber, seattype) VALUES (6, 'C', 7, 'VIP');
INSERT INTO Seat (roomid, seatrow, seatnumber, seattype) VALUES (6, 'C', 8, 'VIP');
INSERT INTO Seat (roomid, seatrow, seatnumber, seattype) VALUES (6, 'C', 9, 'VIP');
INSERT INTO Seat (roomid, seatrow, seatnumber, seattype) VALUES (6, 'C', 10, 'VIP');
INSERT INTO Seat (roomid, seatrow, seatnumber, seattype) VALUES (6, 'D', 1, 'Sweetbox');
INSERT INTO Seat (roomid, seatrow, seatnumber, seattype) VALUES (6, 'D', 2, 'Sweetbox');
INSERT INTO Seat (roomid, seatrow, seatnumber, seattype) VALUES (6, 'D', 3, 'Sweetbox');
INSERT INTO Seat (roomid, seatrow, seatnumber, seattype) VALUES (6, 'D', 4, 'Sweetbox');
INSERT INTO Seat (roomid, seatrow, seatnumber, seattype) VALUES (6, 'D', 5, 'Thường');
INSERT INTO Seat (roomid, seatrow, seatnumber, seattype) VALUES (6, 'D', 6, 'VIP');
INSERT INTO Seat (roomid, seatrow, seatnumber, seattype) VALUES (6, 'D', 7, 'VIP');
INSERT INTO Seat (roomid, seatrow, seatnumber, seattype) VALUES (6, 'D', 8, 'Thường');
INSERT INTO Seat (roomid, seatrow, seatnumber, seattype) VALUES (6, 'D', 9, 'Thường');
INSERT INTO Seat (roomid, seatrow, seatnumber, seattype) VALUES (6, 'D', 10, 'Thường');
INSERT INTO Seat (roomid, seatrow, seatnumber, seattype) VALUES (6, 'E', 1, 'Thường');
INSERT INTO Seat (roomid, seatrow, seatnumber, seattype) VALUES (6, 'E', 2, 'VIP');
INSERT INTO Seat (roomid, seatrow, seatnumber, seattype) VALUES (6, 'E', 3, 'Sweetbox');
INSERT INTO Seat (roomid, seatrow, seatnumber, seattype) VALUES (6, 'E', 4, 'VIP');
INSERT INTO Seat (roomid, seatrow, seatnumber, seattype) VALUES (6, 'E', 5, 'Sweetbox');
INSERT INTO Seat (roomid, seatrow, seatnumber, seattype) VALUES (6, 'E', 6, 'Sweetbox');
INSERT INTO Seat (roomid, seatrow, seatnumber, seattype) VALUES (6, 'E', 7, 'Sweetbox');
INSERT INTO Seat (roomid, seatrow, seatnumber, seattype) VALUES (6, 'E', 8, 'Sweetbox');
INSERT INTO Seat (roomid, seatrow, seatnumber, seattype) VALUES (6, 'E', 9, 'VIP');
INSERT INTO Seat (roomid, seatrow, seatnumber, seattype) VALUES (6, 'E', 10, 'VIP');
INSERT INTO Seat (roomid, seatrow, seatnumber, seattype) VALUES (6, 'F', 1, 'Thường');
INSERT INTO Seat (roomid, seatrow, seatnumber, seattype) VALUES (6, 'F', 2, 'Sweetbox');
INSERT INTO Seat (roomid, seatrow, seatnumber, seattype) VALUES (6, 'F', 3, 'VIP');
INSERT INTO Seat (roomid, seatrow, seatnumber, seattype) VALUES (6, 'F', 4, 'VIP');
INSERT INTO Seat (roomid, seatrow, seatnumber, seattype) VALUES (6, 'F', 5, 'Sweetbox');
INSERT INTO Seat (roomid, seatrow, seatnumber, seattype) VALUES (6, 'F', 6, 'Thường');
INSERT INTO Seat (roomid, seatrow, seatnumber, seattype) VALUES (6, 'F', 7, 'Sweetbox');
INSERT INTO Seat (roomid, seatrow, seatnumber, seattype) VALUES (6, 'F', 8, 'VIP');
INSERT INTO Seat (roomid, seatrow, seatnumber, seattype) VALUES (6, 'F', 9, 'Sweetbox');
INSERT INTO Seat (roomid, seatrow, seatnumber, seattype) VALUES (6, 'F', 10, 'Sweetbox');
INSERT INTO Seat (roomid, seatrow, seatnumber, seattype) VALUES (7, 'A', 1, 'Sweetbox');
INSERT INTO Seat (roomid, seatrow, seatnumber, seattype) VALUES (7, 'A', 2, 'VIP');
INSERT INTO Seat (roomid, seatrow, seatnumber, seattype) VALUES (7, 'A', 3, 'Sweetbox');
INSERT INTO Seat (roomid, seatrow, seatnumber, seattype) VALUES (7, 'A', 4, 'Sweetbox');
INSERT INTO Seat (roomid, seatrow, seatnumber, seattype) VALUES (7, 'A', 5, 'Thường');
INSERT INTO Seat (roomid, seatrow, seatnumber, seattype) VALUES (7, 'A', 6, 'VIP');
INSERT INTO Seat (roomid, seatrow, seatnumber, seattype) VALUES (7, 'A', 7, 'Thường');
INSERT INTO Seat (roomid, seatrow, seatnumber, seattype) VALUES (7, 'A', 8, 'Thường');
INSERT INTO Seat (roomid, seatrow, seatnumber, seattype) VALUES (7, 'A', 9, 'Sweetbox');
INSERT INTO Seat (roomid, seatrow, seatnumber, seattype) VALUES (7, 'A', 10, 'VIP');
INSERT INTO Seat (roomid, seatrow, seatnumber, seattype) VALUES (7, 'B', 1, 'Thường');
INSERT INTO Seat (roomid, seatrow, seatnumber, seattype) VALUES (7, 'B', 2, 'VIP');
INSERT INTO Seat (roomid, seatrow, seatnumber, seattype) VALUES (7, 'B', 3, 'Sweetbox');
INSERT INTO Seat (roomid, seatrow, seatnumber, seattype) VALUES (7, 'B', 4, 'VIP');
INSERT INTO Seat (roomid, seatrow, seatnumber, seattype) VALUES (7, 'B', 5, 'Sweetbox');
INSERT INTO Seat (roomid, seatrow, seatnumber, seattype) VALUES (7, 'B', 6, 'Thường');
INSERT INTO Seat (roomid, seatrow, seatnumber, seattype) VALUES (7, 'B', 7, 'Sweetbox');
INSERT INTO Seat (roomid, seatrow, seatnumber, seattype) VALUES (7, 'B', 8, 'Sweetbox');
INSERT INTO Seat (roomid, seatrow, seatnumber, seattype) VALUES (7, 'B', 9, 'Thường');
INSERT INTO Seat (roomid, seatrow, seatnumber, seattype) VALUES (7, 'B', 10, 'VIP');
INSERT INTO Seat (roomid, seatrow, seatnumber, seattype) VALUES (7, 'C', 1, 'Thường');
INSERT INTO Seat (roomid, seatrow, seatnumber, seattype) VALUES (7, 'C', 2, 'Thường');
INSERT INTO Seat (roomid, seatrow, seatnumber, seattype) VALUES (7, 'C', 3, 'Thường');
INSERT INTO Seat (roomid, seatrow, seatnumber, seattype) VALUES (7, 'C', 4, 'VIP');
INSERT INTO Seat (roomid, seatrow, seatnumber, seattype) VALUES (7, 'C', 5, 'VIP');
INSERT INTO Seat (roomid, seatrow, seatnumber, seattype) VALUES (7, 'C', 6, 'Thường');
INSERT INTO Seat (roomid, seatrow, seatnumber, seattype) VALUES (7, 'C', 7, 'Thường');
INSERT INTO Seat (roomid, seatrow, seatnumber, seattype) VALUES (7, 'C', 8, 'Thường');
INSERT INTO Seat (roomid, seatrow, seatnumber, seattype) VALUES (7, 'C', 9, 'Sweetbox');
INSERT INTO Seat (roomid, seatrow, seatnumber, seattype) VALUES (7, 'C', 10, 'VIP');
INSERT INTO Seat (roomid, seatrow, seatnumber, seattype) VALUES (7, 'D', 1, 'Sweetbox');
INSERT INTO Seat (roomid, seatrow, seatnumber, seattype) VALUES (7, 'D', 2, 'Thường');
INSERT INTO Seat (roomid, seatrow, seatnumber, seattype) VALUES (7, 'D', 3, 'Sweetbox');
INSERT INTO Seat (roomid, seatrow, seatnumber, seattype) VALUES (7, 'D', 4, 'VIP');
INSERT INTO Seat (roomid, seatrow, seatnumber, seattype) VALUES (7, 'D', 5, 'Sweetbox');
INSERT INTO Seat (roomid, seatrow, seatnumber, seattype) VALUES (7, 'D', 6, 'Sweetbox');
INSERT INTO Seat (roomid, seatrow, seatnumber, seattype) VALUES (7, 'D', 7, 'Sweetbox');
INSERT INTO Seat (roomid, seatrow, seatnumber, seattype) VALUES (7, 'D', 8, 'VIP');
INSERT INTO Seat (roomid, seatrow, seatnumber, seattype) VALUES (7, 'D', 9, 'Thường');
INSERT INTO Seat (roomid, seatrow, seatnumber, seattype) VALUES (7, 'D', 10, 'Thường');
INSERT INTO Seat (roomid, seatrow, seatnumber, seattype) VALUES (7, 'E', 1, 'Thường');
INSERT INTO Seat (roomid, seatrow, seatnumber, seattype) VALUES (7, 'E', 2, 'Sweetbox');
INSERT INTO Seat (roomid, seatrow, seatnumber, seattype) VALUES (7, 'E', 3, 'Sweetbox');
INSERT INTO Seat (roomid, seatrow, seatnumber, seattype) VALUES (7, 'E', 4, 'Sweetbox');
INSERT INTO Seat (roomid, seatrow, seatnumber, seattype) VALUES (7, 'E', 5, 'VIP');
INSERT INTO Seat (roomid, seatrow, seatnumber, seattype) VALUES (7, 'E', 6, 'Sweetbox');
INSERT INTO Seat (roomid, seatrow, seatnumber, seattype) VALUES (7, 'E', 7, 'Thường');
INSERT INTO Seat (roomid, seatrow, seatnumber, seattype) VALUES (7, 'E', 8, 'Thường');
INSERT INTO Seat (roomid, seatrow, seatnumber, seattype) VALUES (7, 'E', 9, 'VIP');
INSERT INTO Seat (roomid, seatrow, seatnumber, seattype) VALUES (7, 'E', 10, 'Thường');
INSERT INTO Seat (roomid, seatrow, seatnumber, seattype) VALUES (7, 'F', 1, 'Thường');
INSERT INTO Seat (roomid, seatrow, seatnumber, seattype) VALUES (7, 'F', 2, 'Thường');
INSERT INTO Seat (roomid, seatrow, seatnumber, seattype) VALUES (7, 'F', 3, 'Sweetbox');
INSERT INTO Seat (roomid, seatrow, seatnumber, seattype) VALUES (7, 'F', 4, 'VIP');
INSERT INTO Seat (roomid, seatrow, seatnumber, seattype) VALUES (7, 'F', 5, 'Thường');
INSERT INTO Seat (roomid, seatrow, seatnumber, seattype) VALUES (7, 'F', 6, 'Thường');
INSERT INTO Seat (roomid, seatrow, seatnumber, seattype) VALUES (7, 'F', 7, 'Thường');
INSERT INTO Seat (roomid, seatrow, seatnumber, seattype) VALUES (7, 'F', 8, 'VIP');
INSERT INTO Seat (roomid, seatrow, seatnumber, seattype) VALUES (7, 'F', 9, 'VIP');
INSERT INTO Seat (roomid, seatrow, seatnumber, seattype) VALUES (7, 'F', 10, 'VIP');
INSERT INTO Seat (roomid, seatrow, seatnumber, seattype) VALUES (8, 'A', 1, 'VIP');
INSERT INTO Seat (roomid, seatrow, seatnumber, seattype) VALUES (8, 'A', 2, 'Sweetbox');
INSERT INTO Seat (roomid, seatrow, seatnumber, seattype) VALUES (8, 'A', 3, 'VIP');
INSERT INTO Seat (roomid, seatrow, seatnumber, seattype) VALUES (8, 'A', 4, 'Sweetbox');
INSERT INTO Seat (roomid, seatrow, seatnumber, seattype) VALUES (8, 'A', 5, 'Thường');
INSERT INTO Seat (roomid, seatrow, seatnumber, seattype) VALUES (8, 'A', 6, 'Thường');
INSERT INTO Seat (roomid, seatrow, seatnumber, seattype) VALUES (8, 'A', 7, 'VIP');
INSERT INTO Seat (roomid, seatrow, seatnumber, seattype) VALUES (8, 'A', 8, 'Thường');
INSERT INTO Seat (roomid, seatrow, seatnumber, seattype) VALUES (8, 'A', 9, 'Sweetbox');
INSERT INTO Seat (roomid, seatrow, seatnumber, seattype) VALUES (8, 'A', 10, 'Sweetbox');
INSERT INTO Seat (roomid, seatrow, seatnumber, seattype) VALUES (8, 'B', 1, 'VIP');
INSERT INTO Seat (roomid, seatrow, seatnumber, seattype) VALUES (8, 'B', 2, 'Thường');
INSERT INTO Seat (roomid, seatrow, seatnumber, seattype) VALUES (8, 'B', 3, 'Sweetbox');
INSERT INTO Seat (roomid, seatrow, seatnumber, seattype) VALUES (8, 'B', 4, 'VIP');
INSERT INTO Seat (roomid, seatrow, seatnumber, seattype) VALUES (8, 'B', 5, 'VIP');
INSERT INTO Seat (roomid, seatrow, seatnumber, seattype) VALUES (8, 'B', 6, 'Thường');
INSERT INTO Seat (roomid, seatrow, seatnumber, seattype) VALUES (8, 'B', 7, 'Sweetbox');
INSERT INTO Seat (roomid, seatrow, seatnumber, seattype) VALUES (8, 'B', 8, 'Thường');
INSERT INTO Seat (roomid, seatrow, seatnumber, seattype) VALUES (8, 'B', 9, 'Sweetbox');
INSERT INTO Seat (roomid, seatrow, seatnumber, seattype) VALUES (8, 'B', 10, 'Sweetbox');
INSERT INTO Seat (roomid, seatrow, seatnumber, seattype) VALUES (8, 'C', 1, 'Thường');
INSERT INTO Seat (roomid, seatrow, seatnumber, seattype) VALUES (8, 'C', 2, 'VIP');
INSERT INTO Seat (roomid, seatrow, seatnumber, seattype) VALUES (8, 'C', 3, 'VIP');
INSERT INTO Seat (roomid, seatrow, seatnumber, seattype) VALUES (8, 'C', 4, 'Sweetbox');
INSERT INTO Seat (roomid, seatrow, seatnumber, seattype) VALUES (8, 'C', 5, 'VIP');
INSERT INTO Seat (roomid, seatrow, seatnumber, seattype) VALUES (8, 'C', 6, 'Sweetbox');
INSERT INTO Seat (roomid, seatrow, seatnumber, seattype) VALUES (8, 'C', 7, 'Thường');
INSERT INTO Seat (roomid, seatrow, seatnumber, seattype) VALUES (8, 'C', 8, 'Sweetbox');
INSERT INTO Seat (roomid, seatrow, seatnumber, seattype) VALUES (8, 'C', 9, 'Sweetbox');
INSERT INTO Seat (roomid, seatrow, seatnumber, seattype) VALUES (8, 'C', 10, 'Thường');
INSERT INTO Seat (roomid, seatrow, seatnumber, seattype) VALUES (8, 'D', 1, 'Sweetbox');
INSERT INTO Seat (roomid, seatrow, seatnumber, seattype) VALUES (8, 'D', 2, 'Thường');
INSERT INTO Seat (roomid, seatrow, seatnumber, seattype) VALUES (8, 'D', 3, 'VIP');
INSERT INTO Seat (roomid, seatrow, seatnumber, seattype) VALUES (8, 'D', 4, 'Sweetbox');
INSERT INTO Seat (roomid, seatrow, seatnumber, seattype) VALUES (8, 'D', 5, 'Thường');
INSERT INTO Seat (roomid, seatrow, seatnumber, seattype) VALUES (8, 'D', 6, 'VIP');
INSERT INTO Seat (roomid, seatrow, seatnumber, seattype) VALUES (8, 'D', 7, 'VIP');
INSERT INTO Seat (roomid, seatrow, seatnumber, seattype) VALUES (8, 'D', 8, 'VIP');
INSERT INTO Seat (roomid, seatrow, seatnumber, seattype) VALUES (8, 'D', 9, 'Thường');
INSERT INTO Seat (roomid, seatrow, seatnumber, seattype) VALUES (8, 'D', 10, 'Thường');
INSERT INTO Seat (roomid, seatrow, seatnumber, seattype) VALUES (8, 'E', 1, 'VIP');
INSERT INTO Seat (roomid, seatrow, seatnumber, seattype) VALUES (8, 'E', 2, 'Thường');
INSERT INTO Seat (roomid, seatrow, seatnumber, seattype) VALUES (8, 'E', 3, 'Sweetbox');
INSERT INTO Seat (roomid, seatrow, seatnumber, seattype) VALUES (8, 'E', 4, 'Thường');
INSERT INTO Seat (roomid, seatrow, seatnumber, seattype) VALUES (8, 'E', 5, 'Sweetbox');
INSERT INTO Seat (roomid, seatrow, seatnumber, seattype) VALUES (8, 'E', 6, 'Thường');
INSERT INTO Seat (roomid, seatrow, seatnumber, seattype) VALUES (8, 'E', 7, 'Sweetbox');
INSERT INTO Seat (roomid, seatrow, seatnumber, seattype) VALUES (8, 'E', 8, 'Thường');
INSERT INTO Seat (roomid, seatrow, seatnumber, seattype) VALUES (8, 'E', 9, 'Thường');
INSERT INTO Seat (roomid, seatrow, seatnumber, seattype) VALUES (8, 'E', 10, 'Thường');
INSERT INTO Seat (roomid, seatrow, seatnumber, seattype) VALUES (8, 'F', 1, 'Sweetbox');
INSERT INTO Seat (roomid, seatrow, seatnumber, seattype) VALUES (8, 'F', 2, 'Sweetbox');
INSERT INTO Seat (roomid, seatrow, seatnumber, seattype) VALUES (8, 'F', 3, 'VIP');
INSERT INTO Seat (roomid, seatrow, seatnumber, seattype) VALUES (8, 'F', 4, 'Sweetbox');
INSERT INTO Seat (roomid, seatrow, seatnumber, seattype) VALUES (8, 'F', 5, 'Sweetbox');
INSERT INTO Seat (roomid, seatrow, seatnumber, seattype) VALUES (8, 'F', 6, 'Thường');
INSERT INTO Seat (roomid, seatrow, seatnumber, seattype) VALUES (8, 'F', 7, 'Thường');
INSERT INTO Seat (roomid, seatrow, seatnumber, seattype) VALUES (8, 'F', 8, 'Thường');
INSERT INTO Seat (roomid, seatrow, seatnumber, seattype) VALUES (8, 'F', 9, 'VIP');
INSERT INTO Seat (roomid, seatrow, seatnumber, seattype) VALUES (8, 'F', 10, 'Thường');
INSERT INTO Seat (roomid, seatrow, seatnumber, seattype) VALUES (9, 'A', 1, 'VIP');
INSERT INTO Seat (roomid, seatrow, seatnumber, seattype) VALUES (9, 'A', 2, 'Sweetbox');
INSERT INTO Seat (roomid, seatrow, seatnumber, seattype) VALUES (9, 'A', 3, 'Sweetbox');
INSERT INTO Seat (roomid, seatrow, seatnumber, seattype) VALUES (9, 'A', 4, 'VIP');
INSERT INTO Seat (roomid, seatrow, seatnumber, seattype) VALUES (9, 'A', 5, 'Thường');
INSERT INTO Seat (roomid, seatrow, seatnumber, seattype) VALUES (9, 'A', 6, 'Thường');
INSERT INTO Seat (roomid, seatrow, seatnumber, seattype) VALUES (9, 'A', 7, 'VIP');
INSERT INTO Seat (roomid, seatrow, seatnumber, seattype) VALUES (9, 'A', 8, 'Sweetbox');
INSERT INTO Seat (roomid, seatrow, seatnumber, seattype) VALUES (9, 'A', 9, 'Sweetbox');
INSERT INTO Seat (roomid, seatrow, seatnumber, seattype) VALUES (9, 'A', 10, 'Thường');
INSERT INTO Seat (roomid, seatrow, seatnumber, seattype) VALUES (9, 'B', 1, 'Sweetbox');
INSERT INTO Seat (roomid, seatrow, seatnumber, seattype) VALUES (9, 'B', 2, 'Sweetbox');
INSERT INTO Seat (roomid, seatrow, seatnumber, seattype) VALUES (9, 'B', 3, 'VIP');
INSERT INTO Seat (roomid, seatrow, seatnumber, seattype) VALUES (9, 'B', 4, 'Thường');
INSERT INTO Seat (roomid, seatrow, seatnumber, seattype) VALUES (9, 'B', 5, 'VIP');
INSERT INTO Seat (roomid, seatrow, seatnumber, seattype) VALUES (9, 'B', 6, 'Thường');
INSERT INTO Seat (roomid, seatrow, seatnumber, seattype) VALUES (9, 'B', 7, 'VIP');
INSERT INTO Seat (roomid, seatrow, seatnumber, seattype) VALUES (9, 'B', 8, 'Thường');
INSERT INTO Seat (roomid, seatrow, seatnumber, seattype) VALUES (9, 'B', 9, 'Thường');
INSERT INTO Seat (roomid, seatrow, seatnumber, seattype) VALUES (9, 'B', 10, 'Thường');
INSERT INTO Seat (roomid, seatrow, seatnumber, seattype) VALUES (9, 'C', 1, 'Thường');
INSERT INTO Seat (roomid, seatrow, seatnumber, seattype) VALUES (9, 'C', 2, 'Thường');
INSERT INTO Seat (roomid, seatrow, seatnumber, seattype) VALUES (9, 'C', 3, 'VIP');
INSERT INTO Seat (roomid, seatrow, seatnumber, seattype) VALUES (9, 'C', 4, 'VIP');
INSERT INTO Seat (roomid, seatrow, seatnumber, seattype) VALUES (9, 'C', 5, 'Thường');
INSERT INTO Seat (roomid, seatrow, seatnumber, seattype) VALUES (9, 'C', 6, 'Sweetbox');
INSERT INTO Seat (roomid, seatrow, seatnumber, seattype) VALUES (9, 'C', 7, 'Sweetbox');
INSERT INTO Seat (roomid, seatrow, seatnumber, seattype) VALUES (9, 'C', 8, 'Sweetbox');
INSERT INTO Seat (roomid, seatrow, seatnumber, seattype) VALUES (9, 'C', 9, 'Sweetbox');
INSERT INTO Seat (roomid, seatrow, seatnumber, seattype) VALUES (9, 'C', 10, 'Thường');
INSERT INTO Seat (roomid, seatrow, seatnumber, seattype) VALUES (9, 'D', 1, 'Thường');
INSERT INTO Seat (roomid, seatrow, seatnumber, seattype) VALUES (9, 'D', 2, 'Thường');
INSERT INTO Seat (roomid, seatrow, seatnumber, seattype) VALUES (9, 'D', 3, 'Thường');
INSERT INTO Seat (roomid, seatrow, seatnumber, seattype) VALUES (9, 'D', 4, 'VIP');
INSERT INTO Seat (roomid, seatrow, seatnumber, seattype) VALUES (9, 'D', 5, 'Sweetbox');
INSERT INTO Seat (roomid, seatrow, seatnumber, seattype) VALUES (9, 'D', 6, 'VIP');
INSERT INTO Seat (roomid, seatrow, seatnumber, seattype) VALUES (9, 'D', 7, 'Thường');
INSERT INTO Seat (roomid, seatrow, seatnumber, seattype) VALUES (9, 'D', 8, 'VIP');
INSERT INTO Seat (roomid, seatrow, seatnumber, seattype) VALUES (9, 'D', 9, 'VIP');
INSERT INTO Seat (roomid, seatrow, seatnumber, seattype) VALUES (9, 'D', 10, 'Thường');
INSERT INTO Seat (roomid, seatrow, seatnumber, seattype) VALUES (9, 'E', 1, 'VIP');
INSERT INTO Seat (roomid, seatrow, seatnumber, seattype) VALUES (9, 'E', 2, 'Sweetbox');
INSERT INTO Seat (roomid, seatrow, seatnumber, seattype) VALUES (9, 'E', 3, 'Thường');
INSERT INTO Seat (roomid, seatrow, seatnumber, seattype) VALUES (9, 'E', 4, 'VIP');
INSERT INTO Seat (roomid, seatrow, seatnumber, seattype) VALUES (9, 'E', 5, 'Sweetbox');
INSERT INTO Seat (roomid, seatrow, seatnumber, seattype) VALUES (9, 'E', 6, 'VIP');
INSERT INTO Seat (roomid, seatrow, seatnumber, seattype) VALUES (9, 'E', 7, 'Sweetbox');
INSERT INTO Seat (roomid, seatrow, seatnumber, seattype) VALUES (9, 'E', 8, 'VIP');
INSERT INTO Seat (roomid, seatrow, seatnumber, seattype) VALUES (9, 'E', 9, 'Sweetbox');
INSERT INTO Seat (roomid, seatrow, seatnumber, seattype) VALUES (9, 'E', 10, 'Thường');
INSERT INTO Seat (roomid, seatrow, seatnumber, seattype) VALUES (9, 'F', 1, 'VIP');
INSERT INTO Seat (roomid, seatrow, seatnumber, seattype) VALUES (9, 'F', 2, 'Thường');
INSERT INTO Seat (roomid, seatrow, seatnumber, seattype) VALUES (9, 'F', 3, 'VIP');
INSERT INTO Seat (roomid, seatrow, seatnumber, seattype) VALUES (9, 'F', 4, 'Thường');
INSERT INTO Seat (roomid, seatrow, seatnumber, seattype) VALUES (9, 'F', 5, 'Thường');
INSERT INTO Seat (roomid, seatrow, seatnumber, seattype) VALUES (9, 'F', 6, 'Sweetbox');
INSERT INTO Seat (roomid, seatrow, seatnumber, seattype) VALUES (9, 'F', 7, 'Sweetbox');
INSERT INTO Seat (roomid, seatrow, seatnumber, seattype) VALUES (9, 'F', 8, 'Thường');
INSERT INTO Seat (roomid, seatrow, seatnumber, seattype) VALUES (9, 'F', 9, 'Thường');
INSERT INTO Seat (roomid, seatrow, seatnumber, seattype) VALUES (9, 'F', 10, 'Sweetbox');
INSERT INTO Seat (roomid, seatrow, seatnumber, seattype) VALUES (10, 'A', 1, 'VIP');
INSERT INTO Seat (roomid, seatrow, seatnumber, seattype) VALUES (10, 'A', 2, 'VIP');
INSERT INTO Seat (roomid, seatrow, seatnumber, seattype) VALUES (10, 'A', 3, 'VIP');
INSERT INTO Seat (roomid, seatrow, seatnumber, seattype) VALUES (10, 'A', 4, 'VIP');
INSERT INTO Seat (roomid, seatrow, seatnumber, seattype) VALUES (10, 'A', 5, 'Thường');
INSERT INTO Seat (roomid, seatrow, seatnumber, seattype) VALUES (10, 'A', 6, 'Sweetbox');
INSERT INTO Seat (roomid, seatrow, seatnumber, seattype) VALUES (10, 'A', 7, 'Thường');
INSERT INTO Seat (roomid, seatrow, seatnumber, seattype) VALUES (10, 'A', 8, 'VIP');
INSERT INTO Seat (roomid, seatrow, seatnumber, seattype) VALUES (10, 'A', 9, 'VIP');
INSERT INTO Seat (roomid, seatrow, seatnumber, seattype) VALUES (10, 'A', 10, 'Sweetbox');
INSERT INTO Seat (roomid, seatrow, seatnumber, seattype) VALUES (10, 'B', 1, 'VIP');
INSERT INTO Seat (roomid, seatrow, seatnumber, seattype) VALUES (10, 'B', 2, 'Sweetbox');
INSERT INTO Seat (roomid, seatrow, seatnumber, seattype) VALUES (10, 'B', 3, 'VIP');
INSERT INTO Seat (roomid, seatrow, seatnumber, seattype) VALUES (10, 'B', 4, 'Thường');
INSERT INTO Seat (roomid, seatrow, seatnumber, seattype) VALUES (10, 'B', 5, 'VIP');
INSERT INTO Seat (roomid, seatrow, seatnumber, seattype) VALUES (10, 'B', 6, 'Sweetbox');
INSERT INTO Seat (roomid, seatrow, seatnumber, seattype) VALUES (10, 'B', 7, 'Thường');
INSERT INTO Seat (roomid, seatrow, seatnumber, seattype) VALUES (10, 'B', 8, 'VIP');
INSERT INTO Seat (roomid, seatrow, seatnumber, seattype) VALUES (10, 'B', 9, 'VIP');
INSERT INTO Seat (roomid, seatrow, seatnumber, seattype) VALUES (10, 'B', 10, 'Sweetbox');
INSERT INTO Seat (roomid, seatrow, seatnumber, seattype) VALUES (10, 'C', 1, 'VIP');
INSERT INTO Seat (roomid, seatrow, seatnumber, seattype) VALUES (10, 'C', 2, 'VIP');
INSERT INTO Seat (roomid, seatrow, seatnumber, seattype) VALUES (10, 'C', 3, 'VIP');
INSERT INTO Seat (roomid, seatrow, seatnumber, seattype) VALUES (10, 'C', 4, 'Thường');
INSERT INTO Seat (roomid, seatrow, seatnumber, seattype) VALUES (10, 'C', 5, 'Sweetbox');
INSERT INTO Seat (roomid, seatrow, seatnumber, seattype) VALUES (10, 'C', 6, 'Thường');
INSERT INTO Seat (roomid, seatrow, seatnumber, seattype) VALUES (10, 'C', 7, 'Thường');
INSERT INTO Seat (roomid, seatrow, seatnumber, seattype) VALUES (10, 'C', 8, 'Thường');
INSERT INTO Seat (roomid, seatrow, seatnumber, seattype) VALUES (10, 'C', 9, 'Thường');
INSERT INTO Seat (roomid, seatrow, seatnumber, seattype) VALUES (10, 'C', 10, 'Thường');
INSERT INTO Seat (roomid, seatrow, seatnumber, seattype) VALUES (10, 'D', 1, 'Sweetbox');
INSERT INTO Seat (roomid, seatrow, seatnumber, seattype) VALUES (10, 'D', 2, 'VIP');
INSERT INTO Seat (roomid, seatrow, seatnumber, seattype) VALUES (10, 'D', 3, 'Sweetbox');
INSERT INTO Seat (roomid, seatrow, seatnumber, seattype) VALUES (10, 'D', 4, 'Sweetbox');
INSERT INTO Seat (roomid, seatrow, seatnumber, seattype) VALUES (10, 'D', 5, 'VIP');
INSERT INTO Seat (roomid, seatrow, seatnumber, seattype) VALUES (10, 'D', 6, 'Sweetbox');
INSERT INTO Seat (roomid, seatrow, seatnumber, seattype) VALUES (10, 'D', 7, 'VIP');
INSERT INTO Seat (roomid, seatrow, seatnumber, seattype) VALUES (10, 'D', 8, 'Sweetbox');
INSERT INTO Seat (roomid, seatrow, seatnumber, seattype) VALUES (10, 'D', 9, 'VIP');
INSERT INTO Seat (roomid, seatrow, seatnumber, seattype) VALUES (10, 'D', 10, 'Thường');
INSERT INTO Seat (roomid, seatrow, seatnumber, seattype) VALUES (10, 'E', 1, 'VIP');
INSERT INTO Seat (roomid, seatrow, seatnumber, seattype) VALUES (10, 'E', 2, 'Thường');
INSERT INTO Seat (roomid, seatrow, seatnumber, seattype) VALUES (10, 'E', 3, 'Sweetbox');
INSERT INTO Seat (roomid, seatrow, seatnumber, seattype) VALUES (10, 'E', 4, 'Sweetbox');
INSERT INTO Seat (roomid, seatrow, seatnumber, seattype) VALUES (10, 'E', 5, 'Sweetbox');
INSERT INTO Seat (roomid, seatrow, seatnumber, seattype) VALUES (10, 'E', 6, 'VIP');
INSERT INTO Seat (roomid, seatrow, seatnumber, seattype) VALUES (10, 'E', 7, 'Sweetbox');
INSERT INTO Seat (roomid, seatrow, seatnumber, seattype) VALUES (10, 'E', 8, 'Sweetbox');
INSERT INTO Seat (roomid, seatrow, seatnumber, seattype) VALUES (10, 'E', 9, 'Thường');
INSERT INTO Seat (roomid, seatrow, seatnumber, seattype) VALUES (10, 'E', 10, 'VIP');
INSERT INTO Seat (roomid, seatrow, seatnumber, seattype) VALUES (10, 'F', 1, 'Thường');
INSERT INTO Seat (roomid, seatrow, seatnumber, seattype) VALUES (10, 'F', 2, 'Sweetbox');
INSERT INTO Seat (roomid, seatrow, seatnumber, seattype) VALUES (10, 'F', 3, 'VIP');
INSERT INTO Seat (roomid, seatrow, seatnumber, seattype) VALUES (10, 'F', 4, 'VIP');
INSERT INTO Seat (roomid, seatrow, seatnumber, seattype) VALUES (10, 'F', 5, 'VIP');
INSERT INTO Seat (roomid, seatrow, seatnumber, seattype) VALUES (10, 'F', 6, 'Sweetbox');
INSERT INTO Seat (roomid, seatrow, seatnumber, seattype) VALUES (10, 'F', 7, 'VIP');
INSERT INTO Seat (roomid, seatrow, seatnumber, seattype) VALUES (10, 'F', 8, 'VIP');
INSERT INTO Seat (roomid, seatrow, seatnumber, seattype) VALUES (10, 'F', 9, 'Thường');
INSERT INTO Seat (roomid, seatrow, seatnumber, seattype) VALUES (10, 'F', 10, 'Sweetbox');
INSERT INTO Seat (roomid, seatrow, seatnumber, seattype) VALUES (11, 'A', 1, 'Sweetbox');
INSERT INTO Seat (roomid, seatrow, seatnumber, seattype) VALUES (11, 'A', 2, 'VIP');
INSERT INTO Seat (roomid, seatrow, seatnumber, seattype) VALUES (11, 'A', 3, 'VIP');
INSERT INTO Seat (roomid, seatrow, seatnumber, seattype) VALUES (11, 'A', 4, 'Thường');
INSERT INTO Seat (roomid, seatrow, seatnumber, seattype) VALUES (11, 'A', 5, 'Thường');
INSERT INTO Seat (roomid, seatrow, seatnumber, seattype) VALUES (11, 'A', 6, 'Thường');
INSERT INTO Seat (roomid, seatrow, seatnumber, seattype) VALUES (11, 'A', 7, 'VIP');
INSERT INTO Seat (roomid, seatrow, seatnumber, seattype) VALUES (11, 'A', 8, 'Thường');
INSERT INTO Seat (roomid, seatrow, seatnumber, seattype) VALUES (11, 'A', 9, 'VIP');
INSERT INTO Seat (roomid, seatrow, seatnumber, seattype) VALUES (11, 'A', 10, 'Sweetbox');
INSERT INTO Seat (roomid, seatrow, seatnumber, seattype) VALUES (11, 'B', 1, 'VIP');
INSERT INTO Seat (roomid, seatrow, seatnumber, seattype) VALUES (11, 'B', 2, 'Thường');
INSERT INTO Seat (roomid, seatrow, seatnumber, seattype) VALUES (11, 'B', 3, 'Thường');
INSERT INTO Seat (roomid, seatrow, seatnumber, seattype) VALUES (11, 'B', 4, 'VIP');
INSERT INTO Seat (roomid, seatrow, seatnumber, seattype) VALUES (11, 'B', 5, 'VIP');
INSERT INTO Seat (roomid, seatrow, seatnumber, seattype) VALUES (11, 'B', 6, 'Sweetbox');
INSERT INTO Seat (roomid, seatrow, seatnumber, seattype) VALUES (11, 'B', 7, 'Sweetbox');
INSERT INTO Seat (roomid, seatrow, seatnumber, seattype) VALUES (11, 'B', 8, 'Thường');
INSERT INTO Seat (roomid, seatrow, seatnumber, seattype) VALUES (11, 'B', 9, 'Sweetbox');
INSERT INTO Seat (roomid, seatrow, seatnumber, seattype) VALUES (11, 'B', 10, 'Sweetbox');
INSERT INTO Seat (roomid, seatrow, seatnumber, seattype) VALUES (11, 'C', 1, 'VIP');
INSERT INTO Seat (roomid, seatrow, seatnumber, seattype) VALUES (11, 'C', 2, 'Sweetbox');
INSERT INTO Seat (roomid, seatrow, seatnumber, seattype) VALUES (11, 'C', 3, 'VIP');
INSERT INTO Seat (roomid, seatrow, seatnumber, seattype) VALUES (11, 'C', 4, 'VIP');
INSERT INTO Seat (roomid, seatrow, seatnumber, seattype) VALUES (11, 'C', 5, 'Thường');
INSERT INTO Seat (roomid, seatrow, seatnumber, seattype) VALUES (11, 'C', 6, 'VIP');
INSERT INTO Seat (roomid, seatrow, seatnumber, seattype) VALUES (11, 'C', 7, 'Sweetbox');
INSERT INTO Seat (roomid, seatrow, seatnumber, seattype) VALUES (11, 'C', 8, 'Sweetbox');
INSERT INTO Seat (roomid, seatrow, seatnumber, seattype) VALUES (11, 'C', 9, 'Sweetbox');
INSERT INTO Seat (roomid, seatrow, seatnumber, seattype) VALUES (11, 'C', 10, 'Thường');
INSERT INTO Seat (roomid, seatrow, seatnumber, seattype) VALUES (11, 'D', 1, 'Thường');
INSERT INTO Seat (roomid, seatrow, seatnumber, seattype) VALUES (11, 'D', 2, 'Sweetbox');
INSERT INTO Seat (roomid, seatrow, seatnumber, seattype) VALUES (11, 'D', 3, 'VIP');
INSERT INTO Seat (roomid, seatrow, seatnumber, seattype) VALUES (11, 'D', 4, 'Sweetbox');
INSERT INTO Seat (roomid, seatrow, seatnumber, seattype) VALUES (11, 'D', 5, 'VIP');
INSERT INTO Seat (roomid, seatrow, seatnumber, seattype) VALUES (11, 'D', 6, 'Sweetbox');
INSERT INTO Seat (roomid, seatrow, seatnumber, seattype) VALUES (11, 'D', 7, 'Thường');
INSERT INTO Seat (roomid, seatrow, seatnumber, seattype) VALUES (11, 'D', 8, 'Sweetbox');
INSERT INTO Seat (roomid, seatrow, seatnumber, seattype) VALUES (11, 'D', 9, 'Sweetbox');
INSERT INTO Seat (roomid, seatrow, seatnumber, seattype) VALUES (11, 'D', 10, 'VIP');
INSERT INTO Seat (roomid, seatrow, seatnumber, seattype) VALUES (11, 'E', 1, 'Thường');
INSERT INTO Seat (roomid, seatrow, seatnumber, seattype) VALUES (11, 'E', 2, 'Thường');
INSERT INTO Seat (roomid, seatrow, seatnumber, seattype) VALUES (11, 'E', 3, 'Sweetbox');
INSERT INTO Seat (roomid, seatrow, seatnumber, seattype) VALUES (11, 'E', 4, 'Thường');
INSERT INTO Seat (roomid, seatrow, seatnumber, seattype) VALUES (11, 'E', 5, 'Thường');
INSERT INTO Seat (roomid, seatrow, seatnumber, seattype) VALUES (11, 'E', 6, 'Thường');
INSERT INTO Seat (roomid, seatrow, seatnumber, seattype) VALUES (11, 'E', 7, 'Thường');
INSERT INTO Seat (roomid, seatrow, seatnumber, seattype) VALUES (11, 'E', 8, 'VIP');
INSERT INTO Seat (roomid, seatrow, seatnumber, seattype) VALUES (11, 'E', 9, 'VIP');
INSERT INTO Seat (roomid, seatrow, seatnumber, seattype) VALUES (11, 'E', 10, 'VIP');
INSERT INTO Seat (roomid, seatrow, seatnumber, seattype) VALUES (11, 'F', 1, 'Sweetbox');
INSERT INTO Seat (roomid, seatrow, seatnumber, seattype) VALUES (11, 'F', 2, 'Thường');
INSERT INTO Seat (roomid, seatrow, seatnumber, seattype) VALUES (11, 'F', 3, 'Sweetbox');
INSERT INTO Seat (roomid, seatrow, seatnumber, seattype) VALUES (11, 'F', 4, 'Sweetbox');
INSERT INTO Seat (roomid, seatrow, seatnumber, seattype) VALUES (11, 'F', 5, 'Sweetbox');
INSERT INTO Seat (roomid, seatrow, seatnumber, seattype) VALUES (11, 'F', 6, 'VIP');
INSERT INTO Seat (roomid, seatrow, seatnumber, seattype) VALUES (11, 'F', 7, 'VIP');
INSERT INTO Seat (roomid, seatrow, seatnumber, seattype) VALUES (11, 'F', 8, 'VIP');
INSERT INTO Seat (roomid, seatrow, seatnumber, seattype) VALUES (11, 'F', 9, 'VIP');
INSERT INTO Seat (roomid, seatrow, seatnumber, seattype) VALUES (11, 'F', 10, 'VIP');
INSERT INTO Seat (roomid, seatrow, seatnumber, seattype) VALUES (12, 'A', 1, 'Thường');
INSERT INTO Seat (roomid, seatrow, seatnumber, seattype) VALUES (12, 'A', 2, 'Sweetbox');
INSERT INTO Seat (roomid, seatrow, seatnumber, seattype) VALUES (12, 'A', 3, 'Thường');
INSERT INTO Seat (roomid, seatrow, seatnumber, seattype) VALUES (12, 'A', 4, 'VIP');
INSERT INTO Seat (roomid, seatrow, seatnumber, seattype) VALUES (12, 'A', 5, 'Thường');
INSERT INTO Seat (roomid, seatrow, seatnumber, seattype) VALUES (12, 'A', 6, 'VIP');
INSERT INTO Seat (roomid, seatrow, seatnumber, seattype) VALUES (12, 'A', 7, 'Thường');
INSERT INTO Seat (roomid, seatrow, seatnumber, seattype) VALUES (12, 'A', 8, 'Sweetbox');
INSERT INTO Seat (roomid, seatrow, seatnumber, seattype) VALUES (12, 'A', 9, 'Thường');
INSERT INTO Seat (roomid, seatrow, seatnumber, seattype) VALUES (12, 'A', 10, 'VIP');
INSERT INTO Seat (roomid, seatrow, seatnumber, seattype) VALUES (12, 'B', 1, 'Thường');
INSERT INTO Seat (roomid, seatrow, seatnumber, seattype) VALUES (12, 'B', 2, 'VIP');
INSERT INTO Seat (roomid, seatrow, seatnumber, seattype) VALUES (12, 'B', 3, 'Sweetbox');
INSERT INTO Seat (roomid, seatrow, seatnumber, seattype) VALUES (12, 'B', 4, 'VIP');
INSERT INTO Seat (roomid, seatrow, seatnumber, seattype) VALUES (12, 'B', 5, 'Thường');
INSERT INTO Seat (roomid, seatrow, seatnumber, seattype) VALUES (12, 'B', 6, 'Thường');
INSERT INTO Seat (roomid, seatrow, seatnumber, seattype) VALUES (12, 'B', 7, 'VIP');
INSERT INTO Seat (roomid, seatrow, seatnumber, seattype) VALUES (12, 'B', 8, 'Sweetbox');
INSERT INTO Seat (roomid, seatrow, seatnumber, seattype) VALUES (12, 'B', 9, 'Sweetbox');
INSERT INTO Seat (roomid, seatrow, seatnumber, seattype) VALUES (12, 'B', 10, 'Sweetbox');
INSERT INTO Seat (roomid, seatrow, seatnumber, seattype) VALUES (12, 'C', 1, 'Thường');
INSERT INTO Seat (roomid, seatrow, seatnumber, seattype) VALUES (12, 'C', 2, 'VIP');
INSERT INTO Seat (roomid, seatrow, seatnumber, seattype) VALUES (12, 'C', 3, 'VIP');
INSERT INTO Seat (roomid, seatrow, seatnumber, seattype) VALUES (12, 'C', 4, 'Thường');
INSERT INTO Seat (roomid, seatrow, seatnumber, seattype) VALUES (12, 'C', 5, 'Thường');
INSERT INTO Seat (roomid, seatrow, seatnumber, seattype) VALUES (12, 'C', 6, 'VIP');
INSERT INTO Seat (roomid, seatrow, seatnumber, seattype) VALUES (12, 'C', 7, 'Thường');
INSERT INTO Seat (roomid, seatrow, seatnumber, seattype) VALUES (12, 'C', 8, 'VIP');
INSERT INTO Seat (roomid, seatrow, seatnumber, seattype) VALUES (12, 'C', 9, 'Sweetbox');
INSERT INTO Seat (roomid, seatrow, seatnumber, seattype) VALUES (12, 'C', 10, 'VIP');
INSERT INTO Seat (roomid, seatrow, seatnumber, seattype) VALUES (12, 'D', 1, 'VIP');
INSERT INTO Seat (roomid, seatrow, seatnumber, seattype) VALUES (12, 'D', 2, 'VIP');
INSERT INTO Seat (roomid, seatrow, seatnumber, seattype) VALUES (12, 'D', 3, 'Sweetbox');
INSERT INTO Seat (roomid, seatrow, seatnumber, seattype) VALUES (12, 'D', 4, 'Sweetbox');
INSERT INTO Seat (roomid, seatrow, seatnumber, seattype) VALUES (12, 'D', 5, 'Thường');
INSERT INTO Seat (roomid, seatrow, seatnumber, seattype) VALUES (12, 'D', 6, 'VIP');
INSERT INTO Seat (roomid, seatrow, seatnumber, seattype) VALUES (12, 'D', 7, 'VIP');
INSERT INTO Seat (roomid, seatrow, seatnumber, seattype) VALUES (12, 'D', 8, 'Thường');
INSERT INTO Seat (roomid, seatrow, seatnumber, seattype) VALUES (12, 'D', 9, 'VIP');
INSERT INTO Seat (roomid, seatrow, seatnumber, seattype) VALUES (12, 'D', 10, 'VIP');
INSERT INTO Seat (roomid, seatrow, seatnumber, seattype) VALUES (12, 'E', 1, 'VIP');
INSERT INTO Seat (roomid, seatrow, seatnumber, seattype) VALUES (12, 'E', 2, 'Thường');
INSERT INTO Seat (roomid, seatrow, seatnumber, seattype) VALUES (12, 'E', 3, 'VIP');
INSERT INTO Seat (roomid, seatrow, seatnumber, seattype) VALUES (12, 'E', 4, 'Thường');
INSERT INTO Seat (roomid, seatrow, seatnumber, seattype) VALUES (12, 'E', 5, 'VIP');
INSERT INTO Seat (roomid, seatrow, seatnumber, seattype) VALUES (12, 'E', 6, 'VIP');
INSERT INTO Seat (roomid, seatrow, seatnumber, seattype) VALUES (12, 'E', 7, 'Thường');
INSERT INTO Seat (roomid, seatrow, seatnumber, seattype) VALUES (12, 'E', 8, 'VIP');
INSERT INTO Seat (roomid, seatrow, seatnumber, seattype) VALUES (12, 'E', 9, 'Sweetbox');
INSERT INTO Seat (roomid, seatrow, seatnumber, seattype) VALUES (12, 'E', 10, 'VIP');
INSERT INTO Seat (roomid, seatrow, seatnumber, seattype) VALUES (12, 'F', 1, 'VIP');
INSERT INTO Seat (roomid, seatrow, seatnumber, seattype) VALUES (12, 'F', 2, 'Thường');
INSERT INTO Seat (roomid, seatrow, seatnumber, seattype) VALUES (12, 'F', 3, 'Sweetbox');
INSERT INTO Seat (roomid, seatrow, seatnumber, seattype) VALUES (12, 'F', 4, 'VIP');
INSERT INTO Seat (roomid, seatrow, seatnumber, seattype) VALUES (12, 'F', 5, 'VIP');
INSERT INTO Seat (roomid, seatrow, seatnumber, seattype) VALUES (12, 'F', 6, 'Thường');
INSERT INTO Seat (roomid, seatrow, seatnumber, seattype) VALUES (12, 'F', 7, 'VIP');
INSERT INTO Seat (roomid, seatrow, seatnumber, seattype) VALUES (12, 'F', 8, 'Sweetbox');
INSERT INTO Seat (roomid, seatrow, seatnumber, seattype) VALUES (12, 'F', 9, 'VIP');
INSERT INTO Seat (roomid, seatrow, seatnumber, seattype) VALUES (12, 'F', 10, 'Thường');
INSERT INTO Seat (roomid, seatrow, seatnumber, seattype) VALUES (13, 'A', 1, 'Sweetbox');
INSERT INTO Seat (roomid, seatrow, seatnumber, seattype) VALUES (13, 'A', 2, 'Thường');
INSERT INTO Seat (roomid, seatrow, seatnumber, seattype) VALUES (13, 'A', 3, 'Thường');
INSERT INTO Seat (roomid, seatrow, seatnumber, seattype) VALUES (13, 'A', 4, 'Thường');
INSERT INTO Seat (roomid, seatrow, seatnumber, seattype) VALUES (13, 'A', 5, 'Sweetbox');
INSERT INTO Seat (roomid, seatrow, seatnumber, seattype) VALUES (13, 'A', 6, 'Thường');
INSERT INTO Seat (roomid, seatrow, seatnumber, seattype) VALUES (13, 'A', 7, 'Sweetbox');
INSERT INTO Seat (roomid, seatrow, seatnumber, seattype) VALUES (13, 'A', 8, 'Thường');
INSERT INTO Seat (roomid, seatrow, seatnumber, seattype) VALUES (13, 'A', 9, 'VIP');
INSERT INTO Seat (roomid, seatrow, seatnumber, seattype) VALUES (13, 'A', 10, 'Thường');
INSERT INTO Seat (roomid, seatrow, seatnumber, seattype) VALUES (13, 'B', 1, 'VIP');
INSERT INTO Seat (roomid, seatrow, seatnumber, seattype) VALUES (13, 'B', 2, 'Sweetbox');
INSERT INTO Seat (roomid, seatrow, seatnumber, seattype) VALUES (13, 'B', 3, 'VIP');
INSERT INTO Seat (roomid, seatrow, seatnumber, seattype) VALUES (13, 'B', 4, 'Thường');
INSERT INTO Seat (roomid, seatrow, seatnumber, seattype) VALUES (13, 'B', 5, 'Thường');
INSERT INTO Seat (roomid, seatrow, seatnumber, seattype) VALUES (13, 'B', 6, 'Sweetbox');
INSERT INTO Seat (roomid, seatrow, seatnumber, seattype) VALUES (13, 'B', 7, 'Sweetbox');
INSERT INTO Seat (roomid, seatrow, seatnumber, seattype) VALUES (13, 'B', 8, 'Sweetbox');
INSERT INTO Seat (roomid, seatrow, seatnumber, seattype) VALUES (13, 'B', 9, 'Sweetbox');
INSERT INTO Seat (roomid, seatrow, seatnumber, seattype) VALUES (13, 'B', 10, 'Thường');
INSERT INTO Seat (roomid, seatrow, seatnumber, seattype) VALUES (13, 'C', 1, 'Sweetbox');
INSERT INTO Seat (roomid, seatrow, seatnumber, seattype) VALUES (13, 'C', 2, 'VIP');
INSERT INTO Seat (roomid, seatrow, seatnumber, seattype) VALUES (13, 'C', 3, 'VIP');
INSERT INTO Seat (roomid, seatrow, seatnumber, seattype) VALUES (13, 'C', 4, 'Thường');
INSERT INTO Seat (roomid, seatrow, seatnumber, seattype) VALUES (13, 'C', 5, 'Sweetbox');
INSERT INTO Seat (roomid, seatrow, seatnumber, seattype) VALUES (13, 'C', 6, 'VIP');
INSERT INTO Seat (roomid, seatrow, seatnumber, seattype) VALUES (13, 'C', 7, 'Thường');
INSERT INTO Seat (roomid, seatrow, seatnumber, seattype) VALUES (13, 'C', 8, 'VIP');
INSERT INTO Seat (roomid, seatrow, seatnumber, seattype) VALUES (13, 'C', 9, 'Thường');
INSERT INTO Seat (roomid, seatrow, seatnumber, seattype) VALUES (13, 'C', 10, 'VIP');
INSERT INTO Seat (roomid, seatrow, seatnumber, seattype) VALUES (13, 'D', 1, 'VIP');
INSERT INTO Seat (roomid, seatrow, seatnumber, seattype) VALUES (13, 'D', 2, 'Sweetbox');
INSERT INTO Seat (roomid, seatrow, seatnumber, seattype) VALUES (13, 'D', 3, 'VIP');
INSERT INTO Seat (roomid, seatrow, seatnumber, seattype) VALUES (13, 'D', 4, 'VIP');
INSERT INTO Seat (roomid, seatrow, seatnumber, seattype) VALUES (13, 'D', 5, 'VIP');
INSERT INTO Seat (roomid, seatrow, seatnumber, seattype) VALUES (13, 'D', 6, 'Sweetbox');
INSERT INTO Seat (roomid, seatrow, seatnumber, seattype) VALUES (13, 'D', 7, 'Thường');
INSERT INTO Seat (roomid, seatrow, seatnumber, seattype) VALUES (13, 'D', 8, 'VIP');
INSERT INTO Seat (roomid, seatrow, seatnumber, seattype) VALUES (13, 'D', 9, 'Sweetbox');
INSERT INTO Seat (roomid, seatrow, seatnumber, seattype) VALUES (13, 'D', 10, 'Thường');
INSERT INTO Seat (roomid, seatrow, seatnumber, seattype) VALUES (13, 'E', 1, 'VIP');
INSERT INTO Seat (roomid, seatrow, seatnumber, seattype) VALUES (13, 'E', 2, 'Sweetbox');
INSERT INTO Seat (roomid, seatrow, seatnumber, seattype) VALUES (13, 'E', 3, 'VIP');
INSERT INTO Seat (roomid, seatrow, seatnumber, seattype) VALUES (13, 'E', 4, 'Sweetbox');
INSERT INTO Seat (roomid, seatrow, seatnumber, seattype) VALUES (13, 'E', 5, 'Sweetbox');
INSERT INTO Seat (roomid, seatrow, seatnumber, seattype) VALUES (13, 'E', 6, 'VIP');
INSERT INTO Seat (roomid, seatrow, seatnumber, seattype) VALUES (13, 'E', 7, 'Thường');
INSERT INTO Seat (roomid, seatrow, seatnumber, seattype) VALUES (13, 'E', 8, 'Sweetbox');
INSERT INTO Seat (roomid, seatrow, seatnumber, seattype) VALUES (13, 'E', 9, 'Sweetbox');
INSERT INTO Seat (roomid, seatrow, seatnumber, seattype) VALUES (13, 'E', 10, 'Thường');
INSERT INTO Seat (roomid, seatrow, seatnumber, seattype) VALUES (13, 'F', 1, 'Sweetbox');
INSERT INTO Seat (roomid, seatrow, seatnumber, seattype) VALUES (13, 'F', 2, 'Sweetbox');
INSERT INTO Seat (roomid, seatrow, seatnumber, seattype) VALUES (13, 'F', 3, 'VIP');
INSERT INTO Seat (roomid, seatrow, seatnumber, seattype) VALUES (13, 'F', 4, 'Thường');
INSERT INTO Seat (roomid, seatrow, seatnumber, seattype) VALUES (13, 'F', 5, 'VIP');
INSERT INTO Seat (roomid, seatrow, seatnumber, seattype) VALUES (13, 'F', 6, 'Sweetbox');
INSERT INTO Seat (roomid, seatrow, seatnumber, seattype) VALUES (13, 'F', 7, 'VIP');
INSERT INTO Seat (roomid, seatrow, seatnumber, seattype) VALUES (13, 'F', 8, 'Sweetbox');
INSERT INTO Seat (roomid, seatrow, seatnumber, seattype) VALUES (13, 'F', 9, 'Thường');
INSERT INTO Seat (roomid, seatrow, seatnumber, seattype) VALUES (13, 'F', 10, 'VIP');
INSERT INTO Seat (roomid, seatrow, seatnumber, seattype) VALUES (14, 'A', 1, 'Sweetbox');
INSERT INTO Seat (roomid, seatrow, seatnumber, seattype) VALUES (14, 'A', 2, 'Thường');
INSERT INTO Seat (roomid, seatrow, seatnumber, seattype) VALUES (14, 'A', 3, 'Sweetbox');
INSERT INTO Seat (roomid, seatrow, seatnumber, seattype) VALUES (14, 'A', 4, 'Sweetbox');
INSERT INTO Seat (roomid, seatrow, seatnumber, seattype) VALUES (14, 'A', 5, 'Sweetbox');
INSERT INTO Seat (roomid, seatrow, seatnumber, seattype) VALUES (14, 'A', 6, 'VIP');
INSERT INTO Seat (roomid, seatrow, seatnumber, seattype) VALUES (14, 'A', 7, 'VIP');
INSERT INTO Seat (roomid, seatrow, seatnumber, seattype) VALUES (14, 'A', 8, 'VIP');
INSERT INTO Seat (roomid, seatrow, seatnumber, seattype) VALUES (14, 'A', 9, 'Thường');
INSERT INTO Seat (roomid, seatrow, seatnumber, seattype) VALUES (14, 'A', 10, 'Thường');
INSERT INTO Seat (roomid, seatrow, seatnumber, seattype) VALUES (14, 'B', 1, 'Sweetbox');
INSERT INTO Seat (roomid, seatrow, seatnumber, seattype) VALUES (14, 'B', 2, 'VIP');
INSERT INTO Seat (roomid, seatrow, seatnumber, seattype) VALUES (14, 'B', 3, 'VIP');
INSERT INTO Seat (roomid, seatrow, seatnumber, seattype) VALUES (14, 'B', 4, 'Thường');
INSERT INTO Seat (roomid, seatrow, seatnumber, seattype) VALUES (14, 'B', 5, 'Sweetbox');
INSERT INTO Seat (roomid, seatrow, seatnumber, seattype) VALUES (14, 'B', 6, 'Thường');
INSERT INTO Seat (roomid, seatrow, seatnumber, seattype) VALUES (14, 'B', 7, 'Thường');
INSERT INTO Seat (roomid, seatrow, seatnumber, seattype) VALUES (14, 'B', 8, 'Sweetbox');
INSERT INTO Seat (roomid, seatrow, seatnumber, seattype) VALUES (14, 'B', 9, 'Sweetbox');
INSERT INTO Seat (roomid, seatrow, seatnumber, seattype) VALUES (14, 'B', 10, 'Thường');
INSERT INTO Seat (roomid, seatrow, seatnumber, seattype) VALUES (14, 'C', 1, 'Thường');
INSERT INTO Seat (roomid, seatrow, seatnumber, seattype) VALUES (14, 'C', 2, 'Thường');
INSERT INTO Seat (roomid, seatrow, seatnumber, seattype) VALUES (14, 'C', 3, 'Sweetbox');
INSERT INTO Seat (roomid, seatrow, seatnumber, seattype) VALUES (14, 'C', 4, 'VIP');
INSERT INTO Seat (roomid, seatrow, seatnumber, seattype) VALUES (14, 'C', 5, 'Sweetbox');
INSERT INTO Seat (roomid, seatrow, seatnumber, seattype) VALUES (14, 'C', 6, 'VIP');
INSERT INTO Seat (roomid, seatrow, seatnumber, seattype) VALUES (14, 'C', 7, 'Thường');
INSERT INTO Seat (roomid, seatrow, seatnumber, seattype) VALUES (14, 'C', 8, 'Thường');
INSERT INTO Seat (roomid, seatrow, seatnumber, seattype) VALUES (14, 'C', 9, 'Sweetbox');
INSERT INTO Seat (roomid, seatrow, seatnumber, seattype) VALUES (14, 'C', 10, 'Thường');
INSERT INTO Seat (roomid, seatrow, seatnumber, seattype) VALUES (14, 'D', 1, 'Sweetbox');
INSERT INTO Seat (roomid, seatrow, seatnumber, seattype) VALUES (14, 'D', 2, 'Sweetbox');
INSERT INTO Seat (roomid, seatrow, seatnumber, seattype) VALUES (14, 'D', 3, 'VIP');
INSERT INTO Seat (roomid, seatrow, seatnumber, seattype) VALUES (14, 'D', 4, 'VIP');
INSERT INTO Seat (roomid, seatrow, seatnumber, seattype) VALUES (14, 'D', 5, 'Thường');
INSERT INTO Seat (roomid, seatrow, seatnumber, seattype) VALUES (14, 'D', 6, 'VIP');
INSERT INTO Seat (roomid, seatrow, seatnumber, seattype) VALUES (14, 'D', 7, 'Sweetbox');
INSERT INTO Seat (roomid, seatrow, seatnumber, seattype) VALUES (14, 'D', 8, 'Sweetbox');
INSERT INTO Seat (roomid, seatrow, seatnumber, seattype) VALUES (14, 'D', 9, 'Thường');
INSERT INTO Seat (roomid, seatrow, seatnumber, seattype) VALUES (14, 'D', 10, 'Thường');
INSERT INTO Seat (roomid, seatrow, seatnumber, seattype) VALUES (14, 'E', 1, 'VIP');
INSERT INTO Seat (roomid, seatrow, seatnumber, seattype) VALUES (14, 'E', 2, 'VIP');
INSERT INTO Seat (roomid, seatrow, seatnumber, seattype) VALUES (14, 'E', 3, 'VIP');
INSERT INTO Seat (roomid, seatrow, seatnumber, seattype) VALUES (14, 'E', 4, 'VIP');
INSERT INTO Seat (roomid, seatrow, seatnumber, seattype) VALUES (14, 'E', 5, 'Thường');
INSERT INTO Seat (roomid, seatrow, seatnumber, seattype) VALUES (14, 'E', 6, 'VIP');
INSERT INTO Seat (roomid, seatrow, seatnumber, seattype) VALUES (14, 'E', 7, 'Sweetbox');
INSERT INTO Seat (roomid, seatrow, seatnumber, seattype) VALUES (14, 'E', 8, 'Sweetbox');
INSERT INTO Seat (roomid, seatrow, seatnumber, seattype) VALUES (14, 'E', 9, 'VIP');
INSERT INTO Seat (roomid, seatrow, seatnumber, seattype) VALUES (14, 'E', 10, 'Thường');
INSERT INTO Seat (roomid, seatrow, seatnumber, seattype) VALUES (14, 'F', 1, 'Sweetbox');
INSERT INTO Seat (roomid, seatrow, seatnumber, seattype) VALUES (14, 'F', 2, 'Thường');
INSERT INTO Seat (roomid, seatrow, seatnumber, seattype) VALUES (14, 'F', 3, 'Thường');
INSERT INTO Seat (roomid, seatrow, seatnumber, seattype) VALUES (14, 'F', 4, 'Sweetbox');
INSERT INTO Seat (roomid, seatrow, seatnumber, seattype) VALUES (14, 'F', 5, 'VIP');
INSERT INTO Seat (roomid, seatrow, seatnumber, seattype) VALUES (14, 'F', 6, 'Sweetbox');
INSERT INTO Seat (roomid, seatrow, seatnumber, seattype) VALUES (14, 'F', 7, 'Thường');
INSERT INTO Seat (roomid, seatrow, seatnumber, seattype) VALUES (14, 'F', 8, 'VIP');
INSERT INTO Seat (roomid, seatrow, seatnumber, seattype) VALUES (14, 'F', 9, 'Thường');
INSERT INTO Seat (roomid, seatrow, seatnumber, seattype) VALUES (14, 'F', 10, 'Sweetbox');
INSERT INTO Seat (roomid, seatrow, seatnumber, seattype) VALUES (15, 'A', 1, 'VIP');
INSERT INTO Seat (roomid, seatrow, seatnumber, seattype) VALUES (15, 'A', 2, 'VIP');
INSERT INTO Seat (roomid, seatrow, seatnumber, seattype) VALUES (15, 'A', 3, 'VIP');
INSERT INTO Seat (roomid, seatrow, seatnumber, seattype) VALUES (15, 'A', 4, 'Thường');
INSERT INTO Seat (roomid, seatrow, seatnumber, seattype) VALUES (15, 'A', 5, 'Thường');
INSERT INTO Seat (roomid, seatrow, seatnumber, seattype) VALUES (15, 'A', 6, 'Thường');
INSERT INTO Seat (roomid, seatrow, seatnumber, seattype) VALUES (15, 'A', 7, 'Thường');
INSERT INTO Seat (roomid, seatrow, seatnumber, seattype) VALUES (15, 'A', 8, 'Thường');
INSERT INTO Seat (roomid, seatrow, seatnumber, seattype) VALUES (15, 'A', 9, 'VIP');
INSERT INTO Seat (roomid, seatrow, seatnumber, seattype) VALUES (15, 'A', 10, 'VIP');
INSERT INTO Seat (roomid, seatrow, seatnumber, seattype) VALUES (15, 'B', 1, 'Sweetbox');
INSERT INTO Seat (roomid, seatrow, seatnumber, seattype) VALUES (15, 'B', 2, 'Thường');
INSERT INTO Seat (roomid, seatrow, seatnumber, seattype) VALUES (15, 'B', 3, 'VIP');
INSERT INTO Seat (roomid, seatrow, seatnumber, seattype) VALUES (15, 'B', 4, 'Sweetbox');
INSERT INTO Seat (roomid, seatrow, seatnumber, seattype) VALUES (15, 'B', 5, 'Thường');
INSERT INTO Seat (roomid, seatrow, seatnumber, seattype) VALUES (15, 'B', 6, 'VIP');
INSERT INTO Seat (roomid, seatrow, seatnumber, seattype) VALUES (15, 'B', 7, 'Thường');
INSERT INTO Seat (roomid, seatrow, seatnumber, seattype) VALUES (15, 'B', 8, 'VIP');
INSERT INTO Seat (roomid, seatrow, seatnumber, seattype) VALUES (15, 'B', 9, 'VIP');
INSERT INTO Seat (roomid, seatrow, seatnumber, seattype) VALUES (15, 'B', 10, 'Thường');
INSERT INTO Seat (roomid, seatrow, seatnumber, seattype) VALUES (15, 'C', 1, 'Thường');
INSERT INTO Seat (roomid, seatrow, seatnumber, seattype) VALUES (15, 'C', 2, 'Sweetbox');
INSERT INTO Seat (roomid, seatrow, seatnumber, seattype) VALUES (15, 'C', 3, 'VIP');
INSERT INTO Seat (roomid, seatrow, seatnumber, seattype) VALUES (15, 'C', 4, 'Thường');
INSERT INTO Seat (roomid, seatrow, seatnumber, seattype) VALUES (15, 'C', 5, 'VIP');
INSERT INTO Seat (roomid, seatrow, seatnumber, seattype) VALUES (15, 'C', 6, 'VIP');
INSERT INTO Seat (roomid, seatrow, seatnumber, seattype) VALUES (15, 'C', 7, 'VIP');
INSERT INTO Seat (roomid, seatrow, seatnumber, seattype) VALUES (15, 'C', 8, 'Sweetbox');
INSERT INTO Seat (roomid, seatrow, seatnumber, seattype) VALUES (15, 'C', 9, 'VIP');
INSERT INTO Seat (roomid, seatrow, seatnumber, seattype) VALUES (15, 'C', 10, 'Thường');
INSERT INTO Seat (roomid, seatrow, seatnumber, seattype) VALUES (15, 'D', 1, 'VIP');
INSERT INTO Seat (roomid, seatrow, seatnumber, seattype) VALUES (15, 'D', 2, 'Thường');
INSERT INTO Seat (roomid, seatrow, seatnumber, seattype) VALUES (15, 'D', 3, 'Sweetbox');
INSERT INTO Seat (roomid, seatrow, seatnumber, seattype) VALUES (15, 'D', 4, 'Sweetbox');
INSERT INTO Seat (roomid, seatrow, seatnumber, seattype) VALUES (15, 'D', 5, 'Thường');
INSERT INTO Seat (roomid, seatrow, seatnumber, seattype) VALUES (15, 'D', 6, 'Thường');
INSERT INTO Seat (roomid, seatrow, seatnumber, seattype) VALUES (15, 'D', 7, 'Sweetbox');
INSERT INTO Seat (roomid, seatrow, seatnumber, seattype) VALUES (15, 'D', 8, 'Thường');
INSERT INTO Seat (roomid, seatrow, seatnumber, seattype) VALUES (15, 'D', 9, 'Sweetbox');
INSERT INTO Seat (roomid, seatrow, seatnumber, seattype) VALUES (15, 'D', 10, 'Thường');
INSERT INTO Seat (roomid, seatrow, seatnumber, seattype) VALUES (15, 'E', 1, 'Sweetbox');
INSERT INTO Seat (roomid, seatrow, seatnumber, seattype) VALUES (15, 'E', 2, 'VIP');
INSERT INTO Seat (roomid, seatrow, seatnumber, seattype) VALUES (15, 'E', 3, 'Thường');
INSERT INTO Seat (roomid, seatrow, seatnumber, seattype) VALUES (15, 'E', 4, 'VIP');
INSERT INTO Seat (roomid, seatrow, seatnumber, seattype) VALUES (15, 'E', 5, 'VIP');
INSERT INTO Seat (roomid, seatrow, seatnumber, seattype) VALUES (15, 'E', 6, 'VIP');
INSERT INTO Seat (roomid, seatrow, seatnumber, seattype) VALUES (15, 'E', 7, 'Sweetbox');
INSERT INTO Seat (roomid, seatrow, seatnumber, seattype) VALUES (15, 'E', 8, 'Thường');
INSERT INTO Seat (roomid, seatrow, seatnumber, seattype) VALUES (15, 'E', 9, 'Thường');
INSERT INTO Seat (roomid, seatrow, seatnumber, seattype) VALUES (15, 'E', 10, 'Sweetbox');
INSERT INTO Seat (roomid, seatrow, seatnumber, seattype) VALUES (15, 'F', 1, 'Thường');
INSERT INTO Seat (roomid, seatrow, seatnumber, seattype) VALUES (15, 'F', 2, 'Sweetbox');
INSERT INTO Seat (roomid, seatrow, seatnumber, seattype) VALUES (15, 'F', 3, 'Thường');
INSERT INTO Seat (roomid, seatrow, seatnumber, seattype) VALUES (15, 'F', 4, 'Sweetbox');
INSERT INTO Seat (roomid, seatrow, seatnumber, seattype) VALUES (15, 'F', 5, 'Sweetbox');
INSERT INTO Seat (roomid, seatrow, seatnumber, seattype) VALUES (15, 'F', 6, 'Sweetbox');
INSERT INTO Seat (roomid, seatrow, seatnumber, seattype) VALUES (15, 'F', 7, 'Thường');
INSERT INTO Seat (roomid, seatrow, seatnumber, seattype) VALUES (15, 'F', 8, 'Sweetbox');
INSERT INTO Seat (roomid, seatrow, seatnumber, seattype) VALUES (15, 'F', 9, 'Thường');
INSERT INTO Seat (roomid, seatrow, seatnumber, seattype) VALUES (15, 'F', 10, 'Thường');
INSERT INTO Seat (roomid, seatrow, seatnumber, seattype) VALUES (16, 'A', 1, 'Thường');
INSERT INTO Seat (roomid, seatrow, seatnumber, seattype) VALUES (16, 'A', 2, 'Sweetbox');
INSERT INTO Seat (roomid, seatrow, seatnumber, seattype) VALUES (16, 'A', 3, 'Sweetbox');
INSERT INTO Seat (roomid, seatrow, seatnumber, seattype) VALUES (16, 'A', 4, 'Thường');
INSERT INTO Seat (roomid, seatrow, seatnumber, seattype) VALUES (16, 'A', 5, 'VIP');
INSERT INTO Seat (roomid, seatrow, seatnumber, seattype) VALUES (16, 'A', 6, 'Sweetbox');
INSERT INTO Seat (roomid, seatrow, seatnumber, seattype) VALUES (16, 'A', 7, 'VIP');
INSERT INTO Seat (roomid, seatrow, seatnumber, seattype) VALUES (16, 'A', 8, 'Sweetbox');
INSERT INTO Seat (roomid, seatrow, seatnumber, seattype) VALUES (16, 'A', 9, 'Sweetbox');
INSERT INTO Seat (roomid, seatrow, seatnumber, seattype) VALUES (16, 'A', 10, 'Thường');
INSERT INTO Seat (roomid, seatrow, seatnumber, seattype) VALUES (16, 'B', 1, 'VIP');
INSERT INTO Seat (roomid, seatrow, seatnumber, seattype) VALUES (16, 'B', 2, 'Sweetbox');
INSERT INTO Seat (roomid, seatrow, seatnumber, seattype) VALUES (16, 'B', 3, 'VIP');
INSERT INTO Seat (roomid, seatrow, seatnumber, seattype) VALUES (16, 'B', 4, 'VIP');
INSERT INTO Seat (roomid, seatrow, seatnumber, seattype) VALUES (16, 'B', 5, 'Sweetbox');
INSERT INTO Seat (roomid, seatrow, seatnumber, seattype) VALUES (16, 'B', 6, 'Thường');
INSERT INTO Seat (roomid, seatrow, seatnumber, seattype) VALUES (16, 'B', 7, 'VIP');
INSERT INTO Seat (roomid, seatrow, seatnumber, seattype) VALUES (16, 'B', 8, 'Thường');
INSERT INTO Seat (roomid, seatrow, seatnumber, seattype) VALUES (16, 'B', 9, 'Sweetbox');
INSERT INTO Seat (roomid, seatrow, seatnumber, seattype) VALUES (16, 'B', 10, 'VIP');
INSERT INTO Seat (roomid, seatrow, seatnumber, seattype) VALUES (16, 'C', 1, 'VIP');
INSERT INTO Seat (roomid, seatrow, seatnumber, seattype) VALUES (16, 'C', 2, 'VIP');
INSERT INTO Seat (roomid, seatrow, seatnumber, seattype) VALUES (16, 'C', 3, 'VIP');
INSERT INTO Seat (roomid, seatrow, seatnumber, seattype) VALUES (16, 'C', 4, 'Thường');
INSERT INTO Seat (roomid, seatrow, seatnumber, seattype) VALUES (16, 'C', 5, 'Thường');
INSERT INTO Seat (roomid, seatrow, seatnumber, seattype) VALUES (16, 'C', 6, 'Sweetbox');
INSERT INTO Seat (roomid, seatrow, seatnumber, seattype) VALUES (16, 'C', 7, 'VIP');
INSERT INTO Seat (roomid, seatrow, seatnumber, seattype) VALUES (16, 'C', 8, 'Sweetbox');
INSERT INTO Seat (roomid, seatrow, seatnumber, seattype) VALUES (16, 'C', 9, 'Sweetbox');
INSERT INTO Seat (roomid, seatrow, seatnumber, seattype) VALUES (16, 'C', 10, 'Sweetbox');
INSERT INTO Seat (roomid, seatrow, seatnumber, seattype) VALUES (16, 'D', 1, 'Thường');
INSERT INTO Seat (roomid, seatrow, seatnumber, seattype) VALUES (16, 'D', 2, 'VIP');
INSERT INTO Seat (roomid, seatrow, seatnumber, seattype) VALUES (16, 'D', 3, 'VIP');
INSERT INTO Seat (roomid, seatrow, seatnumber, seattype) VALUES (16, 'D', 4, 'Sweetbox');
INSERT INTO Seat (roomid, seatrow, seatnumber, seattype) VALUES (16, 'D', 5, 'VIP');
INSERT INTO Seat (roomid, seatrow, seatnumber, seattype) VALUES (16, 'D', 6, 'Thường');
INSERT INTO Seat (roomid, seatrow, seatnumber, seattype) VALUES (16, 'D', 7, 'VIP');
INSERT INTO Seat (roomid, seatrow, seatnumber, seattype) VALUES (16, 'D', 8, 'Sweetbox');
INSERT INTO Seat (roomid, seatrow, seatnumber, seattype) VALUES (16, 'D', 9, 'Thường');
INSERT INTO Seat (roomid, seatrow, seatnumber, seattype) VALUES (16, 'D', 10, 'Sweetbox');
INSERT INTO Seat (roomid, seatrow, seatnumber, seattype) VALUES (16, 'E', 1, 'Thường');
INSERT INTO Seat (roomid, seatrow, seatnumber, seattype) VALUES (16, 'E', 2, 'VIP');
INSERT INTO Seat (roomid, seatrow, seatnumber, seattype) VALUES (16, 'E', 3, 'Sweetbox');
INSERT INTO Seat (roomid, seatrow, seatnumber, seattype) VALUES (16, 'E', 4, 'Sweetbox');
INSERT INTO Seat (roomid, seatrow, seatnumber, seattype) VALUES (16, 'E', 5, 'VIP');
INSERT INTO Seat (roomid, seatrow, seatnumber, seattype) VALUES (16, 'E', 6, 'VIP');
INSERT INTO Seat (roomid, seatrow, seatnumber, seattype) VALUES (16, 'E', 7, 'Sweetbox');
INSERT INTO Seat (roomid, seatrow, seatnumber, seattype) VALUES (16, 'E', 8, 'Sweetbox');
INSERT INTO Seat (roomid, seatrow, seatnumber, seattype) VALUES (16, 'E', 9, 'Sweetbox');
INSERT INTO Seat (roomid, seatrow, seatnumber, seattype) VALUES (16, 'E', 10, 'Sweetbox');
INSERT INTO Seat (roomid, seatrow, seatnumber, seattype) VALUES (16, 'F', 1, 'VIP');
INSERT INTO Seat (roomid, seatrow, seatnumber, seattype) VALUES (16, 'F', 2, 'VIP');
INSERT INTO Seat (roomid, seatrow, seatnumber, seattype) VALUES (16, 'F', 3, 'VIP');
INSERT INTO Seat (roomid, seatrow, seatnumber, seattype) VALUES (16, 'F', 4, 'VIP');
INSERT INTO Seat (roomid, seatrow, seatnumber, seattype) VALUES (16, 'F', 5, 'Thường');
INSERT INTO Seat (roomid, seatrow, seatnumber, seattype) VALUES (16, 'F', 6, 'Thường');
INSERT INTO Seat (roomid, seatrow, seatnumber, seattype) VALUES (16, 'F', 7, 'Thường');
INSERT INTO Seat (roomid, seatrow, seatnumber, seattype) VALUES (16, 'F', 8, 'Thường');
INSERT INTO Seat (roomid, seatrow, seatnumber, seattype) VALUES (16, 'F', 9, 'Thường');
INSERT INTO Seat (roomid, seatrow, seatnumber, seattype) VALUES (16, 'F', 10, 'VIP');
INSERT INTO Seat (roomid, seatrow, seatnumber, seattype) VALUES (17, 'A', 1, 'Thường');
INSERT INTO Seat (roomid, seatrow, seatnumber, seattype) VALUES (17, 'A', 2, 'Thường');
INSERT INTO Seat (roomid, seatrow, seatnumber, seattype) VALUES (17, 'A', 3, 'Sweetbox');
INSERT INTO Seat (roomid, seatrow, seatnumber, seattype) VALUES (17, 'A', 4, 'VIP');
INSERT INTO Seat (roomid, seatrow, seatnumber, seattype) VALUES (17, 'A', 5, 'Sweetbox');
INSERT INTO Seat (roomid, seatrow, seatnumber, seattype) VALUES (17, 'A', 6, 'VIP');
INSERT INTO Seat (roomid, seatrow, seatnumber, seattype) VALUES (17, 'A', 7, 'VIP');
INSERT INTO Seat (roomid, seatrow, seatnumber, seattype) VALUES (17, 'A', 8, 'VIP');
INSERT INTO Seat (roomid, seatrow, seatnumber, seattype) VALUES (17, 'A', 9, 'Sweetbox');
INSERT INTO Seat (roomid, seatrow, seatnumber, seattype) VALUES (17, 'A', 10, 'Thường');
INSERT INTO Seat (roomid, seatrow, seatnumber, seattype) VALUES (17, 'B', 1, 'Thường');
INSERT INTO Seat (roomid, seatrow, seatnumber, seattype) VALUES (17, 'B', 2, 'VIP');
INSERT INTO Seat (roomid, seatrow, seatnumber, seattype) VALUES (17, 'B', 3, 'Thường');
INSERT INTO Seat (roomid, seatrow, seatnumber, seattype) VALUES (17, 'B', 4, 'Thường');
INSERT INTO Seat (roomid, seatrow, seatnumber, seattype) VALUES (17, 'B', 5, 'Sweetbox');
INSERT INTO Seat (roomid, seatrow, seatnumber, seattype) VALUES (17, 'B', 6, 'Sweetbox');
INSERT INTO Seat (roomid, seatrow, seatnumber, seattype) VALUES (17, 'B', 7, 'Sweetbox');
INSERT INTO Seat (roomid, seatrow, seatnumber, seattype) VALUES (17, 'B', 8, 'VIP');
INSERT INTO Seat (roomid, seatrow, seatnumber, seattype) VALUES (17, 'B', 9, 'VIP');
INSERT INTO Seat (roomid, seatrow, seatnumber, seattype) VALUES (17, 'B', 10, 'Sweetbox');
INSERT INTO Seat (roomid, seatrow, seatnumber, seattype) VALUES (17, 'C', 1, 'Sweetbox');
INSERT INTO Seat (roomid, seatrow, seatnumber, seattype) VALUES (17, 'C', 2, 'VIP');
INSERT INTO Seat (roomid, seatrow, seatnumber, seattype) VALUES (17, 'C', 3, 'Thường');
INSERT INTO Seat (roomid, seatrow, seatnumber, seattype) VALUES (17, 'C', 4, 'VIP');
INSERT INTO Seat (roomid, seatrow, seatnumber, seattype) VALUES (17, 'C', 5, 'Thường');
INSERT INTO Seat (roomid, seatrow, seatnumber, seattype) VALUES (17, 'C', 6, 'Thường');
INSERT INTO Seat (roomid, seatrow, seatnumber, seattype) VALUES (17, 'C', 7, 'Thường');
INSERT INTO Seat (roomid, seatrow, seatnumber, seattype) VALUES (17, 'C', 8, 'Thường');
INSERT INTO Seat (roomid, seatrow, seatnumber, seattype) VALUES (17, 'C', 9, 'Sweetbox');
INSERT INTO Seat (roomid, seatrow, seatnumber, seattype) VALUES (17, 'C', 10, 'VIP');
INSERT INTO Seat (roomid, seatrow, seatnumber, seattype) VALUES (17, 'D', 1, 'VIP');
INSERT INTO Seat (roomid, seatrow, seatnumber, seattype) VALUES (17, 'D', 2, 'Thường');
INSERT INTO Seat (roomid, seatrow, seatnumber, seattype) VALUES (17, 'D', 3, 'Sweetbox');
INSERT INTO Seat (roomid, seatrow, seatnumber, seattype) VALUES (17, 'D', 4, 'Sweetbox');
INSERT INTO Seat (roomid, seatrow, seatnumber, seattype) VALUES (17, 'D', 5, 'Sweetbox');
INSERT INTO Seat (roomid, seatrow, seatnumber, seattype) VALUES (17, 'D', 6, 'VIP');
INSERT INTO Seat (roomid, seatrow, seatnumber, seattype) VALUES (17, 'D', 7, 'Sweetbox');
INSERT INTO Seat (roomid, seatrow, seatnumber, seattype) VALUES (17, 'D', 8, 'VIP');
INSERT INTO Seat (roomid, seatrow, seatnumber, seattype) VALUES (17, 'D', 9, 'VIP');
INSERT INTO Seat (roomid, seatrow, seatnumber, seattype) VALUES (17, 'D', 10, 'Sweetbox');
INSERT INTO Seat (roomid, seatrow, seatnumber, seattype) VALUES (17, 'E', 1, 'Thường');
INSERT INTO Seat (roomid, seatrow, seatnumber, seattype) VALUES (17, 'E', 2, 'VIP');
INSERT INTO Seat (roomid, seatrow, seatnumber, seattype) VALUES (17, 'E', 3, 'VIP');
INSERT INTO Seat (roomid, seatrow, seatnumber, seattype) VALUES (17, 'E', 4, 'Sweetbox');
INSERT INTO Seat (roomid, seatrow, seatnumber, seattype) VALUES (17, 'E', 5, 'Sweetbox');
INSERT INTO Seat (roomid, seatrow, seatnumber, seattype) VALUES (17, 'E', 6, 'Sweetbox');
INSERT INTO Seat (roomid, seatrow, seatnumber, seattype) VALUES (17, 'E', 7, 'Sweetbox');
INSERT INTO Seat (roomid, seatrow, seatnumber, seattype) VALUES (17, 'E', 8, 'Thường');
INSERT INTO Seat (roomid, seatrow, seatnumber, seattype) VALUES (17, 'E', 9, 'VIP');
INSERT INTO Seat (roomid, seatrow, seatnumber, seattype) VALUES (17, 'E', 10, 'Sweetbox');
INSERT INTO Seat (roomid, seatrow, seatnumber, seattype) VALUES (17, 'F', 1, 'Sweetbox');
INSERT INTO Seat (roomid, seatrow, seatnumber, seattype) VALUES (17, 'F', 2, 'Sweetbox');
INSERT INTO Seat (roomid, seatrow, seatnumber, seattype) VALUES (17, 'F', 3, 'Sweetbox');
INSERT INTO Seat (roomid, seatrow, seatnumber, seattype) VALUES (17, 'F', 4, 'VIP');
INSERT INTO Seat (roomid, seatrow, seatnumber, seattype) VALUES (17, 'F', 5, 'Sweetbox');
INSERT INTO Seat (roomid, seatrow, seatnumber, seattype) VALUES (17, 'F', 6, 'Sweetbox');
INSERT INTO Seat (roomid, seatrow, seatnumber, seattype) VALUES (17, 'F', 7, 'VIP');
INSERT INTO Seat (roomid, seatrow, seatnumber, seattype) VALUES (17, 'F', 8, 'Sweetbox');
INSERT INTO Seat (roomid, seatrow, seatnumber, seattype) VALUES (17, 'F', 9, 'Thường');
INSERT INTO Seat (roomid, seatrow, seatnumber, seattype) VALUES (17, 'F', 10, 'Thường');
INSERT INTO Seat (roomid, seatrow, seatnumber, seattype) VALUES (18, 'A', 1, 'Thường');
INSERT INTO Seat (roomid, seatrow, seatnumber, seattype) VALUES (18, 'A', 2, 'Thường');
INSERT INTO Seat (roomid, seatrow, seatnumber, seattype) VALUES (18, 'A', 3, 'VIP');
INSERT INTO Seat (roomid, seatrow, seatnumber, seattype) VALUES (18, 'A', 4, 'VIP');
INSERT INTO Seat (roomid, seatrow, seatnumber, seattype) VALUES (18, 'A', 5, 'Sweetbox');
INSERT INTO Seat (roomid, seatrow, seatnumber, seattype) VALUES (18, 'A', 6, 'Thường');
INSERT INTO Seat (roomid, seatrow, seatnumber, seattype) VALUES (18, 'A', 7, 'VIP');
INSERT INTO Seat (roomid, seatrow, seatnumber, seattype) VALUES (18, 'A', 8, 'Thường');
INSERT INTO Seat (roomid, seatrow, seatnumber, seattype) VALUES (18, 'A', 9, 'Thường');
INSERT INTO Seat (roomid, seatrow, seatnumber, seattype) VALUES (18, 'A', 10, 'Sweetbox');
INSERT INTO Seat (roomid, seatrow, seatnumber, seattype) VALUES (18, 'B', 1, 'VIP');
INSERT INTO Seat (roomid, seatrow, seatnumber, seattype) VALUES (18, 'B', 2, 'Thường');
INSERT INTO Seat (roomid, seatrow, seatnumber, seattype) VALUES (18, 'B', 3, 'VIP');
INSERT INTO Seat (roomid, seatrow, seatnumber, seattype) VALUES (18, 'B', 4, 'VIP');
INSERT INTO Seat (roomid, seatrow, seatnumber, seattype) VALUES (18, 'B', 5, 'Thường');
INSERT INTO Seat (roomid, seatrow, seatnumber, seattype) VALUES (18, 'B', 6, 'Thường');
INSERT INTO Seat (roomid, seatrow, seatnumber, seattype) VALUES (18, 'B', 7, 'Thường');
INSERT INTO Seat (roomid, seatrow, seatnumber, seattype) VALUES (18, 'B', 8, 'Sweetbox');
INSERT INTO Seat (roomid, seatrow, seatnumber, seattype) VALUES (18, 'B', 9, 'VIP');
INSERT INTO Seat (roomid, seatrow, seatnumber, seattype) VALUES (18, 'B', 10, 'Sweetbox');
INSERT INTO Seat (roomid, seatrow, seatnumber, seattype) VALUES (18, 'C', 1, 'Sweetbox');
INSERT INTO Seat (roomid, seatrow, seatnumber, seattype) VALUES (18, 'C', 2, 'Sweetbox');
INSERT INTO Seat (roomid, seatrow, seatnumber, seattype) VALUES (18, 'C', 3, 'VIP');
INSERT INTO Seat (roomid, seatrow, seatnumber, seattype) VALUES (18, 'C', 4, 'Sweetbox');
INSERT INTO Seat (roomid, seatrow, seatnumber, seattype) VALUES (18, 'C', 5, 'Sweetbox');
INSERT INTO Seat (roomid, seatrow, seatnumber, seattype) VALUES (18, 'C', 6, 'Sweetbox');
INSERT INTO Seat (roomid, seatrow, seatnumber, seattype) VALUES (18, 'C', 7, 'Sweetbox');
INSERT INTO Seat (roomid, seatrow, seatnumber, seattype) VALUES (18, 'C', 8, 'Sweetbox');
INSERT INTO Seat (roomid, seatrow, seatnumber, seattype) VALUES (18, 'C', 9, 'VIP');
INSERT INTO Seat (roomid, seatrow, seatnumber, seattype) VALUES (18, 'C', 10, 'Thường');
INSERT INTO Seat (roomid, seatrow, seatnumber, seattype) VALUES (18, 'D', 1, 'Thường');
INSERT INTO Seat (roomid, seatrow, seatnumber, seattype) VALUES (18, 'D', 2, 'VIP');
INSERT INTO Seat (roomid, seatrow, seatnumber, seattype) VALUES (18, 'D', 3, 'Sweetbox');
INSERT INTO Seat (roomid, seatrow, seatnumber, seattype) VALUES (18, 'D', 4, 'VIP');
INSERT INTO Seat (roomid, seatrow, seatnumber, seattype) VALUES (18, 'D', 5, 'VIP');
INSERT INTO Seat (roomid, seatrow, seatnumber, seattype) VALUES (18, 'D', 6, 'VIP');
INSERT INTO Seat (roomid, seatrow, seatnumber, seattype) VALUES (18, 'D', 7, 'VIP');
INSERT INTO Seat (roomid, seatrow, seatnumber, seattype) VALUES (18, 'D', 8, 'VIP');
INSERT INTO Seat (roomid, seatrow, seatnumber, seattype) VALUES (18, 'D', 9, 'VIP');
INSERT INTO Seat (roomid, seatrow, seatnumber, seattype) VALUES (18, 'D', 10, 'VIP');
INSERT INTO Seat (roomid, seatrow, seatnumber, seattype) VALUES (18, 'E', 1, 'VIP');
INSERT INTO Seat (roomid, seatrow, seatnumber, seattype) VALUES (18, 'E', 2, 'Sweetbox');
INSERT INTO Seat (roomid, seatrow, seatnumber, seattype) VALUES (18, 'E', 3, 'Sweetbox');
INSERT INTO Seat (roomid, seatrow, seatnumber, seattype) VALUES (18, 'E', 4, 'Sweetbox');
INSERT INTO Seat (roomid, seatrow, seatnumber, seattype) VALUES (18, 'E', 5, 'Sweetbox');
INSERT INTO Seat (roomid, seatrow, seatnumber, seattype) VALUES (18, 'E', 6, 'VIP');
INSERT INTO Seat (roomid, seatrow, seatnumber, seattype) VALUES (18, 'E', 7, 'VIP');
INSERT INTO Seat (roomid, seatrow, seatnumber, seattype) VALUES (18, 'E', 8, 'Thường');
INSERT INTO Seat (roomid, seatrow, seatnumber, seattype) VALUES (18, 'E', 9, 'Thường');
INSERT INTO Seat (roomid, seatrow, seatnumber, seattype) VALUES (18, 'E', 10, 'Sweetbox');
INSERT INTO Seat (roomid, seatrow, seatnumber, seattype) VALUES (18, 'F', 1, 'Sweetbox');
INSERT INTO Seat (roomid, seatrow, seatnumber, seattype) VALUES (18, 'F', 2, 'VIP');
INSERT INTO Seat (roomid, seatrow, seatnumber, seattype) VALUES (18, 'F', 3, 'Thường');
INSERT INTO Seat (roomid, seatrow, seatnumber, seattype) VALUES (18, 'F', 4, 'Thường');
INSERT INTO Seat (roomid, seatrow, seatnumber, seattype) VALUES (18, 'F', 5, 'Sweetbox');
INSERT INTO Seat (roomid, seatrow, seatnumber, seattype) VALUES (18, 'F', 6, 'VIP');
INSERT INTO Seat (roomid, seatrow, seatnumber, seattype) VALUES (18, 'F', 7, 'Sweetbox');
INSERT INTO Seat (roomid, seatrow, seatnumber, seattype) VALUES (18, 'F', 8, 'Sweetbox');
INSERT INTO Seat (roomid, seatrow, seatnumber, seattype) VALUES (18, 'F', 9, 'Sweetbox');
INSERT INTO Seat (roomid, seatrow, seatnumber, seattype) VALUES (18, 'F', 10, 'Thường');
INSERT INTO Seat (roomid, seatrow, seatnumber, seattype) VALUES (19, 'A', 1, 'Sweetbox');
INSERT INTO Seat (roomid, seatrow, seatnumber, seattype) VALUES (19, 'A', 2, 'VIP');
INSERT INTO Seat (roomid, seatrow, seatnumber, seattype) VALUES (19, 'A', 3, 'Sweetbox');
INSERT INTO Seat (roomid, seatrow, seatnumber, seattype) VALUES (19, 'A', 4, 'Sweetbox');
INSERT INTO Seat (roomid, seatrow, seatnumber, seattype) VALUES (19, 'A', 5, 'Sweetbox');
INSERT INTO Seat (roomid, seatrow, seatnumber, seattype) VALUES (19, 'A', 6, 'Thường');
INSERT INTO Seat (roomid, seatrow, seatnumber, seattype) VALUES (19, 'A', 7, 'Sweetbox');
INSERT INTO Seat (roomid, seatrow, seatnumber, seattype) VALUES (19, 'A', 8, 'Thường');
INSERT INTO Seat (roomid, seatrow, seatnumber, seattype) VALUES (19, 'A', 9, 'Sweetbox');
INSERT INTO Seat (roomid, seatrow, seatnumber, seattype) VALUES (19, 'A', 10, 'VIP');
INSERT INTO Seat (roomid, seatrow, seatnumber, seattype) VALUES (19, 'B', 1, 'VIP');
INSERT INTO Seat (roomid, seatrow, seatnumber, seattype) VALUES (19, 'B', 2, 'Thường');
INSERT INTO Seat (roomid, seatrow, seatnumber, seattype) VALUES (19, 'B', 3, 'Thường');
INSERT INTO Seat (roomid, seatrow, seatnumber, seattype) VALUES (19, 'B', 4, 'Sweetbox');
INSERT INTO Seat (roomid, seatrow, seatnumber, seattype) VALUES (19, 'B', 5, 'VIP');
INSERT INTO Seat (roomid, seatrow, seatnumber, seattype) VALUES (19, 'B', 6, 'Thường');
INSERT INTO Seat (roomid, seatrow, seatnumber, seattype) VALUES (19, 'B', 7, 'VIP');
INSERT INTO Seat (roomid, seatrow, seatnumber, seattype) VALUES (19, 'B', 8, 'Sweetbox');
INSERT INTO Seat (roomid, seatrow, seatnumber, seattype) VALUES (19, 'B', 9, 'VIP');
INSERT INTO Seat (roomid, seatrow, seatnumber, seattype) VALUES (19, 'B', 10, 'VIP');
INSERT INTO Seat (roomid, seatrow, seatnumber, seattype) VALUES (19, 'C', 1, 'Sweetbox');
INSERT INTO Seat (roomid, seatrow, seatnumber, seattype) VALUES (19, 'C', 2, 'VIP');
INSERT INTO Seat (roomid, seatrow, seatnumber, seattype) VALUES (19, 'C', 3, 'Thường');
INSERT INTO Seat (roomid, seatrow, seatnumber, seattype) VALUES (19, 'C', 4, 'VIP');
INSERT INTO Seat (roomid, seatrow, seatnumber, seattype) VALUES (19, 'C', 5, 'Sweetbox');
INSERT INTO Seat (roomid, seatrow, seatnumber, seattype) VALUES (19, 'C', 6, 'Sweetbox');
INSERT INTO Seat (roomid, seatrow, seatnumber, seattype) VALUES (19, 'C', 7, 'Sweetbox');
INSERT INTO Seat (roomid, seatrow, seatnumber, seattype) VALUES (19, 'C', 8, 'Thường');
INSERT INTO Seat (roomid, seatrow, seatnumber, seattype) VALUES (19, 'C', 9, 'Sweetbox');
INSERT INTO Seat (roomid, seatrow, seatnumber, seattype) VALUES (19, 'C', 10, 'VIP');
INSERT INTO Seat (roomid, seatrow, seatnumber, seattype) VALUES (19, 'D', 1, 'Sweetbox');
INSERT INTO Seat (roomid, seatrow, seatnumber, seattype) VALUES (19, 'D', 2, 'VIP');
INSERT INTO Seat (roomid, seatrow, seatnumber, seattype) VALUES (19, 'D', 3, 'VIP');
INSERT INTO Seat (roomid, seatrow, seatnumber, seattype) VALUES (19, 'D', 4, 'VIP');
INSERT INTO Seat (roomid, seatrow, seatnumber, seattype) VALUES (19, 'D', 5, 'Thường');
INSERT INTO Seat (roomid, seatrow, seatnumber, seattype) VALUES (19, 'D', 6, 'Thường');
INSERT INTO Seat (roomid, seatrow, seatnumber, seattype) VALUES (19, 'D', 7, 'VIP');
INSERT INTO Seat (roomid, seatrow, seatnumber, seattype) VALUES (19, 'D', 8, 'Sweetbox');
INSERT INTO Seat (roomid, seatrow, seatnumber, seattype) VALUES (19, 'D', 9, 'Thường');
INSERT INTO Seat (roomid, seatrow, seatnumber, seattype) VALUES (19, 'D', 10, 'Thường');
INSERT INTO Seat (roomid, seatrow, seatnumber, seattype) VALUES (19, 'E', 1, 'VIP');
INSERT INTO Seat (roomid, seatrow, seatnumber, seattype) VALUES (19, 'E', 2, 'Sweetbox');
INSERT INTO Seat (roomid, seatrow, seatnumber, seattype) VALUES (19, 'E', 3, 'Thường');
INSERT INTO Seat (roomid, seatrow, seatnumber, seattype) VALUES (19, 'E', 4, 'Sweetbox');
INSERT INTO Seat (roomid, seatrow, seatnumber, seattype) VALUES (19, 'E', 5, 'Thường');
INSERT INTO Seat (roomid, seatrow, seatnumber, seattype) VALUES (19, 'E', 6, 'Thường');
INSERT INTO Seat (roomid, seatrow, seatnumber, seattype) VALUES (19, 'E', 7, 'Thường');
INSERT INTO Seat (roomid, seatrow, seatnumber, seattype) VALUES (19, 'E', 8, 'Sweetbox');
INSERT INTO Seat (roomid, seatrow, seatnumber, seattype) VALUES (19, 'E', 9, 'Sweetbox');
INSERT INTO Seat (roomid, seatrow, seatnumber, seattype) VALUES (19, 'E', 10, 'VIP');
INSERT INTO Seat (roomid, seatrow, seatnumber, seattype) VALUES (19, 'F', 1, 'Sweetbox');
INSERT INTO Seat (roomid, seatrow, seatnumber, seattype) VALUES (19, 'F', 2, 'VIP');
INSERT INTO Seat (roomid, seatrow, seatnumber, seattype) VALUES (19, 'F', 3, 'VIP');
INSERT INTO Seat (roomid, seatrow, seatnumber, seattype) VALUES (19, 'F', 4, 'Sweetbox');
INSERT INTO Seat (roomid, seatrow, seatnumber, seattype) VALUES (19, 'F', 5, 'VIP');
INSERT INTO Seat (roomid, seatrow, seatnumber, seattype) VALUES (19, 'F', 6, 'VIP');
INSERT INTO Seat (roomid, seatrow, seatnumber, seattype) VALUES (19, 'F', 7, 'VIP');
INSERT INTO Seat (roomid, seatrow, seatnumber, seattype) VALUES (19, 'F', 8, 'Thường');
INSERT INTO Seat (roomid, seatrow, seatnumber, seattype) VALUES (19, 'F', 9, 'VIP');
INSERT INTO Seat (roomid, seatrow, seatnumber, seattype) VALUES (19, 'F', 10, 'Thường');
INSERT INTO Seat (roomid, seatrow, seatnumber, seattype) VALUES (20, 'A', 1, 'Thường');
INSERT INTO Seat (roomid, seatrow, seatnumber, seattype) VALUES (20, 'A', 2, 'Thường');
INSERT INTO Seat (roomid, seatrow, seatnumber, seattype) VALUES (20, 'A', 3, 'VIP');
INSERT INTO Seat (roomid, seatrow, seatnumber, seattype) VALUES (20, 'A', 4, 'Sweetbox');
INSERT INTO Seat (roomid, seatrow, seatnumber, seattype) VALUES (20, 'A', 5, 'Thường');
INSERT INTO Seat (roomid, seatrow, seatnumber, seattype) VALUES (20, 'A', 6, 'VIP');
INSERT INTO Seat (roomid, seatrow, seatnumber, seattype) VALUES (20, 'A', 7, 'Sweetbox');
INSERT INTO Seat (roomid, seatrow, seatnumber, seattype) VALUES (20, 'A', 8, 'Sweetbox');
INSERT INTO Seat (roomid, seatrow, seatnumber, seattype) VALUES (20, 'A', 9, 'Sweetbox');
INSERT INTO Seat (roomid, seatrow, seatnumber, seattype) VALUES (20, 'A', 10, 'Sweetbox');
INSERT INTO Seat (roomid, seatrow, seatnumber, seattype) VALUES (20, 'B', 1, 'Sweetbox');
INSERT INTO Seat (roomid, seatrow, seatnumber, seattype) VALUES (20, 'B', 2, 'VIP');
INSERT INTO Seat (roomid, seatrow, seatnumber, seattype) VALUES (20, 'B', 3, 'VIP');
INSERT INTO Seat (roomid, seatrow, seatnumber, seattype) VALUES (20, 'B', 4, 'VIP');
INSERT INTO Seat (roomid, seatrow, seatnumber, seattype) VALUES (20, 'B', 5, 'VIP');
INSERT INTO Seat (roomid, seatrow, seatnumber, seattype) VALUES (20, 'B', 6, 'Thường');
INSERT INTO Seat (roomid, seatrow, seatnumber, seattype) VALUES (20, 'B', 7, 'Sweetbox');
INSERT INTO Seat (roomid, seatrow, seatnumber, seattype) VALUES (20, 'B', 8, 'VIP');
INSERT INTO Seat (roomid, seatrow, seatnumber, seattype) VALUES (20, 'B', 9, 'Sweetbox');
INSERT INTO Seat (roomid, seatrow, seatnumber, seattype) VALUES (20, 'B', 10, 'VIP');
INSERT INTO Seat (roomid, seatrow, seatnumber, seattype) VALUES (20, 'C', 1, 'Sweetbox');
INSERT INTO Seat (roomid, seatrow, seatnumber, seattype) VALUES (20, 'C', 2, 'Thường');
INSERT INTO Seat (roomid, seatrow, seatnumber, seattype) VALUES (20, 'C', 3, 'Sweetbox');
INSERT INTO Seat (roomid, seatrow, seatnumber, seattype) VALUES (20, 'C', 4, 'Sweetbox');
INSERT INTO Seat (roomid, seatrow, seatnumber, seattype) VALUES (20, 'C', 5, 'VIP');
INSERT INTO Seat (roomid, seatrow, seatnumber, seattype) VALUES (20, 'C', 6, 'Sweetbox');
INSERT INTO Seat (roomid, seatrow, seatnumber, seattype) VALUES (20, 'C', 7, 'Thường');
INSERT INTO Seat (roomid, seatrow, seatnumber, seattype) VALUES (20, 'C', 8, 'VIP');
INSERT INTO Seat (roomid, seatrow, seatnumber, seattype) VALUES (20, 'C', 9, 'Thường');
INSERT INTO Seat (roomid, seatrow, seatnumber, seattype) VALUES (20, 'C', 10, 'VIP');
INSERT INTO Seat (roomid, seatrow, seatnumber, seattype) VALUES (20, 'D', 1, 'Thường');
INSERT INTO Seat (roomid, seatrow, seatnumber, seattype) VALUES (20, 'D', 2, 'Sweetbox');
INSERT INTO Seat (roomid, seatrow, seatnumber, seattype) VALUES (20, 'D', 3, 'VIP');
INSERT INTO Seat (roomid, seatrow, seatnumber, seattype) VALUES (20, 'D', 4, 'VIP');
INSERT INTO Seat (roomid, seatrow, seatnumber, seattype) VALUES (20, 'D', 5, 'Thường');
INSERT INTO Seat (roomid, seatrow, seatnumber, seattype) VALUES (20, 'D', 6, 'Sweetbox');
INSERT INTO Seat (roomid, seatrow, seatnumber, seattype) VALUES (20, 'D', 7, 'Thường');
INSERT INTO Seat (roomid, seatrow, seatnumber, seattype) VALUES (20, 'D', 8, 'Sweetbox');
INSERT INTO Seat (roomid, seatrow, seatnumber, seattype) VALUES (20, 'D', 9, 'VIP');
INSERT INTO Seat (roomid, seatrow, seatnumber, seattype) VALUES (20, 'D', 10, 'Sweetbox');
INSERT INTO Seat (roomid, seatrow, seatnumber, seattype) VALUES (20, 'E', 1, 'VIP');
INSERT INTO Seat (roomid, seatrow, seatnumber, seattype) VALUES (20, 'E', 2, 'VIP');
INSERT INTO Seat (roomid, seatrow, seatnumber, seattype) VALUES (20, 'E', 3, 'Sweetbox');
INSERT INTO Seat (roomid, seatrow, seatnumber, seattype) VALUES (20, 'E', 4, 'VIP');
INSERT INTO Seat (roomid, seatrow, seatnumber, seattype) VALUES (20, 'E', 5, 'VIP');
INSERT INTO Seat (roomid, seatrow, seatnumber, seattype) VALUES (20, 'E', 6, 'VIP');
INSERT INTO Seat (roomid, seatrow, seatnumber, seattype) VALUES (20, 'E', 7, 'VIP');
INSERT INTO Seat (roomid, seatrow, seatnumber, seattype) VALUES (20, 'E', 8, 'VIP');
INSERT INTO Seat (roomid, seatrow, seatnumber, seattype) VALUES (20, 'E', 9, 'Sweetbox');
INSERT INTO Seat (roomid, seatrow, seatnumber, seattype) VALUES (20, 'E', 10, 'VIP');
INSERT INTO Seat (roomid, seatrow, seatnumber, seattype) VALUES (20, 'F', 1, 'VIP');
INSERT INTO Seat (roomid, seatrow, seatnumber, seattype) VALUES (20, 'F', 2, 'VIP');
INSERT INTO Seat (roomid, seatrow, seatnumber, seattype) VALUES (20, 'F', 3, 'Thường');
INSERT INTO Seat (roomid, seatrow, seatnumber, seattype) VALUES (20, 'F', 4, 'VIP');
INSERT INTO Seat (roomid, seatrow, seatnumber, seattype) VALUES (20, 'F', 5, 'VIP');
INSERT INTO Seat (roomid, seatrow, seatnumber, seattype) VALUES (20, 'F', 6, 'Sweetbox');
INSERT INTO Seat (roomid, seatrow, seatnumber, seattype) VALUES (20, 'F', 7, 'VIP');
INSERT INTO Seat (roomid, seatrow, seatnumber, seattype) VALUES (20, 'F', 8, 'VIP');
INSERT INTO Seat (roomid, seatrow, seatnumber, seattype) VALUES (20, 'F', 9, 'VIP');
INSERT INTO Seat (roomid, seatrow, seatnumber, seattype) VALUES (20, 'F', 10, 'Thường');

-- === BẢNG MOVIESHOW (500 DÒNG) === --
INSERT INTO MovieShow (movieid, roomid, showtimeid, status) VALUES (315, 20, 7, 'Sắp chiếu');
INSERT INTO MovieShow (movieid, roomid, showtimeid, status) VALUES (292, 18, 11, 'Sắp chiếu');
INSERT INTO MovieShow (movieid, roomid, showtimeid, status) VALUES (346, 18, 26, 'Sắp chiếu');
INSERT INTO MovieShow (movieid, roomid, showtimeid, status) VALUES (117, 5, 26, 'Sắp chiếu');
INSERT INTO MovieShow (movieid, roomid, showtimeid, status) VALUES (398, 20, 5, 'Sắp chiếu');
INSERT INTO MovieShow (movieid, roomid, showtimeid, status) VALUES (363, 15, 31, 'Sắp chiếu');
INSERT INTO MovieShow (movieid, roomid, showtimeid, status) VALUES (422, 17, 20, 'Sắp chiếu');
INSERT INTO MovieShow (movieid, roomid, showtimeid, status) VALUES (496, 9, 39, 'Sắp chiếu');
INSERT INTO MovieShow (movieid, roomid, showtimeid, status) VALUES (436, 16, 31, 'Sắp chiếu');
INSERT INTO MovieShow (movieid, roomid, showtimeid, status) VALUES (438, 8, 19, 'Sắp chiếu');
INSERT INTO MovieShow (movieid, roomid, showtimeid, status) VALUES (358, 8, 39, 'Sắp chiếu');
INSERT INTO MovieShow (movieid, roomid, showtimeid, status) VALUES (120, 20, 6, 'Sắp chiếu');
INSERT INTO MovieShow (movieid, roomid, showtimeid, status) VALUES (378, 13, 35, 'Sắp chiếu');
INSERT INTO MovieShow (movieid, roomid, showtimeid, status) VALUES (214, 17, 29, 'Sắp chiếu');
INSERT INTO MovieShow (movieid, roomid, showtimeid, status) VALUES (260, 5, 12, 'Sắp chiếu');
INSERT INTO MovieShow (movieid, roomid, showtimeid, status) VALUES (251, 1, 30, 'Sắp chiếu');
INSERT INTO MovieShow (movieid, roomid, showtimeid, status) VALUES (259, 2, 14, 'Sắp chiếu');
INSERT INTO MovieShow (movieid, roomid, showtimeid, status) VALUES (311, 3, 48, 'Sắp chiếu');
INSERT INTO MovieShow (movieid, roomid, showtimeid, status) VALUES (485, 18, 13, 'Sắp chiếu');
INSERT INTO MovieShow (movieid, roomid, showtimeid, status) VALUES (4, 6, 9, 'Sắp chiếu');
INSERT INTO MovieShow (movieid, roomid, showtimeid, status) VALUES (493, 2, 11, 'Sắp chiếu');
INSERT INTO MovieShow (movieid, roomid, showtimeid, status) VALUES (384, 15, 30, 'Sắp chiếu');
INSERT INTO MovieShow (movieid, roomid, showtimeid, status) VALUES (304, 5, 18, 'Sắp chiếu');
INSERT INTO MovieShow (movieid, roomid, showtimeid, status) VALUES (95, 16, 9, 'Sắp chiếu');
INSERT INTO MovieShow (movieid, roomid, showtimeid, status) VALUES (28, 17, 5, 'Sắp chiếu');
INSERT INTO MovieShow (movieid, roomid, showtimeid, status) VALUES (164, 1, 20, 'Sắp chiếu');
INSERT INTO MovieShow (movieid, roomid, showtimeid, status) VALUES (202, 1, 27, 'Sắp chiếu');
INSERT INTO MovieShow (movieid, roomid, showtimeid, status) VALUES (59, 18, 34, 'Sắp chiếu');
INSERT INTO MovieShow (movieid, roomid, showtimeid, status) VALUES (240, 10, 2, 'Sắp chiếu');
INSERT INTO MovieShow (movieid, roomid, showtimeid, status) VALUES (404, 15, 25, 'Sắp chiếu');
INSERT INTO MovieShow (movieid, roomid, showtimeid, status) VALUES (181, 7, 4, 'Sắp chiếu');
INSERT INTO MovieShow (movieid, roomid, showtimeid, status) VALUES (22, 20, 46, 'Sắp chiếu');
INSERT INTO MovieShow (movieid, roomid, showtimeid, status) VALUES (442, 5, 40, 'Sắp chiếu');
INSERT INTO MovieShow (movieid, roomid, showtimeid, status) VALUES (390, 1, 15, 'Sắp chiếu');
INSERT INTO MovieShow (movieid, roomid, showtimeid, status) VALUES (117, 1, 41, 'Sắp chiếu');
INSERT INTO MovieShow (movieid, roomid, showtimeid, status) VALUES (480, 6, 21, 'Sắp chiếu');
INSERT INTO MovieShow (movieid, roomid, showtimeid, status) VALUES (185, 2, 12, 'Sắp chiếu');
INSERT INTO MovieShow (movieid, roomid, showtimeid, status) VALUES (292, 16, 24, 'Sắp chiếu');
INSERT INTO MovieShow (movieid, roomid, showtimeid, status) VALUES (218, 3, 44, 'Sắp chiếu');
INSERT INTO MovieShow (movieid, roomid, showtimeid, status) VALUES (471, 13, 47, 'Sắp chiếu');
INSERT INTO MovieShow (movieid, roomid, showtimeid, status) VALUES (486, 8, 50, 'Sắp chiếu');
INSERT INTO MovieShow (movieid, roomid, showtimeid, status) VALUES (131, 7, 18, 'Sắp chiếu');
INSERT INTO MovieShow (movieid, roomid, showtimeid, status) VALUES (177, 11, 8, 'Sắp chiếu');
INSERT INTO MovieShow (movieid, roomid, showtimeid, status) VALUES (70, 8, 19, 'Sắp chiếu');
INSERT INTO MovieShow (movieid, roomid, showtimeid, status) VALUES (379, 11, 1, 'Sắp chiếu');
INSERT INTO MovieShow (movieid, roomid, showtimeid, status) VALUES (196, 5, 46, 'Sắp chiếu');
INSERT INTO MovieShow (movieid, roomid, showtimeid, status) VALUES (218, 15, 45, 'Sắp chiếu');
INSERT INTO MovieShow (movieid, roomid, showtimeid, status) VALUES (371, 20, 1, 'Sắp chiếu');
INSERT INTO MovieShow (movieid, roomid, showtimeid, status) VALUES (98, 4, 35, 'Sắp chiếu');
INSERT INTO MovieShow (movieid, roomid, showtimeid, status) VALUES (70, 6, 7, 'Sắp chiếu');
INSERT INTO MovieShow (movieid, roomid, showtimeid, status) VALUES (114, 13, 48, 'Sắp chiếu');
INSERT INTO MovieShow (movieid, roomid, showtimeid, status) VALUES (168, 10, 22, 'Sắp chiếu');
INSERT INTO MovieShow (movieid, roomid, showtimeid, status) VALUES (147, 20, 7, 'Sắp chiếu');
INSERT INTO MovieShow (movieid, roomid, showtimeid, status) VALUES (187, 14, 8, 'Sắp chiếu');
INSERT INTO MovieShow (movieid, roomid, showtimeid, status) VALUES (389, 8, 9, 'Sắp chiếu');
INSERT INTO MovieShow (movieid, roomid, showtimeid, status) VALUES (387, 2, 28, 'Sắp chiếu');
INSERT INTO MovieShow (movieid, roomid, showtimeid, status) VALUES (155, 20, 30, 'Sắp chiếu');
INSERT INTO MovieShow (movieid, roomid, showtimeid, status) VALUES (307, 16, 7, 'Sắp chiếu');
INSERT INTO MovieShow (movieid, roomid, showtimeid, status) VALUES (384, 7, 46, 'Sắp chiếu');
INSERT INTO MovieShow (movieid, roomid, showtimeid, status) VALUES (253, 2, 43, 'Sắp chiếu');
INSERT INTO MovieShow (movieid, roomid, showtimeid, status) VALUES (414, 5, 38, 'Sắp chiếu');
INSERT INTO MovieShow (movieid, roomid, showtimeid, status) VALUES (414, 5, 44, 'Sắp chiếu');
INSERT INTO MovieShow (movieid, roomid, showtimeid, status) VALUES (225, 16, 8, 'Sắp chiếu');
INSERT INTO MovieShow (movieid, roomid, showtimeid, status) VALUES (494, 18, 34, 'Sắp chiếu');
INSERT INTO MovieShow (movieid, roomid, showtimeid, status) VALUES (412, 9, 41, 'Sắp chiếu');
INSERT INTO MovieShow (movieid, roomid, showtimeid, status) VALUES (284, 10, 37, 'Sắp chiếu');
INSERT INTO MovieShow (movieid, roomid, showtimeid, status) VALUES (23, 5, 6, 'Sắp chiếu');
INSERT INTO MovieShow (movieid, roomid, showtimeid, status) VALUES (90, 14, 50, 'Sắp chiếu');
INSERT INTO MovieShow (movieid, roomid, showtimeid, status) VALUES (13, 7, 8, 'Sắp chiếu');
INSERT INTO MovieShow (movieid, roomid, showtimeid, status) VALUES (128, 9, 3, 'Sắp chiếu');
INSERT INTO MovieShow (movieid, roomid, showtimeid, status) VALUES (259, 17, 38, 'Sắp chiếu');
INSERT INTO MovieShow (movieid, roomid, showtimeid, status) VALUES (63, 12, 5, 'Sắp chiếu');
INSERT INTO MovieShow (movieid, roomid, showtimeid, status) VALUES (298, 20, 17, 'Sắp chiếu');
INSERT INTO MovieShow (movieid, roomid, showtimeid, status) VALUES (244, 5, 45, 'Sắp chiếu');
INSERT INTO MovieShow (movieid, roomid, showtimeid, status) VALUES (83, 4, 17, 'Sắp chiếu');
INSERT INTO MovieShow (movieid, roomid, showtimeid, status) VALUES (9, 8, 16, 'Sắp chiếu');
INSERT INTO MovieShow (movieid, roomid, showtimeid, status) VALUES (453, 4, 15, 'Sắp chiếu');
INSERT INTO MovieShow (movieid, roomid, showtimeid, status) VALUES (161, 9, 24, 'Sắp chiếu');
INSERT INTO MovieShow (movieid, roomid, showtimeid, status) VALUES (193, 15, 7, 'Sắp chiếu');
INSERT INTO MovieShow (movieid, roomid, showtimeid, status) VALUES (203, 16, 19, 'Sắp chiếu');
INSERT INTO MovieShow (movieid, roomid, showtimeid, status) VALUES (239, 12, 26, 'Sắp chiếu');
INSERT INTO MovieShow (movieid, roomid, showtimeid, status) VALUES (246, 18, 42, 'Sắp chiếu');
INSERT INTO MovieShow (movieid, roomid, showtimeid, status) VALUES (153, 1, 49, 'Sắp chiếu');
INSERT INTO MovieShow (movieid, roomid, showtimeid, status) VALUES (383, 8, 28, 'Sắp chiếu');
INSERT INTO MovieShow (movieid, roomid, showtimeid, status) VALUES (34, 11, 17, 'Sắp chiếu');
INSERT INTO MovieShow (movieid, roomid, showtimeid, status) VALUES (232, 16, 19, 'Sắp chiếu');
INSERT INTO MovieShow (movieid, roomid, showtimeid, status) VALUES (93, 15, 27, 'Sắp chiếu');
INSERT INTO MovieShow (movieid, roomid, showtimeid, status) VALUES (35, 20, 4, 'Sắp chiếu');
INSERT INTO MovieShow (movieid, roomid, showtimeid, status) VALUES (331, 4, 39, 'Sắp chiếu');
INSERT INTO MovieShow (movieid, roomid, showtimeid, status) VALUES (20, 11, 22, 'Sắp chiếu');
INSERT INTO MovieShow (movieid, roomid, showtimeid, status) VALUES (465, 20, 32, 'Sắp chiếu');
INSERT INTO MovieShow (movieid, roomid, showtimeid, status) VALUES (363, 1, 45, 'Sắp chiếu');
INSERT INTO MovieShow (movieid, roomid, showtimeid, status) VALUES (10, 20, 17, 'Sắp chiếu');
INSERT INTO MovieShow (movieid, roomid, showtimeid, status) VALUES (375, 8, 32, 'Sắp chiếu');
INSERT INTO MovieShow (movieid, roomid, showtimeid, status) VALUES (92, 14, 34, 'Sắp chiếu');
INSERT INTO MovieShow (movieid, roomid, showtimeid, status) VALUES (385, 12, 6, 'Sắp chiếu');
INSERT INTO MovieShow (movieid, roomid, showtimeid, status) VALUES (308, 2, 47, 'Sắp chiếu');
INSERT INTO MovieShow (movieid, roomid, showtimeid, status) VALUES (453, 8, 17, 'Sắp chiếu');
INSERT INTO MovieShow (movieid, roomid, showtimeid, status) VALUES (162, 7, 17, 'Sắp chiếu');
INSERT INTO MovieShow (movieid, roomid, showtimeid, status) VALUES (130, 20, 39, 'Sắp chiếu');
INSERT INTO MovieShow (movieid, roomid, showtimeid, status) VALUES (290, 9, 4, 'Sắp chiếu');
INSERT INTO MovieShow (movieid, roomid, showtimeid, status) VALUES (243, 2, 13, 'Sắp chiếu');
INSERT INTO MovieShow (movieid, roomid, showtimeid, status) VALUES (46, 11, 36, 'Sắp chiếu');
INSERT INTO MovieShow (movieid, roomid, showtimeid, status) VALUES (165, 5, 46, 'Sắp chiếu');
INSERT INTO MovieShow (movieid, roomid, showtimeid, status) VALUES (30, 19, 10, 'Sắp chiếu');
INSERT INTO MovieShow (movieid, roomid, showtimeid, status) VALUES (487, 4, 14, 'Sắp chiếu');
INSERT INTO MovieShow (movieid, roomid, showtimeid, status) VALUES (253, 12, 26, 'Sắp chiếu');
INSERT INTO MovieShow (movieid, roomid, showtimeid, status) VALUES (434, 16, 16, 'Sắp chiếu');
INSERT INTO MovieShow (movieid, roomid, showtimeid, status) VALUES (108, 9, 34, 'Sắp chiếu');
INSERT INTO MovieShow (movieid, roomid, showtimeid, status) VALUES (34, 2, 2, 'Sắp chiếu');
INSERT INTO MovieShow (movieid, roomid, showtimeid, status) VALUES (200, 8, 39, 'Sắp chiếu');
INSERT INTO MovieShow (movieid, roomid, showtimeid, status) VALUES (180, 8, 19, 'Sắp chiếu');
INSERT INTO MovieShow (movieid, roomid, showtimeid, status) VALUES (80, 10, 39, 'Sắp chiếu');
INSERT INTO MovieShow (movieid, roomid, showtimeid, status) VALUES (181, 10, 19, 'Sắp chiếu');
INSERT INTO MovieShow (movieid, roomid, showtimeid, status) VALUES (497, 16, 3, 'Sắp chiếu');
INSERT INTO MovieShow (movieid, roomid, showtimeid, status) VALUES (102, 4, 28, 'Sắp chiếu');
INSERT INTO MovieShow (movieid, roomid, showtimeid, status) VALUES (138, 17, 50, 'Sắp chiếu');
INSERT INTO MovieShow (movieid, roomid, showtimeid, status) VALUES (398, 7, 4, 'Sắp chiếu');
INSERT INTO MovieShow (movieid, roomid, showtimeid, status) VALUES (468, 11, 1, 'Sắp chiếu');
INSERT INTO MovieShow (movieid, roomid, showtimeid, status) VALUES (262, 5, 17, 'Sắp chiếu');
INSERT INTO MovieShow (movieid, roomid, showtimeid, status) VALUES (136, 14, 5, 'Sắp chiếu');
INSERT INTO MovieShow (movieid, roomid, showtimeid, status) VALUES (169, 17, 41, 'Sắp chiếu');
INSERT INTO MovieShow (movieid, roomid, showtimeid, status) VALUES (450, 19, 27, 'Sắp chiếu');
INSERT INTO MovieShow (movieid, roomid, showtimeid, status) VALUES (168, 4, 46, 'Sắp chiếu');
INSERT INTO MovieShow (movieid, roomid, showtimeid, status) VALUES (431, 7, 35, 'Sắp chiếu');
INSERT INTO MovieShow (movieid, roomid, showtimeid, status) VALUES (181, 20, 10, 'Sắp chiếu');
INSERT INTO MovieShow (movieid, roomid, showtimeid, status) VALUES (40, 6, 35, 'Sắp chiếu');
INSERT INTO MovieShow (movieid, roomid, showtimeid, status) VALUES (142, 15, 25, 'Sắp chiếu');
INSERT INTO MovieShow (movieid, roomid, showtimeid, status) VALUES (178, 18, 39, 'Sắp chiếu');
INSERT INTO MovieShow (movieid, roomid, showtimeid, status) VALUES (145, 3, 8, 'Sắp chiếu');
INSERT INTO MovieShow (movieid, roomid, showtimeid, status) VALUES (371, 18, 16, 'Sắp chiếu');
INSERT INTO MovieShow (movieid, roomid, showtimeid, status) VALUES (11, 19, 40, 'Sắp chiếu');
INSERT INTO MovieShow (movieid, roomid, showtimeid, status) VALUES (420, 14, 41, 'Sắp chiếu');
INSERT INTO MovieShow (movieid, roomid, showtimeid, status) VALUES (441, 8, 32, 'Sắp chiếu');
INSERT INTO MovieShow (movieid, roomid, showtimeid, status) VALUES (437, 1, 28, 'Sắp chiếu');
INSERT INTO MovieShow (movieid, roomid, showtimeid, status) VALUES (499, 18, 16, 'Sắp chiếu');
INSERT INTO MovieShow (movieid, roomid, showtimeid, status) VALUES (99, 15, 16, 'Sắp chiếu');
INSERT INTO MovieShow (movieid, roomid, showtimeid, status) VALUES (424, 12, 42, 'Sắp chiếu');
INSERT INTO MovieShow (movieid, roomid, showtimeid, status) VALUES (255, 15, 11, 'Sắp chiếu');
INSERT INTO MovieShow (movieid, roomid, showtimeid, status) VALUES (258, 15, 24, 'Sắp chiếu');
INSERT INTO MovieShow (movieid, roomid, showtimeid, status) VALUES (304, 6, 38, 'Sắp chiếu');
INSERT INTO MovieShow (movieid, roomid, showtimeid, status) VALUES (406, 10, 19, 'Sắp chiếu');
INSERT INTO MovieShow (movieid, roomid, showtimeid, status) VALUES (127, 15, 13, 'Sắp chiếu');
INSERT INTO MovieShow (movieid, roomid, showtimeid, status) VALUES (58, 19, 33, 'Sắp chiếu');
INSERT INTO MovieShow (movieid, roomid, showtimeid, status) VALUES (42, 15, 35, 'Sắp chiếu');
INSERT INTO MovieShow (movieid, roomid, showtimeid, status) VALUES (60, 19, 30, 'Sắp chiếu');
INSERT INTO MovieShow (movieid, roomid, showtimeid, status) VALUES (157, 1, 18, 'Sắp chiếu');
INSERT INTO MovieShow (movieid, roomid, showtimeid, status) VALUES (64, 8, 42, 'Sắp chiếu');
INSERT INTO MovieShow (movieid, roomid, showtimeid, status) VALUES (7, 7, 27, 'Sắp chiếu');
INSERT INTO MovieShow (movieid, roomid, showtimeid, status) VALUES (437, 9, 16, 'Sắp chiếu');
INSERT INTO MovieShow (movieid, roomid, showtimeid, status) VALUES (438, 20, 38, 'Sắp chiếu');
INSERT INTO MovieShow (movieid, roomid, showtimeid, status) VALUES (316, 3, 1, 'Sắp chiếu');
INSERT INTO MovieShow (movieid, roomid, showtimeid, status) VALUES (99, 8, 9, 'Sắp chiếu');
INSERT INTO MovieShow (movieid, roomid, showtimeid, status) VALUES (44, 11, 46, 'Sắp chiếu');
INSERT INTO MovieShow (movieid, roomid, showtimeid, status) VALUES (263, 12, 9, 'Sắp chiếu');
INSERT INTO MovieShow (movieid, roomid, showtimeid, status) VALUES (236, 7, 23, 'Sắp chiếu');
INSERT INTO MovieShow (movieid, roomid, showtimeid, status) VALUES (140, 2, 2, 'Sắp chiếu');
INSERT INTO MovieShow (movieid, roomid, showtimeid, status) VALUES (448, 9, 4, 'Sắp chiếu');
INSERT INTO MovieShow (movieid, roomid, showtimeid, status) VALUES (133, 1, 34, 'Sắp chiếu');
INSERT INTO MovieShow (movieid, roomid, showtimeid, status) VALUES (174, 17, 36, 'Sắp chiếu');
INSERT INTO MovieShow (movieid, roomid, showtimeid, status) VALUES (279, 16, 21, 'Sắp chiếu');
INSERT INTO MovieShow (movieid, roomid, showtimeid, status) VALUES (1, 12, 44, 'Sắp chiếu');
INSERT INTO MovieShow (movieid, roomid, showtimeid, status) VALUES (200, 1, 1, 'Sắp chiếu');
INSERT INTO MovieShow (movieid, roomid, showtimeid, status) VALUES (178, 4, 34, 'Sắp chiếu');
INSERT INTO MovieShow (movieid, roomid, showtimeid, status) VALUES (185, 5, 45, 'Sắp chiếu');
INSERT INTO MovieShow (movieid, roomid, showtimeid, status) VALUES (482, 15, 29, 'Sắp chiếu');
INSERT INTO MovieShow (movieid, roomid, showtimeid, status) VALUES (171, 15, 29, 'Sắp chiếu');
INSERT INTO MovieShow (movieid, roomid, showtimeid, status) VALUES (209, 11, 1, 'Sắp chiếu');
INSERT INTO MovieShow (movieid, roomid, showtimeid, status) VALUES (387, 18, 46, 'Sắp chiếu');
INSERT INTO MovieShow (movieid, roomid, showtimeid, status) VALUES (469, 12, 9, 'Sắp chiếu');
INSERT INTO MovieShow (movieid, roomid, showtimeid, status) VALUES (24, 8, 43, 'Sắp chiếu');
INSERT INTO MovieShow (movieid, roomid, showtimeid, status) VALUES (380, 13, 30, 'Sắp chiếu');
INSERT INTO MovieShow (movieid, roomid, showtimeid, status) VALUES (142, 12, 33, 'Sắp chiếu');
INSERT INTO MovieShow (movieid, roomid, showtimeid, status) VALUES (257, 2, 24, 'Sắp chiếu');
INSERT INTO MovieShow (movieid, roomid, showtimeid, status) VALUES (135, 14, 23, 'Sắp chiếu');
INSERT INTO MovieShow (movieid, roomid, showtimeid, status) VALUES (211, 15, 40, 'Sắp chiếu');
INSERT INTO MovieShow (movieid, roomid, showtimeid, status) VALUES (99, 19, 50, 'Sắp chiếu');
INSERT INTO MovieShow (movieid, roomid, showtimeid, status) VALUES (276, 9, 19, 'Sắp chiếu');
INSERT INTO MovieShow (movieid, roomid, showtimeid, status) VALUES (434, 20, 33, 'Sắp chiếu');
INSERT INTO MovieShow (movieid, roomid, showtimeid, status) VALUES (357, 15, 2, 'Sắp chiếu');
INSERT INTO MovieShow (movieid, roomid, showtimeid, status) VALUES (322, 9, 47, 'Sắp chiếu');
INSERT INTO MovieShow (movieid, roomid, showtimeid, status) VALUES (77, 1, 28, 'Sắp chiếu');
INSERT INTO MovieShow (movieid, roomid, showtimeid, status) VALUES (409, 18, 48, 'Sắp chiếu');
INSERT INTO MovieShow (movieid, roomid, showtimeid, status) VALUES (384, 1, 30, 'Sắp chiếu');
INSERT INTO MovieShow (movieid, roomid, showtimeid, status) VALUES (284, 3, 21, 'Sắp chiếu');
INSERT INTO MovieShow (movieid, roomid, showtimeid, status) VALUES (89, 9, 12, 'Sắp chiếu');
INSERT INTO MovieShow (movieid, roomid, showtimeid, status) VALUES (331, 10, 39, 'Sắp chiếu');
INSERT INTO MovieShow (movieid, roomid, showtimeid, status) VALUES (475, 7, 3, 'Sắp chiếu');
INSERT INTO MovieShow (movieid, roomid, showtimeid, status) VALUES (146, 7, 13, 'Sắp chiếu');
INSERT INTO MovieShow (movieid, roomid, showtimeid, status) VALUES (51, 8, 21, 'Sắp chiếu');
INSERT INTO MovieShow (movieid, roomid, showtimeid, status) VALUES (130, 8, 19, 'Sắp chiếu');
INSERT INTO MovieShow (movieid, roomid, showtimeid, status) VALUES (39, 18, 4, 'Sắp chiếu');
INSERT INTO MovieShow (movieid, roomid, showtimeid, status) VALUES (463, 14, 45, 'Sắp chiếu');
INSERT INTO MovieShow (movieid, roomid, showtimeid, status) VALUES (420, 20, 44, 'Sắp chiếu');
INSERT INTO MovieShow (movieid, roomid, showtimeid, status) VALUES (424, 5, 28, 'Sắp chiếu');
INSERT INTO MovieShow (movieid, roomid, showtimeid, status) VALUES (404, 2, 45, 'Sắp chiếu');
INSERT INTO MovieShow (movieid, roomid, showtimeid, status) VALUES (146, 5, 45, 'Sắp chiếu');
INSERT INTO MovieShow (movieid, roomid, showtimeid, status) VALUES (258, 14, 22, 'Sắp chiếu');
INSERT INTO MovieShow (movieid, roomid, showtimeid, status) VALUES (143, 12, 9, 'Sắp chiếu');
INSERT INTO MovieShow (movieid, roomid, showtimeid, status) VALUES (109, 4, 40, 'Sắp chiếu');
INSERT INTO MovieShow (movieid, roomid, showtimeid, status) VALUES (123, 9, 38, 'Sắp chiếu');
INSERT INTO MovieShow (movieid, roomid, showtimeid, status) VALUES (494, 12, 24, 'Sắp chiếu');
INSERT INTO MovieShow (movieid, roomid, showtimeid, status) VALUES (296, 12, 8, 'Sắp chiếu');
INSERT INTO MovieShow (movieid, roomid, showtimeid, status) VALUES (90, 6, 19, 'Sắp chiếu');
INSERT INTO MovieShow (movieid, roomid, showtimeid, status) VALUES (284, 19, 11, 'Sắp chiếu');
INSERT INTO MovieShow (movieid, roomid, showtimeid, status) VALUES (380, 15, 28, 'Sắp chiếu');
INSERT INTO MovieShow (movieid, roomid, showtimeid, status) VALUES (170, 14, 1, 'Sắp chiếu');
INSERT INTO MovieShow (movieid, roomid, showtimeid, status) VALUES (240, 11, 36, 'Sắp chiếu');
INSERT INTO MovieShow (movieid, roomid, showtimeid, status) VALUES (166, 9, 42, 'Sắp chiếu');
INSERT INTO MovieShow (movieid, roomid, showtimeid, status) VALUES (300, 15, 9, 'Sắp chiếu');
INSERT INTO MovieShow (movieid, roomid, showtimeid, status) VALUES (55, 14, 47, 'Sắp chiếu');
INSERT INTO MovieShow (movieid, roomid, showtimeid, status) VALUES (445, 14, 1, 'Sắp chiếu');
INSERT INTO MovieShow (movieid, roomid, showtimeid, status) VALUES (187, 9, 5, 'Sắp chiếu');
INSERT INTO MovieShow (movieid, roomid, showtimeid, status) VALUES (130, 13, 50, 'Sắp chiếu');
INSERT INTO MovieShow (movieid, roomid, showtimeid, status) VALUES (331, 12, 48, 'Sắp chiếu');
INSERT INTO MovieShow (movieid, roomid, showtimeid, status) VALUES (17, 13, 48, 'Sắp chiếu');
INSERT INTO MovieShow (movieid, roomid, showtimeid, status) VALUES (140, 10, 12, 'Sắp chiếu');
INSERT INTO MovieShow (movieid, roomid, showtimeid, status) VALUES (326, 1, 20, 'Sắp chiếu');
INSERT INTO MovieShow (movieid, roomid, showtimeid, status) VALUES (413, 6, 36, 'Sắp chiếu');
INSERT INTO MovieShow (movieid, roomid, showtimeid, status) VALUES (130, 5, 41, 'Sắp chiếu');
INSERT INTO MovieShow (movieid, roomid, showtimeid, status) VALUES (406, 11, 17, 'Sắp chiếu');
INSERT INTO MovieShow (movieid, roomid, showtimeid, status) VALUES (437, 2, 30, 'Sắp chiếu');
INSERT INTO MovieShow (movieid, roomid, showtimeid, status) VALUES (320, 11, 43, 'Sắp chiếu');
INSERT INTO MovieShow (movieid, roomid, showtimeid, status) VALUES (116, 3, 32, 'Sắp chiếu');
INSERT INTO MovieShow (movieid, roomid, showtimeid, status) VALUES (400, 14, 9, 'Sắp chiếu');
INSERT INTO MovieShow (movieid, roomid, showtimeid, status) VALUES (353, 17, 42, 'Sắp chiếu');
INSERT INTO MovieShow (movieid, roomid, showtimeid, status) VALUES (391, 9, 13, 'Sắp chiếu');
INSERT INTO MovieShow (movieid, roomid, showtimeid, status) VALUES (347, 11, 11, 'Sắp chiếu');
INSERT INTO MovieShow (movieid, roomid, showtimeid, status) VALUES (203, 11, 21, 'Sắp chiếu');
INSERT INTO MovieShow (movieid, roomid, showtimeid, status) VALUES (120, 15, 9, 'Sắp chiếu');
INSERT INTO MovieShow (movieid, roomid, showtimeid, status) VALUES (276, 10, 19, 'Sắp chiếu');
INSERT INTO MovieShow (movieid, roomid, showtimeid, status) VALUES (4, 14, 50, 'Sắp chiếu');
INSERT INTO MovieShow (movieid, roomid, showtimeid, status) VALUES (391, 2, 30, 'Sắp chiếu');
INSERT INTO MovieShow (movieid, roomid, showtimeid, status) VALUES (272, 14, 21, 'Sắp chiếu');
INSERT INTO MovieShow (movieid, roomid, showtimeid, status) VALUES (361, 16, 32, 'Sắp chiếu');
INSERT INTO MovieShow (movieid, roomid, showtimeid, status) VALUES (314, 12, 29, 'Sắp chiếu');
INSERT INTO MovieShow (movieid, roomid, showtimeid, status) VALUES (296, 4, 18, 'Sắp chiếu');
INSERT INTO MovieShow (movieid, roomid, showtimeid, status) VALUES (370, 12, 19, 'Sắp chiếu');
INSERT INTO MovieShow (movieid, roomid, showtimeid, status) VALUES (476, 7, 39, 'Sắp chiếu');
INSERT INTO MovieShow (movieid, roomid, showtimeid, status) VALUES (165, 16, 25, 'Sắp chiếu');
INSERT INTO MovieShow (movieid, roomid, showtimeid, status) VALUES (473, 11, 15, 'Sắp chiếu');
INSERT INTO MovieShow (movieid, roomid, showtimeid, status) VALUES (414, 11, 30, 'Sắp chiếu');
INSERT INTO MovieShow (movieid, roomid, showtimeid, status) VALUES (363, 7, 25, 'Sắp chiếu');
INSERT INTO MovieShow (movieid, roomid, showtimeid, status) VALUES (329, 8, 14, 'Sắp chiếu');
INSERT INTO MovieShow (movieid, roomid, showtimeid, status) VALUES (88, 5, 19, 'Sắp chiếu');
INSERT INTO MovieShow (movieid, roomid, showtimeid, status) VALUES (201, 3, 13, 'Sắp chiếu');
INSERT INTO MovieShow (movieid, roomid, showtimeid, status) VALUES (8, 2, 48, 'Sắp chiếu');
INSERT INTO MovieShow (movieid, roomid, showtimeid, status) VALUES (241, 1, 48, 'Sắp chiếu');
INSERT INTO MovieShow (movieid, roomid, showtimeid, status) VALUES (318, 14, 17, 'Sắp chiếu');
INSERT INTO MovieShow (movieid, roomid, showtimeid, status) VALUES (76, 3, 35, 'Sắp chiếu');
INSERT INTO MovieShow (movieid, roomid, showtimeid, status) VALUES (88, 14, 22, 'Sắp chiếu');
INSERT INTO MovieShow (movieid, roomid, showtimeid, status) VALUES (411, 15, 9, 'Sắp chiếu');
INSERT INTO MovieShow (movieid, roomid, showtimeid, status) VALUES (168, 20, 34, 'Sắp chiếu');
INSERT INTO MovieShow (movieid, roomid, showtimeid, status) VALUES (190, 2, 24, 'Sắp chiếu');
INSERT INTO MovieShow (movieid, roomid, showtimeid, status) VALUES (204, 6, 32, 'Sắp chiếu');
INSERT INTO MovieShow (movieid, roomid, showtimeid, status) VALUES (216, 5, 7, 'Sắp chiếu');
INSERT INTO MovieShow (movieid, roomid, showtimeid, status) VALUES (128, 10, 19, 'Sắp chiếu');
INSERT INTO MovieShow (movieid, roomid, showtimeid, status) VALUES (420, 17, 15, 'Sắp chiếu');
INSERT INTO MovieShow (movieid, roomid, showtimeid, status) VALUES (221, 12, 4, 'Sắp chiếu');
INSERT INTO MovieShow (movieid, roomid, showtimeid, status) VALUES (69, 6, 5, 'Sắp chiếu');
INSERT INTO MovieShow (movieid, roomid, showtimeid, status) VALUES (135, 10, 27, 'Sắp chiếu');
INSERT INTO MovieShow (movieid, roomid, showtimeid, status) VALUES (267, 12, 23, 'Sắp chiếu');
INSERT INTO MovieShow (movieid, roomid, showtimeid, status) VALUES (434, 8, 44, 'Sắp chiếu');
INSERT INTO MovieShow (movieid, roomid, showtimeid, status) VALUES (147, 5, 8, 'Sắp chiếu');
INSERT INTO MovieShow (movieid, roomid, showtimeid, status) VALUES (41, 15, 33, 'Sắp chiếu');
INSERT INTO MovieShow (movieid, roomid, showtimeid, status) VALUES (459, 3, 8, 'Sắp chiếu');
INSERT INTO MovieShow (movieid, roomid, showtimeid, status) VALUES (455, 15, 29, 'Sắp chiếu');
INSERT INTO MovieShow (movieid, roomid, showtimeid, status) VALUES (430, 15, 9, 'Sắp chiếu');
INSERT INTO MovieShow (movieid, roomid, showtimeid, status) VALUES (100, 13, 40, 'Sắp chiếu');
INSERT INTO MovieShow (movieid, roomid, showtimeid, status) VALUES (363, 3, 31, 'Sắp chiếu');
INSERT INTO MovieShow (movieid, roomid, showtimeid, status) VALUES (84, 19, 33, 'Sắp chiếu');
INSERT INTO MovieShow (movieid, roomid, showtimeid, status) VALUES (201, 12, 44, 'Sắp chiếu');
INSERT INTO MovieShow (movieid, roomid, showtimeid, status) VALUES (272, 9, 10, 'Sắp chiếu');
INSERT INTO MovieShow (movieid, roomid, showtimeid, status) VALUES (292, 8, 15, 'Sắp chiếu');
INSERT INTO MovieShow (movieid, roomid, showtimeid, status) VALUES (448, 3, 17, 'Sắp chiếu');
INSERT INTO MovieShow (movieid, roomid, showtimeid, status) VALUES (93, 1, 3, 'Sắp chiếu');
INSERT INTO MovieShow (movieid, roomid, showtimeid, status) VALUES (134, 15, 35, 'Sắp chiếu');
INSERT INTO MovieShow (movieid, roomid, showtimeid, status) VALUES (37, 16, 22, 'Sắp chiếu');
INSERT INTO MovieShow (movieid, roomid, showtimeid, status) VALUES (178, 5, 30, 'Sắp chiếu');
INSERT INTO MovieShow (movieid, roomid, showtimeid, status) VALUES (410, 14, 5, 'Sắp chiếu');
INSERT INTO MovieShow (movieid, roomid, showtimeid, status) VALUES (54, 18, 41, 'Sắp chiếu');
INSERT INTO MovieShow (movieid, roomid, showtimeid, status) VALUES (377, 18, 20, 'Sắp chiếu');
INSERT INTO MovieShow (movieid, roomid, showtimeid, status) VALUES (471, 3, 12, 'Sắp chiếu');
INSERT INTO MovieShow (movieid, roomid, showtimeid, status) VALUES (49, 2, 43, 'Sắp chiếu');
INSERT INTO MovieShow (movieid, roomid, showtimeid, status) VALUES (442, 12, 39, 'Sắp chiếu');
INSERT INTO MovieShow (movieid, roomid, showtimeid, status) VALUES (132, 9, 29, 'Sắp chiếu');
INSERT INTO MovieShow (movieid, roomid, showtimeid, status) VALUES (146, 14, 29, 'Sắp chiếu');
INSERT INTO MovieShow (movieid, roomid, showtimeid, status) VALUES (402, 5, 46, 'Sắp chiếu');
INSERT INTO MovieShow (movieid, roomid, showtimeid, status) VALUES (396, 4, 45, 'Sắp chiếu');
INSERT INTO MovieShow (movieid, roomid, showtimeid, status) VALUES (331, 14, 18, 'Sắp chiếu');
INSERT INTO MovieShow (movieid, roomid, showtimeid, status) VALUES (357, 16, 18, 'Sắp chiếu');
INSERT INTO MovieShow (movieid, roomid, showtimeid, status) VALUES (54, 8, 46, 'Sắp chiếu');
INSERT INTO MovieShow (movieid, roomid, showtimeid, status) VALUES (144, 16, 18, 'Sắp chiếu');
INSERT INTO MovieShow (movieid, roomid, showtimeid, status) VALUES (363, 15, 42, 'Sắp chiếu');
INSERT INTO MovieShow (movieid, roomid, showtimeid, status) VALUES (264, 10, 12, 'Sắp chiếu');
INSERT INTO MovieShow (movieid, roomid, showtimeid, status) VALUES (106, 13, 29, 'Sắp chiếu');
INSERT INTO MovieShow (movieid, roomid, showtimeid, status) VALUES (253, 1, 21, 'Sắp chiếu');
INSERT INTO MovieShow (movieid, roomid, showtimeid, status) VALUES (64, 4, 3, 'Sắp chiếu');
INSERT INTO MovieShow (movieid, roomid, showtimeid, status) VALUES (330, 2, 27, 'Sắp chiếu');
INSERT INTO MovieShow (movieid, roomid, showtimeid, status) VALUES (361, 9, 3, 'Sắp chiếu');
INSERT INTO MovieShow (movieid, roomid, showtimeid, status) VALUES (260, 10, 49, 'Sắp chiếu');
INSERT INTO MovieShow (movieid, roomid, showtimeid, status) VALUES (100, 4, 32, 'Sắp chiếu');
INSERT INTO MovieShow (movieid, roomid, showtimeid, status) VALUES (420, 14, 40, 'Sắp chiếu');
INSERT INTO MovieShow (movieid, roomid, showtimeid, status) VALUES (276, 14, 49, 'Sắp chiếu');
INSERT INTO MovieShow (movieid, roomid, showtimeid, status) VALUES (497, 2, 3, 'Sắp chiếu');
INSERT INTO MovieShow (movieid, roomid, showtimeid, status) VALUES (324, 5, 36, 'Sắp chiếu');
INSERT INTO MovieShow (movieid, roomid, showtimeid, status) VALUES (125, 5, 22, 'Sắp chiếu');
INSERT INTO MovieShow (movieid, roomid, showtimeid, status) VALUES (199, 16, 14, 'Sắp chiếu');
INSERT INTO MovieShow (movieid, roomid, showtimeid, status) VALUES (136, 6, 7, 'Sắp chiếu');
INSERT INTO MovieShow (movieid, roomid, showtimeid, status) VALUES (409, 6, 19, 'Sắp chiếu');
INSERT INTO MovieShow (movieid, roomid, showtimeid, status) VALUES (121, 8, 23, 'Sắp chiếu');
INSERT INTO MovieShow (movieid, roomid, showtimeid, status) VALUES (55, 12, 23, 'Sắp chiếu');
INSERT INTO MovieShow (movieid, roomid, showtimeid, status) VALUES (420, 15, 46, 'Sắp chiếu');
INSERT INTO MovieShow (movieid, roomid, showtimeid, status) VALUES (92, 3, 28, 'Sắp chiếu');
INSERT INTO MovieShow (movieid, roomid, showtimeid, status) VALUES (60, 7, 40, 'Sắp chiếu');
INSERT INTO MovieShow (movieid, roomid, showtimeid, status) VALUES (218, 3, 31, 'Sắp chiếu');
INSERT INTO MovieShow (movieid, roomid, showtimeid, status) VALUES (53, 6, 39, 'Sắp chiếu');
INSERT INTO MovieShow (movieid, roomid, showtimeid, status) VALUES (163, 7, 36, 'Sắp chiếu');
INSERT INTO MovieShow (movieid, roomid, showtimeid, status) VALUES (383, 16, 39, 'Sắp chiếu');
INSERT INTO MovieShow (movieid, roomid, showtimeid, status) VALUES (204, 9, 50, 'Sắp chiếu');
INSERT INTO MovieShow (movieid, roomid, showtimeid, status) VALUES (100, 19, 4, 'Sắp chiếu');
INSERT INTO MovieShow (movieid, roomid, showtimeid, status) VALUES (238, 1, 4, 'Sắp chiếu');
INSERT INTO MovieShow (movieid, roomid, showtimeid, status) VALUES (259, 6, 13, 'Sắp chiếu');
INSERT INTO MovieShow (movieid, roomid, showtimeid, status) VALUES (216, 18, 19, 'Sắp chiếu');
INSERT INTO MovieShow (movieid, roomid, showtimeid, status) VALUES (156, 15, 40, 'Sắp chiếu');
INSERT INTO MovieShow (movieid, roomid, showtimeid, status) VALUES (21, 12, 1, 'Sắp chiếu');
INSERT INTO MovieShow (movieid, roomid, showtimeid, status) VALUES (235, 13, 1, 'Sắp chiếu');
INSERT INTO MovieShow (movieid, roomid, showtimeid, status) VALUES (36, 2, 7, 'Sắp chiếu');
INSERT INTO MovieShow (movieid, roomid, showtimeid, status) VALUES (415, 16, 48, 'Sắp chiếu');
INSERT INTO MovieShow (movieid, roomid, showtimeid, status) VALUES (315, 20, 17, 'Sắp chiếu');
INSERT INTO MovieShow (movieid, roomid, showtimeid, status) VALUES (264, 3, 16, 'Sắp chiếu');
INSERT INTO MovieShow (movieid, roomid, showtimeid, status) VALUES (245, 9, 9, 'Sắp chiếu');
INSERT INTO MovieShow (movieid, roomid, showtimeid, status) VALUES (412, 20, 37, 'Sắp chiếu');
INSERT INTO MovieShow (movieid, roomid, showtimeid, status) VALUES (346, 14, 22, 'Sắp chiếu');
INSERT INTO MovieShow (movieid, roomid, showtimeid, status) VALUES (305, 6, 26, 'Sắp chiếu');
INSERT INTO MovieShow (movieid, roomid, showtimeid, status) VALUES (259, 1, 5, 'Sắp chiếu');
INSERT INTO MovieShow (movieid, roomid, showtimeid, status) VALUES (289, 8, 10, 'Sắp chiếu');
INSERT INTO MovieShow (movieid, roomid, showtimeid, status) VALUES (363, 13, 36, 'Sắp chiếu');
INSERT INTO MovieShow (movieid, roomid, showtimeid, status) VALUES (432, 12, 25, 'Sắp chiếu');
INSERT INTO MovieShow (movieid, roomid, showtimeid, status) VALUES (336, 5, 39, 'Sắp chiếu');
INSERT INTO MovieShow (movieid, roomid, showtimeid, status) VALUES (330, 10, 31, 'Sắp chiếu');
INSERT INTO MovieShow (movieid, roomid, showtimeid, status) VALUES (187, 9, 5, 'Sắp chiếu');
INSERT INTO MovieShow (movieid, roomid, showtimeid, status) VALUES (322, 7, 35, 'Sắp chiếu');
INSERT INTO MovieShow (movieid, roomid, showtimeid, status) VALUES (340, 5, 44, 'Sắp chiếu');
INSERT INTO MovieShow (movieid, roomid, showtimeid, status) VALUES (479, 2, 39, 'Sắp chiếu');
INSERT INTO MovieShow (movieid, roomid, showtimeid, status) VALUES (427, 7, 27, 'Sắp chiếu');
INSERT INTO MovieShow (movieid, roomid, showtimeid, status) VALUES (378, 1, 48, 'Sắp chiếu');
INSERT INTO MovieShow (movieid, roomid, showtimeid, status) VALUES (466, 19, 10, 'Sắp chiếu');
INSERT INTO MovieShow (movieid, roomid, showtimeid, status) VALUES (211, 6, 50, 'Sắp chiếu');
INSERT INTO MovieShow (movieid, roomid, showtimeid, status) VALUES (469, 12, 38, 'Sắp chiếu');
INSERT INTO MovieShow (movieid, roomid, showtimeid, status) VALUES (189, 1, 50, 'Sắp chiếu');
INSERT INTO MovieShow (movieid, roomid, showtimeid, status) VALUES (411, 9, 48, 'Sắp chiếu');
INSERT INTO MovieShow (movieid, roomid, showtimeid, status) VALUES (113, 7, 48, 'Sắp chiếu');
INSERT INTO MovieShow (movieid, roomid, showtimeid, status) VALUES (7, 4, 17, 'Sắp chiếu');
INSERT INTO MovieShow (movieid, roomid, showtimeid, status) VALUES (356, 6, 22, 'Sắp chiếu');
INSERT INTO MovieShow (movieid, roomid, showtimeid, status) VALUES (302, 18, 9, 'Sắp chiếu');
INSERT INTO MovieShow (movieid, roomid, showtimeid, status) VALUES (206, 12, 50, 'Sắp chiếu');
INSERT INTO MovieShow (movieid, roomid, showtimeid, status) VALUES (180, 12, 50, 'Sắp chiếu');
INSERT INTO MovieShow (movieid, roomid, showtimeid, status) VALUES (498, 1, 22, 'Sắp chiếu');
INSERT INTO MovieShow (movieid, roomid, showtimeid, status) VALUES (95, 11, 39, 'Sắp chiếu');
INSERT INTO MovieShow (movieid, roomid, showtimeid, status) VALUES (160, 2, 7, 'Sắp chiếu');
INSERT INTO MovieShow (movieid, roomid, showtimeid, status) VALUES (150, 15, 41, 'Sắp chiếu');
INSERT INTO MovieShow (movieid, roomid, showtimeid, status) VALUES (30, 6, 22, 'Sắp chiếu');
INSERT INTO MovieShow (movieid, roomid, showtimeid, status) VALUES (458, 5, 43, 'Sắp chiếu');
INSERT INTO MovieShow (movieid, roomid, showtimeid, status) VALUES (411, 16, 45, 'Sắp chiếu');
INSERT INTO MovieShow (movieid, roomid, showtimeid, status) VALUES (215, 10, 44, 'Sắp chiếu');
INSERT INTO MovieShow (movieid, roomid, showtimeid, status) VALUES (479, 8, 14, 'Sắp chiếu');
INSERT INTO MovieShow (movieid, roomid, showtimeid, status) VALUES (437, 1, 34, 'Sắp chiếu');
INSERT INTO MovieShow (movieid, roomid, showtimeid, status) VALUES (262, 18, 33, 'Sắp chiếu');
INSERT INTO MovieShow (movieid, roomid, showtimeid, status) VALUES (173, 2, 33, 'Sắp chiếu');
INSERT INTO MovieShow (movieid, roomid, showtimeid, status) VALUES (335, 7, 24, 'Sắp chiếu');
INSERT INTO MovieShow (movieid, roomid, showtimeid, status) VALUES (287, 16, 39, 'Sắp chiếu');
INSERT INTO MovieShow (movieid, roomid, showtimeid, status) VALUES (269, 7, 18, 'Sắp chiếu');
INSERT INTO MovieShow (movieid, roomid, showtimeid, status) VALUES (385, 15, 21, 'Sắp chiếu');
INSERT INTO MovieShow (movieid, roomid, showtimeid, status) VALUES (367, 6, 41, 'Sắp chiếu');
INSERT INTO MovieShow (movieid, roomid, showtimeid, status) VALUES (373, 14, 35, 'Sắp chiếu');
INSERT INTO MovieShow (movieid, roomid, showtimeid, status) VALUES (499, 16, 19, 'Sắp chiếu');
INSERT INTO MovieShow (movieid, roomid, showtimeid, status) VALUES (116, 20, 4, 'Sắp chiếu');
INSERT INTO MovieShow (movieid, roomid, showtimeid, status) VALUES (209, 10, 29, 'Sắp chiếu');
INSERT INTO MovieShow (movieid, roomid, showtimeid, status) VALUES (434, 15, 34, 'Sắp chiếu');
INSERT INTO MovieShow (movieid, roomid, showtimeid, status) VALUES (273, 8, 34, 'Sắp chiếu');
INSERT INTO MovieShow (movieid, roomid, showtimeid, status) VALUES (458, 15, 36, 'Sắp chiếu');
INSERT INTO MovieShow (movieid, roomid, showtimeid, status) VALUES (197, 8, 9, 'Sắp chiếu');
INSERT INTO MovieShow (movieid, roomid, showtimeid, status) VALUES (452, 7, 25, 'Sắp chiếu');
INSERT INTO MovieShow (movieid, roomid, showtimeid, status) VALUES (490, 8, 41, 'Sắp chiếu');
INSERT INTO MovieShow (movieid, roomid, showtimeid, status) VALUES (360, 11, 28, 'Sắp chiếu');
INSERT INTO MovieShow (movieid, roomid, showtimeid, status) VALUES (444, 18, 33, 'Sắp chiếu');
INSERT INTO MovieShow (movieid, roomid, showtimeid, status) VALUES (85, 14, 40, 'Sắp chiếu');
INSERT INTO MovieShow (movieid, roomid, showtimeid, status) VALUES (499, 3, 48, 'Sắp chiếu');
INSERT INTO MovieShow (movieid, roomid, showtimeid, status) VALUES (101, 3, 4, 'Sắp chiếu');
INSERT INTO MovieShow (movieid, roomid, showtimeid, status) VALUES (456, 12, 33, 'Sắp chiếu');
INSERT INTO MovieShow (movieid, roomid, showtimeid, status) VALUES (361, 14, 35, 'Sắp chiếu');
INSERT INTO MovieShow (movieid, roomid, showtimeid, status) VALUES (460, 7, 49, 'Sắp chiếu');
INSERT INTO MovieShow (movieid, roomid, showtimeid, status) VALUES (393, 7, 39, 'Sắp chiếu');
INSERT INTO MovieShow (movieid, roomid, showtimeid, status) VALUES (214, 11, 50, 'Sắp chiếu');
INSERT INTO MovieShow (movieid, roomid, showtimeid, status) VALUES (452, 7, 24, 'Sắp chiếu');
INSERT INTO MovieShow (movieid, roomid, showtimeid, status) VALUES (470, 16, 13, 'Sắp chiếu');
INSERT INTO MovieShow (movieid, roomid, showtimeid, status) VALUES (52, 17, 35, 'Sắp chiếu');
INSERT INTO MovieShow (movieid, roomid, showtimeid, status) VALUES (1, 6, 6, 'Sắp chiếu');
INSERT INTO MovieShow (movieid, roomid, showtimeid, status) VALUES (340, 7, 29, 'Sắp chiếu');
INSERT INTO MovieShow (movieid, roomid, showtimeid, status) VALUES (440, 3, 44, 'Sắp chiếu');
INSERT INTO MovieShow (movieid, roomid, showtimeid, status) VALUES (19, 3, 31, 'Sắp chiếu');
INSERT INTO MovieShow (movieid, roomid, showtimeid, status) VALUES (368, 15, 48, 'Sắp chiếu');
INSERT INTO MovieShow (movieid, roomid, showtimeid, status) VALUES (126, 20, 25, 'Sắp chiếu');
INSERT INTO MovieShow (movieid, roomid, showtimeid, status) VALUES (232, 3, 24, 'Sắp chiếu');
INSERT INTO MovieShow (movieid, roomid, showtimeid, status) VALUES (362, 1, 28, 'Sắp chiếu');
INSERT INTO MovieShow (movieid, roomid, showtimeid, status) VALUES (453, 19, 44, 'Sắp chiếu');
INSERT INTO MovieShow (movieid, roomid, showtimeid, status) VALUES (278, 14, 25, 'Sắp chiếu');
INSERT INTO MovieShow (movieid, roomid, showtimeid, status) VALUES (129, 18, 16, 'Sắp chiếu');
INSERT INTO MovieShow (movieid, roomid, showtimeid, status) VALUES (351, 4, 42, 'Sắp chiếu');
INSERT INTO MovieShow (movieid, roomid, showtimeid, status) VALUES (210, 18, 8, 'Sắp chiếu');
INSERT INTO MovieShow (movieid, roomid, showtimeid, status) VALUES (215, 11, 34, 'Sắp chiếu');
INSERT INTO MovieShow (movieid, roomid, showtimeid, status) VALUES (362, 19, 44, 'Sắp chiếu');
INSERT INTO MovieShow (movieid, roomid, showtimeid, status) VALUES (103, 14, 5, 'Sắp chiếu');
INSERT INTO MovieShow (movieid, roomid, showtimeid, status) VALUES (500, 3, 11, 'Sắp chiếu');
INSERT INTO MovieShow (movieid, roomid, showtimeid, status) VALUES (115, 14, 33, 'Sắp chiếu');
INSERT INTO MovieShow (movieid, roomid, showtimeid, status) VALUES (97, 10, 20, 'Sắp chiếu');
INSERT INTO MovieShow (movieid, roomid, showtimeid, status) VALUES (147, 1, 15, 'Sắp chiếu');
INSERT INTO MovieShow (movieid, roomid, showtimeid, status) VALUES (469, 16, 43, 'Sắp chiếu');
INSERT INTO MovieShow (movieid, roomid, showtimeid, status) VALUES (449, 13, 13, 'Sắp chiếu');
INSERT INTO MovieShow (movieid, roomid, showtimeid, status) VALUES (186, 20, 38, 'Sắp chiếu');
INSERT INTO MovieShow (movieid, roomid, showtimeid, status) VALUES (291, 17, 42, 'Sắp chiếu');
INSERT INTO MovieShow (movieid, roomid, showtimeid, status) VALUES (405, 6, 40, 'Sắp chiếu');
INSERT INTO MovieShow (movieid, roomid, showtimeid, status) VALUES (27, 19, 5, 'Sắp chiếu');
INSERT INTO MovieShow (movieid, roomid, showtimeid, status) VALUES (259, 5, 9, 'Sắp chiếu');
INSERT INTO MovieShow (movieid, roomid, showtimeid, status) VALUES (102, 19, 34, 'Sắp chiếu');
INSERT INTO MovieShow (movieid, roomid, showtimeid, status) VALUES (277, 13, 6, 'Sắp chiếu');
INSERT INTO MovieShow (movieid, roomid, showtimeid, status) VALUES (168, 11, 24, 'Sắp chiếu');
INSERT INTO MovieShow (movieid, roomid, showtimeid, status) VALUES (59, 9, 12, 'Sắp chiếu');
INSERT INTO MovieShow (movieid, roomid, showtimeid, status) VALUES (150, 17, 21, 'Sắp chiếu');
INSERT INTO MovieShow (movieid, roomid, showtimeid, status) VALUES (244, 13, 30, 'Sắp chiếu');
INSERT INTO MovieShow (movieid, roomid, showtimeid, status) VALUES (326, 14, 2, 'Sắp chiếu');
INSERT INTO MovieShow (movieid, roomid, showtimeid, status) VALUES (194, 11, 29, 'Sắp chiếu');
INSERT INTO MovieShow (movieid, roomid, showtimeid, status) VALUES (359, 12, 16, 'Sắp chiếu');
INSERT INTO MovieShow (movieid, roomid, showtimeid, status) VALUES (475, 13, 33, 'Sắp chiếu');
INSERT INTO MovieShow (movieid, roomid, showtimeid, status) VALUES (261, 14, 12, 'Sắp chiếu');
INSERT INTO MovieShow (movieid, roomid, showtimeid, status) VALUES (421, 19, 48, 'Sắp chiếu');
INSERT INTO MovieShow (movieid, roomid, showtimeid, status) VALUES (232, 9, 47, 'Sắp chiếu');
INSERT INTO MovieShow (movieid, roomid, showtimeid, status) VALUES (83, 20, 44, 'Sắp chiếu');
INSERT INTO MovieShow (movieid, roomid, showtimeid, status) VALUES (4, 17, 29, 'Sắp chiếu');
INSERT INTO MovieShow (movieid, roomid, showtimeid, status) VALUES (401, 18, 45, 'Sắp chiếu');
INSERT INTO MovieShow (movieid, roomid, showtimeid, status) VALUES (67, 18, 37, 'Sắp chiếu');
INSERT INTO MovieShow (movieid, roomid, showtimeid, status) VALUES (62, 3, 15, 'Sắp chiếu');
INSERT INTO MovieShow (movieid, roomid, showtimeid, status) VALUES (29, 17, 23, 'Sắp chiếu');
INSERT INTO MovieShow (movieid, roomid, showtimeid, status) VALUES (3, 20, 12, 'Sắp chiếu');
INSERT INTO MovieShow (movieid, roomid, showtimeid, status) VALUES (284, 13, 8, 'Sắp chiếu');
INSERT INTO MovieShow (movieid, roomid, showtimeid, status) VALUES (372, 6, 38, 'Sắp chiếu');
INSERT INTO MovieShow (movieid, roomid, showtimeid, status) VALUES (212, 14, 46, 'Sắp chiếu');
INSERT INTO MovieShow (movieid, roomid, showtimeid, status) VALUES (161, 16, 2, 'Sắp chiếu');
INSERT INTO MovieShow (movieid, roomid, showtimeid, status) VALUES (269, 14, 8, 'Sắp chiếu');
INSERT INTO MovieShow (movieid, roomid, showtimeid, status) VALUES (70, 7, 23, 'Sắp chiếu');
INSERT INTO MovieShow (movieid, roomid, showtimeid, status) VALUES (248, 13, 3, 'Sắp chiếu');
INSERT INTO MovieShow (movieid, roomid, showtimeid, status) VALUES (306, 1, 41, 'Sắp chiếu');
INSERT INTO MovieShow (movieid, roomid, showtimeid, status) VALUES (379, 15, 47, 'Sắp chiếu');
INSERT INTO MovieShow (movieid, roomid, showtimeid, status) VALUES (126, 16, 11, 'Sắp chiếu');
INSERT INTO MovieShow (movieid, roomid, showtimeid, status) VALUES (282, 20, 30, 'Sắp chiếu');
INSERT INTO MovieShow (movieid, roomid, showtimeid, status) VALUES (277, 8, 12, 'Sắp chiếu');
INSERT INTO MovieShow (movieid, roomid, showtimeid, status) VALUES (39, 5, 8, 'Sắp chiếu');
INSERT INTO MovieShow (movieid, roomid, showtimeid, status) VALUES (146, 19, 45, 'Sắp chiếu');
INSERT INTO MovieShow (movieid, roomid, showtimeid, status) VALUES (98, 14, 39, 'Sắp chiếu');
INSERT INTO MovieShow (movieid, roomid, showtimeid, status) VALUES (15, 15, 35, 'Sắp chiếu');
INSERT INTO MovieShow (movieid, roomid, showtimeid, status) VALUES (202, 12, 29, 'Sắp chiếu');
INSERT INTO MovieShow (movieid, roomid, showtimeid, status) VALUES (489, 17, 12, 'Sắp chiếu');
INSERT INTO MovieShow (movieid, roomid, showtimeid, status) VALUES (330, 10, 16, 'Sắp chiếu');
INSERT INTO MovieShow (movieid, roomid, showtimeid, status) VALUES (292, 13, 16, 'Sắp chiếu');
INSERT INTO MovieShow (movieid, roomid, showtimeid, status) VALUES (182, 20, 12, 'Sắp chiếu');
INSERT INTO MovieShow (movieid, roomid, showtimeid, status) VALUES (69, 8, 31, 'Sắp chiếu');
INSERT INTO MovieShow (movieid, roomid, showtimeid, status) VALUES (387, 8, 8, 'Sắp chiếu');
INSERT INTO MovieShow (movieid, roomid, showtimeid, status) VALUES (402, 4, 9, 'Sắp chiếu');
INSERT INTO MovieShow (movieid, roomid, showtimeid, status) VALUES (324, 15, 7, 'Sắp chiếu');
INSERT INTO MovieShow (movieid, roomid, showtimeid, status) VALUES (137, 16, 3, 'Sắp chiếu');
INSERT INTO MovieShow (movieid, roomid, showtimeid, status) VALUES (394, 6, 3, 'Sắp chiếu');
INSERT INTO MovieShow (movieid, roomid, showtimeid, status) VALUES (326, 8, 29, 'Sắp chiếu');
INSERT INTO MovieShow (movieid, roomid, showtimeid, status) VALUES (354, 12, 48, 'Sắp chiếu');
INSERT INTO MovieShow (movieid, roomid, showtimeid, status) VALUES (337, 8, 47, 'Sắp chiếu');
INSERT INTO MovieShow (movieid, roomid, showtimeid, status) VALUES (154, 17, 26, 'Sắp chiếu');
INSERT INTO MovieShow (movieid, roomid, showtimeid, status) VALUES (100, 12, 20, 'Sắp chiếu');
INSERT INTO MovieShow (movieid, roomid, showtimeid, status) VALUES (455, 18, 28, 'Sắp chiếu');
INSERT INTO MovieShow (movieid, roomid, showtimeid, status) VALUES (353, 11, 5, 'Sắp chiếu');
INSERT INTO MovieShow (movieid, roomid, showtimeid, status) VALUES (222, 9, 10, 'Sắp chiếu');
INSERT INTO MovieShow (movieid, roomid, showtimeid, status) VALUES (197, 1, 24, 'Sắp chiếu');
INSERT INTO MovieShow (movieid, roomid, showtimeid, status) VALUES (65, 8, 8, 'Sắp chiếu');
INSERT INTO MovieShow (movieid, roomid, showtimeid, status) VALUES (274, 5, 7, 'Sắp chiếu');
INSERT INTO MovieShow (movieid, roomid, showtimeid, status) VALUES (385, 17, 27, 'Sắp chiếu');
INSERT INTO MovieShow (movieid, roomid, showtimeid, status) VALUES (414, 14, 32, 'Sắp chiếu');
INSERT INTO MovieShow (movieid, roomid, showtimeid, status) VALUES (441, 20, 12, 'Sắp chiếu');
INSERT INTO MovieShow (movieid, roomid, showtimeid, status) VALUES (222, 11, 47, 'Sắp chiếu');
INSERT INTO MovieShow (movieid, roomid, showtimeid, status) VALUES (178, 12, 5, 'Sắp chiếu');
INSERT INTO MovieShow (movieid, roomid, showtimeid, status) VALUES (280, 5, 21, 'Sắp chiếu');
INSERT INTO MovieShow (movieid, roomid, showtimeid, status) VALUES (486, 18, 19, 'Sắp chiếu');
INSERT INTO MovieShow (movieid, roomid, showtimeid, status) VALUES (184, 17, 44, 'Sắp chiếu');
INSERT INTO MovieShow (movieid, roomid, showtimeid, status) VALUES (377, 5, 17, 'Sắp chiếu');
INSERT INTO MovieShow (movieid, roomid, showtimeid, status) VALUES (377, 1, 44, 'Sắp chiếu');
INSERT INTO MovieShow (movieid, roomid, showtimeid, status) VALUES (431, 5, 44, 'Sắp chiếu');
INSERT INTO MovieShow (movieid, roomid, showtimeid, status) VALUES (378, 7, 9, 'Sắp chiếu');
INSERT INTO MovieShow (movieid, roomid, showtimeid, status) VALUES (356, 16, 42, 'Sắp chiếu');
INSERT INTO MovieShow (movieid, roomid, showtimeid, status) VALUES (437, 14, 17, 'Sắp chiếu');
INSERT INTO MovieShow (movieid, roomid, showtimeid, status) VALUES (220, 10, 18, 'Sắp chiếu');
INSERT INTO MovieShow (movieid, roomid, showtimeid, status) VALUES (256, 5, 2, 'Sắp chiếu');
INSERT INTO MovieShow (movieid, roomid, showtimeid, status) VALUES (401, 13, 5, 'Sắp chiếu');

-- === 4. BẢNG PRODUCT (50 DÒNG) === --
INSERT INTO Product (productname, category, unitprice) VALUES ('Đã Size L', 'Bắp', 32000);
INSERT INTO Product (productname, category, unitprice) VALUES ('Điều Size M', 'Combo', 57000);
INSERT INTO Product (productname, category, unitprice) VALUES ('Khi Size M', 'Combo', 145000);
INSERT INTO Product (productname, category, unitprice) VALUES ('Sẽ Size L', 'Nước', 100000);
INSERT INTO Product (productname, category, unitprice) VALUES ('Từ Size L', 'Bắp', 127000);
INSERT INTO Product (productname, category, unitprice) VALUES ('Đó Size L', 'Nước', 96000);
INSERT INTO Product (productname, category, unitprice) VALUES ('Mà Size L', 'Bắp', 97000);
INSERT INTO Product (productname, category, unitprice) VALUES ('Hơn Size L', 'Combo', 107000);
INSERT INTO Product (productname, category, unitprice) VALUES ('Để Khổng lồ', 'Combo', 31000);
INSERT INTO Product (productname, category, unitprice) VALUES ('Cách Size L', 'Bắp', 135000);
INSERT INTO Product (productname, category, unitprice) VALUES ('Các Size M', 'Combo', 45000);
INSERT INTO Product (productname, category, unitprice) VALUES ('Đến Size L', 'Bắp', 97000);
INSERT INTO Product (productname, category, unitprice) VALUES ('Vì Size M', 'Combo', 21000);
INSERT INTO Product (productname, category, unitprice) VALUES ('Nhưng Size M', 'Combo', 105000);
INSERT INTO Product (productname, category, unitprice) VALUES ('Nào Khổng lồ', 'Combo', 41000);
INSERT INTO Product (productname, category, unitprice) VALUES ('Cách Size M', 'Nước', 24000);
INSERT INTO Product (productname, category, unitprice) VALUES ('Vì Size M', 'Combo', 40000);
INSERT INTO Product (productname, category, unitprice) VALUES ('Thì Size L', 'Bắp', 123000);
INSERT INTO Product (productname, category, unitprice) VALUES ('Hoặc Size M', 'Combo', 75000);
INSERT INTO Product (productname, category, unitprice) VALUES ('Về Size M', 'Combo', 46000);
INSERT INTO Product (productname, category, unitprice) VALUES ('Đúng Khổng lồ', 'Combo', 89000);
INSERT INTO Product (productname, category, unitprice) VALUES ('Không Khổng lồ', 'Bắp', 141000);
INSERT INTO Product (productname, category, unitprice) VALUES ('Như Size M', 'Nước', 95000);
INSERT INTO Product (productname, category, unitprice) VALUES ('Giữa Khổng lồ', 'Nước', 107000);
INSERT INTO Product (productname, category, unitprice) VALUES ('Lớn Size M', 'Nước', 108000);
INSERT INTO Product (productname, category, unitprice) VALUES ('Nào Size M', 'Bắp', 61000);
INSERT INTO Product (productname, category, unitprice) VALUES ('Làm Khổng lồ', 'Nước', 32000);
INSERT INTO Product (productname, category, unitprice) VALUES ('Nhiều Khổng lồ', 'Nước', 45000);
INSERT INTO Product (productname, category, unitprice) VALUES ('Mà Size M', 'Bắp', 106000);
INSERT INTO Product (productname, category, unitprice) VALUES ('Là Khổng lồ', 'Nước', 106000);
INSERT INTO Product (productname, category, unitprice) VALUES ('Cách Khổng lồ', 'Combo', 81000);
INSERT INTO Product (productname, category, unitprice) VALUES ('Tôi Khổng lồ', 'Combo', 140000);
INSERT INTO Product (productname, category, unitprice) VALUES ('Sau Khổng lồ', 'Bắp', 145000);
INSERT INTO Product (productname, category, unitprice) VALUES ('Nhưng Size M', 'Combo', 45000);
INSERT INTO Product (productname, category, unitprice) VALUES ('Điều Size M', 'Nước', 28000);
INSERT INTO Product (productname, category, unitprice) VALUES ('Điều Size L', 'Combo', 48000);
INSERT INTO Product (productname, category, unitprice) VALUES ('Chỉ Khổng lồ', 'Bắp', 79000);
INSERT INTO Product (productname, category, unitprice) VALUES ('Điều Size L', 'Combo', 65000);
INSERT INTO Product (productname, category, unitprice) VALUES ('Sau Size M', 'Nước', 91000);
INSERT INTO Product (productname, category, unitprice) VALUES ('Khiến Size L', 'Nước', 70000);
INSERT INTO Product (productname, category, unitprice) VALUES ('Sẽ Khổng lồ', 'Nước', 120000);
INSERT INTO Product (productname, category, unitprice) VALUES ('Mỗi Size M', 'Bắp', 101000);
INSERT INTO Product (productname, category, unitprice) VALUES ('Của Khổng lồ', 'Nước', 145000);
INSERT INTO Product (productname, category, unitprice) VALUES ('Đi Size M', 'Combo', 30000);
INSERT INTO Product (productname, category, unitprice) VALUES ('Điều Size M', 'Nước', 22000);
INSERT INTO Product (productname, category, unitprice) VALUES ('Hoặc Khổng lồ', 'Bắp', 55000);
INSERT INTO Product (productname, category, unitprice) VALUES ('Đúng Khổng lồ', 'Combo', 106000);
INSERT INTO Product (productname, category, unitprice) VALUES ('Này Size M', 'Bắp', 130000);
INSERT INTO Product (productname, category, unitprice) VALUES ('Hoặc Khổng lồ', 'Nước', 146000);
INSERT INTO Product (productname, category, unitprice) VALUES ('Sẽ Size M', 'Nước', 60000);

-- === BẢNG BILL, PAYMENT, BILL_DETAIL, TICKET (500 DÒNG) === --
INSERT INTO Bill (customerid, staffid, discountamount, totalamount) VALUES (379, 51, 20000, 395000);
INSERT INTO Payment (billid, paymenttype) VALUES (1, 'Thẻ');
INSERT INTO Bill_Detail (billid, productid, quantity) VALUES (1, 19, 2);
INSERT INTO Ticket (movieshowid, seatid, billid, ticketprice, status, bookingchannel) VALUES (262, 796, 1, 80000, 'Đã thanh toán', 'Quầy');
INSERT INTO Bill (customerid, staffid, discountamount, totalamount) VALUES (221, 102, 20000, 691000);
INSERT INTO Payment (billid, paymenttype) VALUES (2, 'Thẻ');
INSERT INTO Bill_Detail (billid, productid, quantity) VALUES (2, 39, 3);
INSERT INTO Ticket (movieshowid, seatid, billid, ticketprice, status, bookingchannel) VALUES (191, 483, 2, 60000, 'Đã thanh toán', 'Quầy');
INSERT INTO Bill (customerid, staffid, discountamount, totalamount) VALUES (276, 75, 0, 409000);
INSERT INTO Payment (billid, paymenttype) VALUES (3, 'MoMo');
INSERT INTO Bill_Detail (billid, productid, quantity) VALUES (3, 17, 2);
INSERT INTO Ticket (movieshowid, seatid, billid, ticketprice, status, bookingchannel) VALUES (72, 622, 3, 80000, 'Đã thanh toán', 'Quầy');
INSERT INTO Bill (customerid, staffid, discountamount, totalamount) VALUES (463, 34, 0, 913000);
INSERT INTO Payment (billid, paymenttype) VALUES (4, 'Tiền mặt');
INSERT INTO Bill_Detail (billid, productid, quantity) VALUES (4, 32, 2);
INSERT INTO Bill_Detail (billid, productid, quantity) VALUES (4, 46, 1);
INSERT INTO Ticket (movieshowid, seatid, billid, ticketprice, status, bookingchannel) VALUES (375, 20, 4, 60000, 'Đã thanh toán', 'Quầy');
INSERT INTO Bill (customerid, staffid, discountamount, totalamount) VALUES (135, 81, 20000, 308000);
INSERT INTO Payment (billid, paymenttype) VALUES (5, 'MoMo');
INSERT INTO Bill_Detail (billid, productid, quantity) VALUES (5, 9, 1);
INSERT INTO Bill_Detail (billid, productid, quantity) VALUES (5, 50, 2);
INSERT INTO Ticket (movieshowid, seatid, billid, ticketprice, status, bookingchannel) VALUES (70, 776, 5, 60000, 'Đã thanh toán', 'App');
INSERT INTO Bill (customerid, staffid, discountamount, totalamount) VALUES (227, 80, 20000, 728000);
INSERT INTO Payment (billid, paymenttype) VALUES (6, 'Thẻ');
INSERT INTO Bill_Detail (billid, productid, quantity) VALUES (6, 1, 3);
INSERT INTO Bill_Detail (billid, productid, quantity) VALUES (6, 21, 1);
INSERT INTO Ticket (movieshowid, seatid, billid, ticketprice, status, bookingchannel) VALUES (253, 981, 6, 60000, 'Đã thanh toán', 'Quầy');
INSERT INTO Bill (customerid, staffid, discountamount, totalamount) VALUES (168, 143, 10000, 176000);
INSERT INTO Payment (billid, paymenttype) VALUES (7, 'Tiền mặt');
INSERT INTO Bill_Detail (billid, productid, quantity) VALUES (7, 35, 2);
INSERT INTO Ticket (movieshowid, seatid, billid, ticketprice, status, bookingchannel) VALUES (182, 221, 7, 60000, 'Đã thanh toán', 'Quầy');
INSERT INTO Bill (customerid, staffid, discountamount, totalamount) VALUES (194, 110, 10000, 335000);
INSERT INTO Payment (billid, paymenttype) VALUES (8, 'Thẻ');
INSERT INTO Bill_Detail (billid, productid, quantity) VALUES (8, 13, 3);
INSERT INTO Bill_Detail (billid, productid, quantity) VALUES (8, 48, 2);
INSERT INTO Ticket (movieshowid, seatid, billid, ticketprice, status, bookingchannel) VALUES (449, 732, 8, 80000, 'Đã thanh toán', 'Quầy');
INSERT INTO Bill (customerid, staffid, discountamount, totalamount) VALUES (289, 94, 10000, 873000);
INSERT INTO Payment (billid, paymenttype) VALUES (9, 'Tiền mặt');
INSERT INTO Bill_Detail (billid, productid, quantity) VALUES (9, 22, 3);
INSERT INTO Bill_Detail (billid, productid, quantity) VALUES (9, 27, 2);
INSERT INTO Ticket (movieshowid, seatid, billid, ticketprice, status, bookingchannel) VALUES (252, 1120, 9, 60000, 'Đã thanh toán', 'App');
INSERT INTO Bill (customerid, staffid, discountamount, totalamount) VALUES (114, 11, 0, 192000);
INSERT INTO Payment (billid, paymenttype) VALUES (10, 'Thẻ');
INSERT INTO Bill_Detail (billid, productid, quantity) VALUES (10, 13, 2);
INSERT INTO Ticket (movieshowid, seatid, billid, ticketprice, status, bookingchannel) VALUES (189, 388, 10, 60000, 'Đã thanh toán', 'App');
INSERT INTO Bill (customerid, staffid, discountamount, totalamount) VALUES (280, 81, 20000, 629000);
INSERT INTO Payment (billid, paymenttype) VALUES (11, 'Tiền mặt');
INSERT INTO Bill_Detail (billid, productid, quantity) VALUES (11, 9, 1);
INSERT INTO Ticket (movieshowid, seatid, billid, ticketprice, status, bookingchannel) VALUES (362, 493, 11, 60000, 'Đã thanh toán', 'App');
INSERT INTO Bill (customerid, staffid, discountamount, totalamount) VALUES (390, 24, 0, 880000);
INSERT INTO Payment (billid, paymenttype) VALUES (12, 'Tiền mặt');
INSERT INTO Bill_Detail (billid, productid, quantity) VALUES (12, 46, 2);
INSERT INTO Ticket (movieshowid, seatid, billid, ticketprice, status, bookingchannel) VALUES (334, 324, 12, 60000, 'Đã thanh toán', 'Quầy');
INSERT INTO Bill (customerid, staffid, discountamount, totalamount) VALUES (197, 131, 20000, 934000);
INSERT INTO Payment (billid, paymenttype) VALUES (13, 'Thẻ');
INSERT INTO Bill_Detail (billid, productid, quantity) VALUES (13, 7, 3);
INSERT INTO Ticket (movieshowid, seatid, billid, ticketprice, status, bookingchannel) VALUES (362, 768, 13, 60000, 'Đã thanh toán', 'Quầy');
INSERT INTO Bill (customerid, staffid, discountamount, totalamount) VALUES (322, 11, 20000, 663000);
INSERT INTO Payment (billid, paymenttype) VALUES (14, 'Thẻ');
INSERT INTO Bill_Detail (billid, productid, quantity) VALUES (14, 5, 2);
INSERT INTO Bill_Detail (billid, productid, quantity) VALUES (14, 25, 3);
INSERT INTO Ticket (movieshowid, seatid, billid, ticketprice, status, bookingchannel) VALUES (297, 1195, 14, 60000, 'Đã thanh toán', 'App');
INSERT INTO Bill (customerid, staffid, discountamount, totalamount) VALUES (127, 78, 10000, 109000);
INSERT INTO Payment (billid, paymenttype) VALUES (15, 'Thẻ');
INSERT INTO Bill_Detail (billid, productid, quantity) VALUES (15, 30, 1);
INSERT INTO Ticket (movieshowid, seatid, billid, ticketprice, status, bookingchannel) VALUES (281, 739, 15, 80000, 'Đã thanh toán', 'App');
INSERT INTO Bill (customerid, staffid, discountamount, totalamount) VALUES (131, 127, 10000, 784000);
INSERT INTO Payment (billid, paymenttype) VALUES (16, 'Tiền mặt');
INSERT INTO Bill_Detail (billid, productid, quantity) VALUES (16, 11, 2);
INSERT INTO Bill_Detail (billid, productid, quantity) VALUES (16, 37, 3);
INSERT INTO Ticket (movieshowid, seatid, billid, ticketprice, status, bookingchannel) VALUES (160, 38, 16, 80000, 'Đã thanh toán', 'App');
INSERT INTO Bill (customerid, staffid, discountamount, totalamount) VALUES (128, 87, 10000, 455000);
INSERT INTO Payment (billid, paymenttype) VALUES (17, 'MoMo');
INSERT INTO Bill_Detail (billid, productid, quantity) VALUES (17, 14, 3);
INSERT INTO Bill_Detail (billid, productid, quantity) VALUES (17, 46, 2);
INSERT INTO Ticket (movieshowid, seatid, billid, ticketprice, status, bookingchannel) VALUES (103, 120, 17, 60000, 'Đã thanh toán', 'App');
INSERT INTO Bill (customerid, staffid, discountamount, totalamount) VALUES (299, 24, 10000, 319000);
INSERT INTO Payment (billid, paymenttype) VALUES (18, 'Tiền mặt');
INSERT INTO Bill_Detail (billid, productid, quantity) VALUES (18, 25, 2);
INSERT INTO Bill_Detail (billid, productid, quantity) VALUES (18, 9, 1);
INSERT INTO Ticket (movieshowid, seatid, billid, ticketprice, status, bookingchannel) VALUES (464, 987, 18, 80000, 'Đã thanh toán', 'App');
INSERT INTO Bill (customerid, staffid, discountamount, totalamount) VALUES (253, 105, 20000, 601000);
INSERT INTO Payment (billid, paymenttype) VALUES (19, 'Tiền mặt');
INSERT INTO Bill_Detail (billid, productid, quantity) VALUES (19, 27, 1);
INSERT INTO Ticket (movieshowid, seatid, billid, ticketprice, status, bookingchannel) VALUES (1, 1122, 19, 80000, 'Đã thanh toán', 'App');
INSERT INTO Bill (customerid, staffid, discountamount, totalamount) VALUES (172, 41, 10000, 755000);
INSERT INTO Payment (billid, paymenttype) VALUES (20, 'Tiền mặt');
INSERT INTO Bill_Detail (billid, productid, quantity) VALUES (20, 46, 3);
INSERT INTO Bill_Detail (billid, productid, quantity) VALUES (20, 39, 3);
INSERT INTO Ticket (movieshowid, seatid, billid, ticketprice, status, bookingchannel) VALUES (6, 1111, 20, 60000, 'Đã thanh toán', 'Quầy');
INSERT INTO Bill (customerid, staffid, discountamount, totalamount) VALUES (359, 57, 10000, 472000);
INSERT INTO Payment (billid, paymenttype) VALUES (21, 'MoMo');
INSERT INTO Bill_Detail (billid, productid, quantity) VALUES (21, 19, 3);
INSERT INTO Ticket (movieshowid, seatid, billid, ticketprice, status, bookingchannel) VALUES (300, 513, 21, 80000, 'Đã thanh toán', 'Quầy');
INSERT INTO Bill (customerid, staffid, discountamount, totalamount) VALUES (373, 31, 0, 339000);
INSERT INTO Payment (billid, paymenttype) VALUES (22, 'MoMo');
INSERT INTO Bill_Detail (billid, productid, quantity) VALUES (22, 5, 3);
INSERT INTO Ticket (movieshowid, seatid, billid, ticketprice, status, bookingchannel) VALUES (390, 101, 22, 60000, 'Đã thanh toán', 'App');
INSERT INTO Bill (customerid, staffid, discountamount, totalamount) VALUES (326, 96, 10000, 246000);
INSERT INTO Payment (billid, paymenttype) VALUES (23, 'MoMo');
INSERT INTO Bill_Detail (billid, productid, quantity) VALUES (23, 6, 3);
INSERT INTO Ticket (movieshowid, seatid, billid, ticketprice, status, bookingchannel) VALUES (450, 568, 23, 80000, 'Đã thanh toán', 'Quầy');
INSERT INTO Bill (customerid, staffid, discountamount, totalamount) VALUES (117, 72, 20000, 727000);
INSERT INTO Payment (billid, paymenttype) VALUES (24, 'Thẻ');
INSERT INTO Bill_Detail (billid, productid, quantity) VALUES (24, 44, 3);
INSERT INTO Ticket (movieshowid, seatid, billid, ticketprice, status, bookingchannel) VALUES (146, 592, 24, 60000, 'Đã thanh toán', 'App');
INSERT INTO Bill (customerid, staffid, discountamount, totalamount) VALUES (321, 12, 0, 412000);
INSERT INTO Payment (billid, paymenttype) VALUES (25, 'Thẻ');
INSERT INTO Bill_Detail (billid, productid, quantity) VALUES (25, 40, 3);
INSERT INTO Ticket (movieshowid, seatid, billid, ticketprice, status, bookingchannel) VALUES (5, 275, 25, 60000, 'Đã thanh toán', 'App');
INSERT INTO Bill (customerid, staffid, discountamount, totalamount) VALUES (380, 19, 0, 105000);
INSERT INTO Payment (billid, paymenttype) VALUES (26, 'Tiền mặt');
INSERT INTO Bill_Detail (billid, productid, quantity) VALUES (26, 45, 2);
INSERT INTO Bill_Detail (billid, productid, quantity) VALUES (26, 49, 2);
INSERT INTO Ticket (movieshowid, seatid, billid, ticketprice, status, bookingchannel) VALUES (203, 98, 26, 80000, 'Đã thanh toán', 'App');
INSERT INTO Bill (customerid, staffid, discountamount, totalamount) VALUES (345, 53, 10000, 479000);
INSERT INTO Payment (billid, paymenttype) VALUES (27, 'Thẻ');
INSERT INTO Bill_Detail (billid, productid, quantity) VALUES (27, 25, 1);
INSERT INTO Bill_Detail (billid, productid, quantity) VALUES (27, 37, 2);
INSERT INTO Ticket (movieshowid, seatid, billid, ticketprice, status, bookingchannel) VALUES (134, 407, 27, 60000, 'Đã thanh toán', 'App');
INSERT INTO Bill (customerid, staffid, discountamount, totalamount) VALUES (277, 94, 0, 597000);
INSERT INTO Payment (billid, paymenttype) VALUES (28, 'Thẻ');
INSERT INTO Bill_Detail (billid, productid, quantity) VALUES (28, 30, 3);
INSERT INTO Ticket (movieshowid, seatid, billid, ticketprice, status, bookingchannel) VALUES (213, 942, 28, 80000, 'Đã thanh toán', 'Quầy');
INSERT INTO Bill (customerid, staffid, discountamount, totalamount) VALUES (7, 136, 0, 559000);
INSERT INTO Payment (billid, paymenttype) VALUES (29, 'MoMo');
INSERT INTO Bill_Detail (billid, productid, quantity) VALUES (29, 44, 2);
INSERT INTO Bill_Detail (billid, productid, quantity) VALUES (29, 23, 2);
INSERT INTO Ticket (movieshowid, seatid, billid, ticketprice, status, bookingchannel) VALUES (407, 723, 29, 80000, 'Đã thanh toán', 'App');
INSERT INTO Bill (customerid, staffid, discountamount, totalamount) VALUES (52, 79, 10000, 128000);
INSERT INTO Payment (billid, paymenttype) VALUES (30, 'Thẻ');
INSERT INTO Bill_Detail (billid, productid, quantity) VALUES (30, 2, 2);
INSERT INTO Ticket (movieshowid, seatid, billid, ticketprice, status, bookingchannel) VALUES (100, 545, 30, 60000, 'Đã thanh toán', 'Quầy');
INSERT INTO Bill (customerid, staffid, discountamount, totalamount) VALUES (64, 145, 20000, 604000);
INSERT INTO Payment (billid, paymenttype) VALUES (31, 'Tiền mặt');
INSERT INTO Bill_Detail (billid, productid, quantity) VALUES (31, 30, 2);
INSERT INTO Ticket (movieshowid, seatid, billid, ticketprice, status, bookingchannel) VALUES (333, 308, 31, 80000, 'Đã thanh toán', 'Quầy');
INSERT INTO Bill (customerid, staffid, discountamount, totalamount) VALUES (306, 106, 0, 780000);
INSERT INTO Payment (billid, paymenttype) VALUES (32, 'Thẻ');
INSERT INTO Bill_Detail (billid, productid, quantity) VALUES (32, 30, 3);
INSERT INTO Bill_Detail (billid, productid, quantity) VALUES (32, 17, 2);
INSERT INTO Ticket (movieshowid, seatid, billid, ticketprice, status, bookingchannel) VALUES (366, 23, 32, 80000, 'Đã thanh toán', 'App');
INSERT INTO Bill (customerid, staffid, discountamount, totalamount) VALUES (327, 95, 10000, 328000);
INSERT INTO Payment (billid, paymenttype) VALUES (33, 'Thẻ');
INSERT INTO Bill_Detail (billid, productid, quantity) VALUES (33, 15, 3);
INSERT INTO Bill_Detail (billid, productid, quantity) VALUES (33, 6, 1);
INSERT INTO Ticket (movieshowid, seatid, billid, ticketprice, status, bookingchannel) VALUES (108, 346, 33, 60000, 'Đã thanh toán', 'Quầy');
INSERT INTO Bill (customerid, staffid, discountamount, totalamount) VALUES (130, 147, 10000, 499000);
INSERT INTO Payment (billid, paymenttype) VALUES (34, 'MoMo');
INSERT INTO Bill_Detail (billid, productid, quantity) VALUES (34, 32, 3);
INSERT INTO Bill_Detail (billid, productid, quantity) VALUES (34, 41, 1);
INSERT INTO Ticket (movieshowid, seatid, billid, ticketprice, status, bookingchannel) VALUES (128, 466, 34, 60000, 'Đã thanh toán', 'Quầy');
INSERT INTO Bill (customerid, staffid, discountamount, totalamount) VALUES (133, 142, 20000, 275000);
INSERT INTO Payment (billid, paymenttype) VALUES (35, 'Tiền mặt');
INSERT INTO Bill_Detail (billid, productid, quantity) VALUES (35, 27, 3);
INSERT INTO Bill_Detail (billid, productid, quantity) VALUES (35, 14, 2);
INSERT INTO Ticket (movieshowid, seatid, billid, ticketprice, status, bookingchannel) VALUES (449, 708, 35, 80000, 'Đã thanh toán', 'App');
INSERT INTO Bill (customerid, staffid, discountamount, totalamount) VALUES (190, 28, 20000, 733000);
INSERT INTO Payment (billid, paymenttype) VALUES (36, 'MoMo');
INSERT INTO Bill_Detail (billid, productid, quantity) VALUES (36, 4, 2);
INSERT INTO Bill_Detail (billid, productid, quantity) VALUES (36, 40, 3);
INSERT INTO Ticket (movieshowid, seatid, billid, ticketprice, status, bookingchannel) VALUES (216, 744, 36, 80000, 'Đã thanh toán', 'Quầy');
INSERT INTO Bill (customerid, staffid, discountamount, totalamount) VALUES (187, 75, 0, 815000);
INSERT INTO Payment (billid, paymenttype) VALUES (37, 'Thẻ');
INSERT INTO Bill_Detail (billid, productid, quantity) VALUES (37, 47, 2);
INSERT INTO Ticket (movieshowid, seatid, billid, ticketprice, status, bookingchannel) VALUES (244, 669, 37, 60000, 'Đã thanh toán', 'Quầy');
INSERT INTO Bill (customerid, staffid, discountamount, totalamount) VALUES (18, 141, 10000, 493000);
INSERT INTO Payment (billid, paymenttype) VALUES (38, 'Thẻ');
INSERT INTO Bill_Detail (billid, productid, quantity) VALUES (38, 5, 3);
INSERT INTO Bill_Detail (billid, productid, quantity) VALUES (38, 20, 2);
INSERT INTO Ticket (movieshowid, seatid, billid, ticketprice, status, bookingchannel) VALUES (499, 464, 38, 60000, 'Đã thanh toán', 'Quầy');
INSERT INTO Bill (customerid, staffid, discountamount, totalamount) VALUES (299, 19, 0, 228000);
INSERT INTO Payment (billid, paymenttype) VALUES (39, 'Thẻ');
INSERT INTO Bill_Detail (billid, productid, quantity) VALUES (39, 5, 2);
INSERT INTO Ticket (movieshowid, seatid, billid, ticketprice, status, bookingchannel) VALUES (461, 124, 39, 80000, 'Đã thanh toán', 'Quầy');
INSERT INTO Bill (customerid, staffid, discountamount, totalamount) VALUES (308, 139, 20000, 469000);
INSERT INTO Payment (billid, paymenttype) VALUES (40, 'Tiền mặt');
INSERT INTO Bill_Detail (billid, productid, quantity) VALUES (40, 49, 2);
INSERT INTO Bill_Detail (billid, productid, quantity) VALUES (40, 14, 1);
INSERT INTO Ticket (movieshowid, seatid, billid, ticketprice, status, bookingchannel) VALUES (191, 301, 40, 80000, 'Đã thanh toán', 'Quầy');
INSERT INTO Bill (customerid, staffid, discountamount, totalamount) VALUES (149, 150, 10000, 221000);
INSERT INTO Payment (billid, paymenttype) VALUES (41, 'MoMo');
INSERT INTO Bill_Detail (billid, productid, quantity) VALUES (41, 23, 1);
INSERT INTO Ticket (movieshowid, seatid, billid, ticketprice, status, bookingchannel) VALUES (156, 631, 41, 60000, 'Đã thanh toán', 'Quầy');
INSERT INTO Bill (customerid, staffid, discountamount, totalamount) VALUES (72, 79, 0, 430000);
INSERT INTO Payment (billid, paymenttype) VALUES (42, 'Thẻ');
INSERT INTO Bill_Detail (billid, productid, quantity) VALUES (42, 44, 2);
INSERT INTO Bill_Detail (billid, productid, quantity) VALUES (42, 12, 1);
INSERT INTO Ticket (movieshowid, seatid, billid, ticketprice, status, bookingchannel) VALUES (439, 970, 42, 60000, 'Đã thanh toán', 'Quầy');
INSERT INTO Bill (customerid, staffid, discountamount, totalamount) VALUES (250, 70, 20000, 460000);
INSERT INTO Payment (billid, paymenttype) VALUES (43, 'Tiền mặt');
INSERT INTO Bill_Detail (billid, productid, quantity) VALUES (43, 28, 1);
INSERT INTO Ticket (movieshowid, seatid, billid, ticketprice, status, bookingchannel) VALUES (285, 912, 43, 80000, 'Đã thanh toán', 'Quầy');
INSERT INTO Bill (customerid, staffid, discountamount, totalamount) VALUES (478, 138, 0, 363000);
INSERT INTO Payment (billid, paymenttype) VALUES (44, 'MoMo');
INSERT INTO Bill_Detail (billid, productid, quantity) VALUES (44, 9, 2);
INSERT INTO Bill_Detail (billid, productid, quantity) VALUES (44, 30, 2);
INSERT INTO Ticket (movieshowid, seatid, billid, ticketprice, status, bookingchannel) VALUES (172, 488, 44, 60000, 'Đã thanh toán', 'App');
INSERT INTO Bill (customerid, staffid, discountamount, totalamount) VALUES (407, 12, 10000, 633000);
INSERT INTO Payment (billid, paymenttype) VALUES (45, 'Thẻ');
INSERT INTO Bill_Detail (billid, productid, quantity) VALUES (45, 31, 2);
INSERT INTO Bill_Detail (billid, productid, quantity) VALUES (45, 30, 2);
INSERT INTO Ticket (movieshowid, seatid, billid, ticketprice, status, bookingchannel) VALUES (14, 648, 45, 80000, 'Đã thanh toán', 'Quầy');
INSERT INTO Bill (customerid, staffid, discountamount, totalamount) VALUES (207, 92, 10000, 743000);
INSERT INTO Payment (billid, paymenttype) VALUES (46, 'MoMo');
INSERT INTO Bill_Detail (billid, productid, quantity) VALUES (46, 30, 1);
INSERT INTO Bill_Detail (billid, productid, quantity) VALUES (46, 12, 1);
INSERT INTO Ticket (movieshowid, seatid, billid, ticketprice, status, bookingchannel) VALUES (62, 388, 46, 60000, 'Đã thanh toán', 'App');
INSERT INTO Bill (customerid, staffid, discountamount, totalamount) VALUES (252, 58, 0, 497000);
INSERT INTO Payment (billid, paymenttype) VALUES (47, 'MoMo');
INSERT INTO Bill_Detail (billid, productid, quantity) VALUES (47, 42, 1);
INSERT INTO Ticket (movieshowid, seatid, billid, ticketprice, status, bookingchannel) VALUES (478, 467, 47, 60000, 'Đã thanh toán', 'App');
INSERT INTO Bill (customerid, staffid, discountamount, totalamount) VALUES (370, 92, 20000, 253000);
INSERT INTO Payment (billid, paymenttype) VALUES (48, 'MoMo');
INSERT INTO Bill_Detail (billid, productid, quantity) VALUES (48, 24, 1);
INSERT INTO Ticket (movieshowid, seatid, billid, ticketprice, status, bookingchannel) VALUES (315, 666, 48, 60000, 'Đã thanh toán', 'App');
INSERT INTO Bill (customerid, staffid, discountamount, totalamount) VALUES (350, 125, 0, 627000);
INSERT INTO Payment (billid, paymenttype) VALUES (49, 'Tiền mặt');
INSERT INTO Bill_Detail (billid, productid, quantity) VALUES (49, 25, 1);
INSERT INTO Bill_Detail (billid, productid, quantity) VALUES (49, 47, 1);
INSERT INTO Ticket (movieshowid, seatid, billid, ticketprice, status, bookingchannel) VALUES (108, 314, 49, 80000, 'Đã thanh toán', 'Quầy');
INSERT INTO Bill (customerid, staffid, discountamount, totalamount) VALUES (231, 124, 20000, 850000);
INSERT INTO Payment (billid, paymenttype) VALUES (50, 'Tiền mặt');
INSERT INTO Bill_Detail (billid, productid, quantity) VALUES (50, 7, 3);
INSERT INTO Bill_Detail (billid, productid, quantity) VALUES (50, 43, 3);
INSERT INTO Ticket (movieshowid, seatid, billid, ticketprice, status, bookingchannel) VALUES (480, 560, 50, 60000, 'Đã thanh toán', 'Quầy');
INSERT INTO Bill (customerid, staffid, discountamount, totalamount) VALUES (333, 48, 20000, 396000);
INSERT INTO Payment (billid, paymenttype) VALUES (51, 'MoMo');
INSERT INTO Bill_Detail (billid, productid, quantity) VALUES (51, 23, 2);
INSERT INTO Ticket (movieshowid, seatid, billid, ticketprice, status, bookingchannel) VALUES (420, 531, 51, 80000, 'Đã thanh toán', 'App');
INSERT INTO Bill (customerid, staffid, discountamount, totalamount) VALUES (115, 31, 0, 974000);
INSERT INTO Payment (billid, paymenttype) VALUES (52, 'Tiền mặt');
INSERT INTO Bill_Detail (billid, productid, quantity) VALUES (52, 11, 2);
INSERT INTO Bill_Detail (billid, productid, quantity) VALUES (52, 15, 1);
INSERT INTO Ticket (movieshowid, seatid, billid, ticketprice, status, bookingchannel) VALUES (338, 387, 52, 60000, 'Đã thanh toán', 'Quầy');
INSERT INTO Bill (customerid, staffid, discountamount, totalamount) VALUES (29, 69, 20000, 816000);
INSERT INTO Payment (billid, paymenttype) VALUES (53, 'MoMo');
INSERT INTO Bill_Detail (billid, productid, quantity) VALUES (53, 14, 3);
INSERT INTO Ticket (movieshowid, seatid, billid, ticketprice, status, bookingchannel) VALUES (421, 655, 53, 60000, 'Đã thanh toán', 'Quầy');
INSERT INTO Bill (customerid, staffid, discountamount, totalamount) VALUES (486, 95, 20000, 717000);
INSERT INTO Payment (billid, paymenttype) VALUES (54, 'Tiền mặt');
INSERT INTO Bill_Detail (billid, productid, quantity) VALUES (54, 30, 2);
INSERT INTO Ticket (movieshowid, seatid, billid, ticketprice, status, bookingchannel) VALUES (408, 13, 54, 80000, 'Đã thanh toán', 'App');
INSERT INTO Bill (customerid, staffid, discountamount, totalamount) VALUES (428, 37, 20000, 285000);
INSERT INTO Payment (billid, paymenttype) VALUES (55, 'Tiền mặt');
INSERT INTO Bill_Detail (billid, productid, quantity) VALUES (55, 38, 2);
INSERT INTO Bill_Detail (billid, productid, quantity) VALUES (55, 41, 3);
INSERT INTO Ticket (movieshowid, seatid, billid, ticketprice, status, bookingchannel) VALUES (90, 431, 55, 60000, 'Đã thanh toán', 'Quầy');
INSERT INTO Bill (customerid, staffid, discountamount, totalamount) VALUES (42, 35, 10000, 655000);
INSERT INTO Payment (billid, paymenttype) VALUES (56, 'MoMo');
INSERT INTO Bill_Detail (billid, productid, quantity) VALUES (56, 46, 3);
INSERT INTO Ticket (movieshowid, seatid, billid, ticketprice, status, bookingchannel) VALUES (172, 196, 56, 80000, 'Đã thanh toán', 'App');
INSERT INTO Bill (customerid, staffid, discountamount, totalamount) VALUES (300, 138, 0, 162000);
INSERT INTO Payment (billid, paymenttype) VALUES (57, 'Thẻ');
INSERT INTO Bill_Detail (billid, productid, quantity) VALUES (57, 44, 3);
INSERT INTO Ticket (movieshowid, seatid, billid, ticketprice, status, bookingchannel) VALUES (370, 496, 57, 80000, 'Đã thanh toán', 'Quầy');
INSERT INTO Bill (customerid, staffid, discountamount, totalamount) VALUES (418, 48, 10000, 880000);
INSERT INTO Payment (billid, paymenttype) VALUES (58, 'Thẻ');
INSERT INTO Bill_Detail (billid, productid, quantity) VALUES (58, 12, 3);
INSERT INTO Ticket (movieshowid, seatid, billid, ticketprice, status, bookingchannel) VALUES (18, 1051, 58, 80000, 'Đã thanh toán', 'Quầy');
INSERT INTO Bill (customerid, staffid, discountamount, totalamount) VALUES (198, 117, 20000, 485000);
INSERT INTO Payment (billid, paymenttype) VALUES (59, 'MoMo');
INSERT INTO Bill_Detail (billid, productid, quantity) VALUES (59, 20, 3);
INSERT INTO Bill_Detail (billid, productid, quantity) VALUES (59, 34, 3);
INSERT INTO Ticket (movieshowid, seatid, billid, ticketprice, status, bookingchannel) VALUES (406, 567, 59, 60000, 'Đã thanh toán', 'Quầy');
INSERT INTO Bill (customerid, staffid, discountamount, totalamount) VALUES (290, 22, 20000, 314000);
INSERT INTO Payment (billid, paymenttype) VALUES (60, 'Thẻ');
INSERT INTO Bill_Detail (billid, productid, quantity) VALUES (60, 14, 3);
INSERT INTO Ticket (movieshowid, seatid, billid, ticketprice, status, bookingchannel) VALUES (459, 502, 60, 80000, 'Đã thanh toán', 'App');
INSERT INTO Bill (customerid, staffid, discountamount, totalamount) VALUES (284, 31, 20000, 699000);
INSERT INTO Payment (billid, paymenttype) VALUES (61, 'Thẻ');
INSERT INTO Bill_Detail (billid, productid, quantity) VALUES (61, 35, 2);
INSERT INTO Bill_Detail (billid, productid, quantity) VALUES (61, 6, 1);
INSERT INTO Ticket (movieshowid, seatid, billid, ticketprice, status, bookingchannel) VALUES (458, 25, 61, 80000, 'Đã thanh toán', 'Quầy');
INSERT INTO Bill (customerid, staffid, discountamount, totalamount) VALUES (142, 73, 10000, 437000);
INSERT INTO Payment (billid, paymenttype) VALUES (62, 'Tiền mặt');
INSERT INTO Bill_Detail (billid, productid, quantity) VALUES (62, 9, 3);
INSERT INTO Bill_Detail (billid, productid, quantity) VALUES (62, 24, 2);
INSERT INTO Ticket (movieshowid, seatid, billid, ticketprice, status, bookingchannel) VALUES (314, 219, 62, 80000, 'Đã thanh toán', 'Quầy');
INSERT INTO Bill (customerid, staffid, discountamount, totalamount) VALUES (497, 30, 20000, 589000);
INSERT INTO Payment (billid, paymenttype) VALUES (63, 'Thẻ');
INSERT INTO Bill_Detail (billid, productid, quantity) VALUES (63, 25, 1);
INSERT INTO Bill_Detail (billid, productid, quantity) VALUES (63, 19, 2);
INSERT INTO Ticket (movieshowid, seatid, billid, ticketprice, status, bookingchannel) VALUES (396, 363, 63, 60000, 'Đã thanh toán', 'App');
INSERT INTO Bill (customerid, staffid, discountamount, totalamount) VALUES (199, 57, 20000, 609000);
INSERT INTO Payment (billid, paymenttype) VALUES (64, 'Tiền mặt');
INSERT INTO Bill_Detail (billid, productid, quantity) VALUES (64, 44, 3);
INSERT INTO Ticket (movieshowid, seatid, billid, ticketprice, status, bookingchannel) VALUES (169, 1160, 64, 60000, 'Đã thanh toán', 'Quầy');
INSERT INTO Bill (customerid, staffid, discountamount, totalamount) VALUES (418, 71, 0, 142000);
INSERT INTO Payment (billid, paymenttype) VALUES (65, 'MoMo');
INSERT INTO Bill_Detail (billid, productid, quantity) VALUES (65, 39, 3);
INSERT INTO Bill_Detail (billid, productid, quantity) VALUES (65, 32, 1);
INSERT INTO Ticket (movieshowid, seatid, billid, ticketprice, status, bookingchannel) VALUES (226, 78, 65, 60000, 'Đã thanh toán', 'App');
INSERT INTO Bill (customerid, staffid, discountamount, totalamount) VALUES (465, 94, 10000, 263000);
INSERT INTO Payment (billid, paymenttype) VALUES (66, 'Thẻ');
INSERT INTO Bill_Detail (billid, productid, quantity) VALUES (66, 2, 1);
INSERT INTO Bill_Detail (billid, productid, quantity) VALUES (66, 43, 2);
INSERT INTO Ticket (movieshowid, seatid, billid, ticketprice, status, bookingchannel) VALUES (145, 379, 66, 80000, 'Đã thanh toán', 'App');
INSERT INTO Bill (customerid, staffid, discountamount, totalamount) VALUES (204, 54, 10000, 715000);
INSERT INTO Payment (billid, paymenttype) VALUES (67, 'Tiền mặt');
INSERT INTO Bill_Detail (billid, productid, quantity) VALUES (67, 27, 3);
INSERT INTO Ticket (movieshowid, seatid, billid, ticketprice, status, bookingchannel) VALUES (240, 836, 67, 80000, 'Đã thanh toán', 'App');
INSERT INTO Bill (customerid, staffid, discountamount, totalamount) VALUES (34, 144, 20000, 954000);
INSERT INTO Payment (billid, paymenttype) VALUES (68, 'MoMo');
INSERT INTO Bill_Detail (billid, productid, quantity) VALUES (68, 43, 1);
INSERT INTO Ticket (movieshowid, seatid, billid, ticketprice, status, bookingchannel) VALUES (44, 301, 68, 60000, 'Đã thanh toán', 'App');
INSERT INTO Bill (customerid, staffid, discountamount, totalamount) VALUES (500, 74, 20000, 853000);
INSERT INTO Payment (billid, paymenttype) VALUES (69, 'Thẻ');
INSERT INTO Bill_Detail (billid, productid, quantity) VALUES (69, 19, 3);
INSERT INTO Bill_Detail (billid, productid, quantity) VALUES (69, 22, 2);
INSERT INTO Ticket (movieshowid, seatid, billid, ticketprice, status, bookingchannel) VALUES (215, 659, 69, 80000, 'Đã thanh toán', 'App');
INSERT INTO Bill (customerid, staffid, discountamount, totalamount) VALUES (221, 100, 0, 805000);
INSERT INTO Payment (billid, paymenttype) VALUES (70, 'MoMo');
INSERT INTO Bill_Detail (billid, productid, quantity) VALUES (70, 37, 3);
INSERT INTO Ticket (movieshowid, seatid, billid, ticketprice, status, bookingchannel) VALUES (153, 232, 70, 80000, 'Đã thanh toán', 'Quầy');
INSERT INTO Bill (customerid, staffid, discountamount, totalamount) VALUES (210, 44, 20000, 703000);
INSERT INTO Payment (billid, paymenttype) VALUES (71, 'MoMo');
INSERT INTO Bill_Detail (billid, productid, quantity) VALUES (71, 33, 1);
INSERT INTO Bill_Detail (billid, productid, quantity) VALUES (71, 46, 1);
INSERT INTO Ticket (movieshowid, seatid, billid, ticketprice, status, bookingchannel) VALUES (285, 745, 71, 80000, 'Đã thanh toán', 'App');
INSERT INTO Bill (customerid, staffid, discountamount, totalamount) VALUES (494, 22, 20000, 867000);
INSERT INTO Payment (billid, paymenttype) VALUES (72, 'Thẻ');
INSERT INTO Bill_Detail (billid, productid, quantity) VALUES (72, 20, 3);
INSERT INTO Bill_Detail (billid, productid, quantity) VALUES (72, 8, 3);
INSERT INTO Ticket (movieshowid, seatid, billid, ticketprice, status, bookingchannel) VALUES (205, 786, 72, 60000, 'Đã thanh toán', 'App');
INSERT INTO Bill (customerid, staffid, discountamount, totalamount) VALUES (463, 126, 0, 341000);
INSERT INTO Payment (billid, paymenttype) VALUES (73, 'MoMo');
INSERT INTO Bill_Detail (billid, productid, quantity) VALUES (73, 2, 2);
INSERT INTO Ticket (movieshowid, seatid, billid, ticketprice, status, bookingchannel) VALUES (133, 372, 73, 60000, 'Đã thanh toán', 'App');
INSERT INTO Bill (customerid, staffid, discountamount, totalamount) VALUES (15, 143, 10000, 982000);
INSERT INTO Payment (billid, paymenttype) VALUES (74, 'Thẻ');
INSERT INTO Bill_Detail (billid, productid, quantity) VALUES (74, 30, 2);
INSERT INTO Ticket (movieshowid, seatid, billid, ticketprice, status, bookingchannel) VALUES (357, 1138, 74, 60000, 'Đã thanh toán', 'App');
INSERT INTO Bill (customerid, staffid, discountamount, totalamount) VALUES (105, 105, 0, 235000);
INSERT INTO Payment (billid, paymenttype) VALUES (75, 'Tiền mặt');
INSERT INTO Bill_Detail (billid, productid, quantity) VALUES (75, 45, 3);
INSERT INTO Bill_Detail (billid, productid, quantity) VALUES (75, 44, 3);
INSERT INTO Ticket (movieshowid, seatid, billid, ticketprice, status, bookingchannel) VALUES (414, 500, 75, 60000, 'Đã thanh toán', 'App');
INSERT INTO Bill (customerid, staffid, discountamount, totalamount) VALUES (39, 149, 10000, 344000);
INSERT INTO Payment (billid, paymenttype) VALUES (76, 'Thẻ');
INSERT INTO Bill_Detail (billid, productid, quantity) VALUES (76, 8, 2);
INSERT INTO Bill_Detail (billid, productid, quantity) VALUES (76, 28, 1);
INSERT INTO Ticket (movieshowid, seatid, billid, ticketprice, status, bookingchannel) VALUES (419, 11, 76, 80000, 'Đã thanh toán', 'Quầy');
INSERT INTO Bill (customerid, staffid, discountamount, totalamount) VALUES (252, 58, 0, 886000);
INSERT INTO Payment (billid, paymenttype) VALUES (77, 'Thẻ');
INSERT INTO Bill_Detail (billid, productid, quantity) VALUES (77, 49, 2);
INSERT INTO Ticket (movieshowid, seatid, billid, ticketprice, status, bookingchannel) VALUES (162, 713, 77, 80000, 'Đã thanh toán', 'Quầy');
INSERT INTO Bill (customerid, staffid, discountamount, totalamount) VALUES (7, 88, 0, 270000);
INSERT INTO Payment (billid, paymenttype) VALUES (78, 'Thẻ');
INSERT INTO Bill_Detail (billid, productid, quantity) VALUES (78, 36, 2);
INSERT INTO Bill_Detail (billid, productid, quantity) VALUES (78, 24, 3);
INSERT INTO Ticket (movieshowid, seatid, billid, ticketprice, status, bookingchannel) VALUES (176, 1175, 78, 60000, 'Đã thanh toán', 'App');
INSERT INTO Bill (customerid, staffid, discountamount, totalamount) VALUES (352, 125, 0, 415000);
INSERT INTO Payment (billid, paymenttype) VALUES (79, 'Tiền mặt');
INSERT INTO Bill_Detail (billid, productid, quantity) VALUES (79, 4, 3);
INSERT INTO Ticket (movieshowid, seatid, billid, ticketprice, status, bookingchannel) VALUES (445, 971, 79, 60000, 'Đã thanh toán', 'App');
INSERT INTO Bill (customerid, staffid, discountamount, totalamount) VALUES (133, 4, 10000, 308000);
INSERT INTO Payment (billid, paymenttype) VALUES (80, 'Thẻ');
INSERT INTO Bill_Detail (billid, productid, quantity) VALUES (80, 13, 2);
INSERT INTO Ticket (movieshowid, seatid, billid, ticketprice, status, bookingchannel) VALUES (1, 319, 80, 60000, 'Đã thanh toán', 'App');
INSERT INTO Bill (customerid, staffid, discountamount, totalamount) VALUES (432, 52, 20000, 222000);
INSERT INTO Payment (billid, paymenttype) VALUES (81, 'MoMo');
INSERT INTO Bill_Detail (billid, productid, quantity) VALUES (81, 49, 1);
INSERT INTO Bill_Detail (billid, productid, quantity) VALUES (81, 47, 3);
INSERT INTO Ticket (movieshowid, seatid, billid, ticketprice, status, bookingchannel) VALUES (134, 326, 81, 80000, 'Đã thanh toán', 'Quầy');
INSERT INTO Bill (customerid, staffid, discountamount, totalamount) VALUES (288, 77, 10000, 966000);
INSERT INTO Payment (billid, paymenttype) VALUES (82, 'MoMo');
INSERT INTO Bill_Detail (billid, productid, quantity) VALUES (82, 25, 2);
INSERT INTO Ticket (movieshowid, seatid, billid, ticketprice, status, bookingchannel) VALUES (24, 831, 82, 80000, 'Đã thanh toán', 'App');
INSERT INTO Bill (customerid, staffid, discountamount, totalamount) VALUES (356, 83, 20000, 620000);
INSERT INTO Payment (billid, paymenttype) VALUES (83, 'Thẻ');
INSERT INTO Bill_Detail (billid, productid, quantity) VALUES (83, 22, 1);
INSERT INTO Ticket (movieshowid, seatid, billid, ticketprice, status, bookingchannel) VALUES (315, 748, 83, 60000, 'Đã thanh toán', 'Quầy');
INSERT INTO Bill (customerid, staffid, discountamount, totalamount) VALUES (302, 69, 0, 941000);
INSERT INTO Payment (billid, paymenttype) VALUES (84, 'Thẻ');
INSERT INTO Bill_Detail (billid, productid, quantity) VALUES (84, 11, 3);
INSERT INTO Bill_Detail (billid, productid, quantity) VALUES (84, 7, 3);
INSERT INTO Ticket (movieshowid, seatid, billid, ticketprice, status, bookingchannel) VALUES (387, 51, 84, 60000, 'Đã thanh toán', 'Quầy');
INSERT INTO Bill (customerid, staffid, discountamount, totalamount) VALUES (385, 35, 20000, 845000);
INSERT INTO Payment (billid, paymenttype) VALUES (85, 'MoMo');
INSERT INTO Bill_Detail (billid, productid, quantity) VALUES (85, 35, 1);
INSERT INTO Ticket (movieshowid, seatid, billid, ticketprice, status, bookingchannel) VALUES (203, 696, 85, 80000, 'Đã thanh toán', 'Quầy');
INSERT INTO Bill (customerid, staffid, discountamount, totalamount) VALUES (368, 52, 20000, 727000);
INSERT INTO Payment (billid, paymenttype) VALUES (86, 'MoMo');
INSERT INTO Bill_Detail (billid, productid, quantity) VALUES (86, 22, 2);
INSERT INTO Bill_Detail (billid, productid, quantity) VALUES (86, 44, 3);
INSERT INTO Ticket (movieshowid, seatid, billid, ticketprice, status, bookingchannel) VALUES (33, 387, 86, 60000, 'Đã thanh toán', 'Quầy');
INSERT INTO Bill (customerid, staffid, discountamount, totalamount) VALUES (132, 127, 20000, 565000);
INSERT INTO Payment (billid, paymenttype) VALUES (87, 'Thẻ');
INSERT INTO Bill_Detail (billid, productid, quantity) VALUES (87, 42, 3);
INSERT INTO Ticket (movieshowid, seatid, billid, ticketprice, status, bookingchannel) VALUES (89, 465, 87, 60000, 'Đã thanh toán', 'App');
INSERT INTO Bill (customerid, staffid, discountamount, totalamount) VALUES (273, 88, 20000, 367000);
INSERT INTO Payment (billid, paymenttype) VALUES (88, 'Tiền mặt');
INSERT INTO Bill_Detail (billid, productid, quantity) VALUES (88, 32, 2);
INSERT INTO Bill_Detail (billid, productid, quantity) VALUES (88, 22, 1);
INSERT INTO Ticket (movieshowid, seatid, billid, ticketprice, status, bookingchannel) VALUES (486, 692, 88, 80000, 'Đã thanh toán', 'App');
INSERT INTO Bill (customerid, staffid, discountamount, totalamount) VALUES (2, 53, 20000, 711000);
INSERT INTO Payment (billid, paymenttype) VALUES (89, 'Thẻ');
INSERT INTO Bill_Detail (billid, productid, quantity) VALUES (89, 10, 1);
INSERT INTO Bill_Detail (billid, productid, quantity) VALUES (89, 24, 2);
INSERT INTO Ticket (movieshowid, seatid, billid, ticketprice, status, bookingchannel) VALUES (396, 142, 89, 80000, 'Đã thanh toán', 'App');
INSERT INTO Bill (customerid, staffid, discountamount, totalamount) VALUES (331, 62, 10000, 636000);
INSERT INTO Payment (billid, paymenttype) VALUES (90, 'MoMo');
INSERT INTO Bill_Detail (billid, productid, quantity) VALUES (90, 31, 2);
INSERT INTO Bill_Detail (billid, productid, quantity) VALUES (90, 39, 3);
INSERT INTO Ticket (movieshowid, seatid, billid, ticketprice, status, bookingchannel) VALUES (425, 599, 90, 80000, 'Đã thanh toán', 'Quầy');
INSERT INTO Bill (customerid, staffid, discountamount, totalamount) VALUES (156, 31, 10000, 342000);
INSERT INTO Payment (billid, paymenttype) VALUES (91, 'MoMo');
INSERT INTO Bill_Detail (billid, productid, quantity) VALUES (91, 13, 3);
INSERT INTO Bill_Detail (billid, productid, quantity) VALUES (91, 2, 3);
INSERT INTO Ticket (movieshowid, seatid, billid, ticketprice, status, bookingchannel) VALUES (228, 774, 91, 80000, 'Đã thanh toán', 'App');
INSERT INTO Bill (customerid, staffid, discountamount, totalamount) VALUES (54, 98, 20000, 244000);
INSERT INTO Payment (billid, paymenttype) VALUES (92, 'Tiền mặt');
INSERT INTO Bill_Detail (billid, productid, quantity) VALUES (92, 24, 3);
INSERT INTO Bill_Detail (billid, productid, quantity) VALUES (92, 26, 1);
INSERT INTO Ticket (movieshowid, seatid, billid, ticketprice, status, bookingchannel) VALUES (380, 627, 92, 80000, 'Đã thanh toán', 'App');
INSERT INTO Bill (customerid, staffid, discountamount, totalamount) VALUES (195, 62, 0, 704000);
INSERT INTO Payment (billid, paymenttype) VALUES (93, 'MoMo');
INSERT INTO Bill_Detail (billid, productid, quantity) VALUES (93, 34, 2);
INSERT INTO Ticket (movieshowid, seatid, billid, ticketprice, status, bookingchannel) VALUES (281, 295, 93, 60000, 'Đã thanh toán', 'Quầy');
INSERT INTO Bill (customerid, staffid, discountamount, totalamount) VALUES (55, 61, 10000, 953000);
INSERT INTO Payment (billid, paymenttype) VALUES (94, 'Thẻ');
INSERT INTO Bill_Detail (billid, productid, quantity) VALUES (94, 48, 3);
INSERT INTO Ticket (movieshowid, seatid, billid, ticketprice, status, bookingchannel) VALUES (344, 232, 94, 60000, 'Đã thanh toán', 'Quầy');
INSERT INTO Bill (customerid, staffid, discountamount, totalamount) VALUES (120, 13, 0, 618000);
INSERT INTO Payment (billid, paymenttype) VALUES (95, 'Thẻ');
INSERT INTO Bill_Detail (billid, productid, quantity) VALUES (95, 36, 2);
INSERT INTO Bill_Detail (billid, productid, quantity) VALUES (95, 27, 3);
INSERT INTO Ticket (movieshowid, seatid, billid, ticketprice, status, bookingchannel) VALUES (263, 390, 95, 60000, 'Đã thanh toán', 'Quầy');
INSERT INTO Bill (customerid, staffid, discountamount, totalamount) VALUES (179, 43, 10000, 960000);
INSERT INTO Payment (billid, paymenttype) VALUES (96, 'Thẻ');
INSERT INTO Bill_Detail (billid, productid, quantity) VALUES (96, 22, 2);
INSERT INTO Bill_Detail (billid, productid, quantity) VALUES (96, 46, 2);
INSERT INTO Ticket (movieshowid, seatid, billid, ticketprice, status, bookingchannel) VALUES (280, 852, 96, 80000, 'Đã thanh toán', 'Quầy');
INSERT INTO Bill (customerid, staffid, discountamount, totalamount) VALUES (307, 8, 10000, 907000);
INSERT INTO Payment (billid, paymenttype) VALUES (97, 'MoMo');
INSERT INTO Bill_Detail (billid, productid, quantity) VALUES (97, 39, 3);
INSERT INTO Bill_Detail (billid, productid, quantity) VALUES (97, 43, 1);
INSERT INTO Ticket (movieshowid, seatid, billid, ticketprice, status, bookingchannel) VALUES (372, 845, 97, 60000, 'Đã thanh toán', 'App');
INSERT INTO Bill (customerid, staffid, discountamount, totalamount) VALUES (109, 11, 10000, 818000);
INSERT INTO Payment (billid, paymenttype) VALUES (98, 'Tiền mặt');
INSERT INTO Bill_Detail (billid, productid, quantity) VALUES (98, 17, 1);
INSERT INTO Ticket (movieshowid, seatid, billid, ticketprice, status, bookingchannel) VALUES (173, 872, 98, 60000, 'Đã thanh toán', 'App');
INSERT INTO Bill (customerid, staffid, discountamount, totalamount) VALUES (32, 130, 10000, 134000);
INSERT INTO Payment (billid, paymenttype) VALUES (99, 'Tiền mặt');
INSERT INTO Bill_Detail (billid, productid, quantity) VALUES (99, 29, 1);
INSERT INTO Bill_Detail (billid, productid, quantity) VALUES (99, 28, 1);
INSERT INTO Ticket (movieshowid, seatid, billid, ticketprice, status, bookingchannel) VALUES (419, 16, 99, 60000, 'Đã thanh toán', 'Quầy');
INSERT INTO Bill (customerid, staffid, discountamount, totalamount) VALUES (219, 121, 10000, 711000);
INSERT INTO Payment (billid, paymenttype) VALUES (100, 'Tiền mặt');
INSERT INTO Bill_Detail (billid, productid, quantity) VALUES (100, 17, 2);
INSERT INTO Ticket (movieshowid, seatid, billid, ticketprice, status, bookingchannel) VALUES (202, 815, 100, 60000, 'Đã thanh toán', 'Quầy');
INSERT INTO Bill (customerid, staffid, discountamount, totalamount) VALUES (266, 77, 10000, 287000);
INSERT INTO Payment (billid, paymenttype) VALUES (101, 'Tiền mặt');
INSERT INTO Bill_Detail (billid, productid, quantity) VALUES (101, 42, 2);
INSERT INTO Bill_Detail (billid, productid, quantity) VALUES (101, 15, 1);
INSERT INTO Ticket (movieshowid, seatid, billid, ticketprice, status, bookingchannel) VALUES (191, 886, 101, 60000, 'Đã thanh toán', 'App');
INSERT INTO Bill (customerid, staffid, discountamount, totalamount) VALUES (263, 61, 10000, 883000);
INSERT INTO Payment (billid, paymenttype) VALUES (102, 'Tiền mặt');
INSERT INTO Bill_Detail (billid, productid, quantity) VALUES (102, 13, 3);
INSERT INTO Bill_Detail (billid, productid, quantity) VALUES (102, 30, 2);
INSERT INTO Ticket (movieshowid, seatid, billid, ticketprice, status, bookingchannel) VALUES (438, 408, 102, 80000, 'Đã thanh toán', 'App');
INSERT INTO Bill (customerid, staffid, discountamount, totalamount) VALUES (138, 96, 10000, 862000);
INSERT INTO Payment (billid, paymenttype) VALUES (103, 'Tiền mặt');
INSERT INTO Bill_Detail (billid, productid, quantity) VALUES (103, 35, 1);
INSERT INTO Bill_Detail (billid, productid, quantity) VALUES (103, 30, 3);
INSERT INTO Ticket (movieshowid, seatid, billid, ticketprice, status, bookingchannel) VALUES (241, 275, 103, 80000, 'Đã thanh toán', 'Quầy');
INSERT INTO Bill (customerid, staffid, discountamount, totalamount) VALUES (148, 139, 0, 630000);
INSERT INTO Payment (billid, paymenttype) VALUES (104, 'MoMo');
INSERT INTO Bill_Detail (billid, productid, quantity) VALUES (104, 15, 2);
INSERT INTO Ticket (movieshowid, seatid, billid, ticketprice, status, bookingchannel) VALUES (497, 812, 104, 60000, 'Đã thanh toán', 'App');
INSERT INTO Bill (customerid, staffid, discountamount, totalamount) VALUES (391, 95, 20000, 145000);
INSERT INTO Payment (billid, paymenttype) VALUES (105, 'MoMo');
INSERT INTO Bill_Detail (billid, productid, quantity) VALUES (105, 40, 2);
INSERT INTO Ticket (movieshowid, seatid, billid, ticketprice, status, bookingchannel) VALUES (470, 212, 105, 60000, 'Đã thanh toán', 'Quầy');
INSERT INTO Bill (customerid, staffid, discountamount, totalamount) VALUES (479, 104, 0, 450000);
INSERT INTO Payment (billid, paymenttype) VALUES (106, 'MoMo');
INSERT INTO Bill_Detail (billid, productid, quantity) VALUES (106, 4, 2);
INSERT INTO Ticket (movieshowid, seatid, billid, ticketprice, status, bookingchannel) VALUES (316, 377, 106, 60000, 'Đã thanh toán', 'App');
INSERT INTO Bill (customerid, staffid, discountamount, totalamount) VALUES (370, 144, 0, 276000);
INSERT INTO Payment (billid, paymenttype) VALUES (107, 'MoMo');
INSERT INTO Bill_Detail (billid, productid, quantity) VALUES (107, 46, 3);
INSERT INTO Ticket (movieshowid, seatid, billid, ticketprice, status, bookingchannel) VALUES (418, 447, 107, 60000, 'Đã thanh toán', 'App');
INSERT INTO Bill (customerid, staffid, discountamount, totalamount) VALUES (67, 137, 20000, 916000);
INSERT INTO Payment (billid, paymenttype) VALUES (108, 'Tiền mặt');
INSERT INTO Bill_Detail (billid, productid, quantity) VALUES (108, 26, 2);
INSERT INTO Bill_Detail (billid, productid, quantity) VALUES (108, 31, 1);
INSERT INTO Ticket (movieshowid, seatid, billid, ticketprice, status, bookingchannel) VALUES (337, 1149, 108, 80000, 'Đã thanh toán', 'App');
INSERT INTO Bill (customerid, staffid, discountamount, totalamount) VALUES (497, 53, 0, 566000);
INSERT INTO Payment (billid, paymenttype) VALUES (109, 'Thẻ');
INSERT INTO Bill_Detail (billid, productid, quantity) VALUES (109, 40, 1);
INSERT INTO Bill_Detail (billid, productid, quantity) VALUES (109, 30, 2);
INSERT INTO Ticket (movieshowid, seatid, billid, ticketprice, status, bookingchannel) VALUES (144, 450, 109, 80000, 'Đã thanh toán', 'Quầy');
INSERT INTO Bill (customerid, staffid, discountamount, totalamount) VALUES (418, 81, 0, 796000);
INSERT INTO Payment (billid, paymenttype) VALUES (110, 'Tiền mặt');
INSERT INTO Bill_Detail (billid, productid, quantity) VALUES (110, 2, 1);
INSERT INTO Bill_Detail (billid, productid, quantity) VALUES (110, 40, 1);
INSERT INTO Ticket (movieshowid, seatid, billid, ticketprice, status, bookingchannel) VALUES (494, 260, 110, 80000, 'Đã thanh toán', 'App');
INSERT INTO Bill (customerid, staffid, discountamount, totalamount) VALUES (203, 82, 0, 356000);
INSERT INTO Payment (billid, paymenttype) VALUES (111, 'MoMo');
INSERT INTO Bill_Detail (billid, productid, quantity) VALUES (111, 31, 2);
INSERT INTO Ticket (movieshowid, seatid, billid, ticketprice, status, bookingchannel) VALUES (342, 119, 111, 60000, 'Đã thanh toán', 'App');
INSERT INTO Bill (customerid, staffid, discountamount, totalamount) VALUES (315, 15, 0, 496000);
INSERT INTO Payment (billid, paymenttype) VALUES (112, 'Tiền mặt');
INSERT INTO Bill_Detail (billid, productid, quantity) VALUES (112, 25, 2);
INSERT INTO Ticket (movieshowid, seatid, billid, ticketprice, status, bookingchannel) VALUES (194, 747, 112, 60000, 'Đã thanh toán', 'Quầy');
INSERT INTO Bill (customerid, staffid, discountamount, totalamount) VALUES (315, 31, 0, 404000);
INSERT INTO Payment (billid, paymenttype) VALUES (113, 'Thẻ');
INSERT INTO Bill_Detail (billid, productid, quantity) VALUES (113, 33, 2);
INSERT INTO Bill_Detail (billid, productid, quantity) VALUES (113, 34, 3);
INSERT INTO Ticket (movieshowid, seatid, billid, ticketprice, status, bookingchannel) VALUES (87, 1105, 113, 80000, 'Đã thanh toán', 'Quầy');
INSERT INTO Bill (customerid, staffid, discountamount, totalamount) VALUES (461, 33, 0, 276000);
INSERT INTO Payment (billid, paymenttype) VALUES (114, 'Tiền mặt');
INSERT INTO Bill_Detail (billid, productid, quantity) VALUES (114, 14, 2);
INSERT INTO Bill_Detail (billid, productid, quantity) VALUES (114, 6, 2);
INSERT INTO Ticket (movieshowid, seatid, billid, ticketprice, status, bookingchannel) VALUES (78, 815, 114, 60000, 'Đã thanh toán', 'App');
INSERT INTO Bill (customerid, staffid, discountamount, totalamount) VALUES (320, 31, 0, 972000);
INSERT INTO Payment (billid, paymenttype) VALUES (115, 'Tiền mặt');
INSERT INTO Bill_Detail (billid, productid, quantity) VALUES (115, 11, 3);
INSERT INTO Ticket (movieshowid, seatid, billid, ticketprice, status, bookingchannel) VALUES (107, 493, 115, 60000, 'Đã thanh toán', 'App');
INSERT INTO Bill (customerid, staffid, discountamount, totalamount) VALUES (432, 8, 10000, 155000);
INSERT INTO Payment (billid, paymenttype) VALUES (116, 'Thẻ');
INSERT INTO Bill_Detail (billid, productid, quantity) VALUES (116, 41, 1);
INSERT INTO Bill_Detail (billid, productid, quantity) VALUES (116, 15, 2);
INSERT INTO Ticket (movieshowid, seatid, billid, ticketprice, status, bookingchannel) VALUES (416, 147, 116, 80000, 'Đã thanh toán', 'App');
INSERT INTO Bill (customerid, staffid, discountamount, totalamount) VALUES (228, 89, 20000, 417000);
INSERT INTO Payment (billid, paymenttype) VALUES (117, 'Thẻ');
INSERT INTO Bill_Detail (billid, productid, quantity) VALUES (117, 26, 2);
INSERT INTO Ticket (movieshowid, seatid, billid, ticketprice, status, bookingchannel) VALUES (205, 772, 117, 80000, 'Đã thanh toán', 'Quầy');
INSERT INTO Bill (customerid, staffid, discountamount, totalamount) VALUES (498, 142, 20000, 595000);
INSERT INTO Payment (billid, paymenttype) VALUES (118, 'Tiền mặt');
INSERT INTO Bill_Detail (billid, productid, quantity) VALUES (118, 11, 1);
INSERT INTO Bill_Detail (billid, productid, quantity) VALUES (118, 22, 2);
INSERT INTO Ticket (movieshowid, seatid, billid, ticketprice, status, bookingchannel) VALUES (43, 633, 118, 80000, 'Đã thanh toán', 'Quầy');
INSERT INTO Bill (customerid, staffid, discountamount, totalamount) VALUES (79, 90, 10000, 381000);
INSERT INTO Payment (billid, paymenttype) VALUES (119, 'MoMo');
INSERT INTO Bill_Detail (billid, productid, quantity) VALUES (119, 34, 1);
INSERT INTO Ticket (movieshowid, seatid, billid, ticketprice, status, bookingchannel) VALUES (388, 122, 119, 80000, 'Đã thanh toán', 'App');
INSERT INTO Bill (customerid, staffid, discountamount, totalamount) VALUES (349, 90, 0, 241000);
INSERT INTO Payment (billid, paymenttype) VALUES (120, 'Thẻ');
INSERT INTO Bill_Detail (billid, productid, quantity) VALUES (120, 47, 1);
INSERT INTO Bill_Detail (billid, productid, quantity) VALUES (120, 32, 1);
INSERT INTO Ticket (movieshowid, seatid, billid, ticketprice, status, bookingchannel) VALUES (254, 753, 120, 80000, 'Đã thanh toán', 'App');
INSERT INTO Bill (customerid, staffid, discountamount, totalamount) VALUES (449, 101, 10000, 648000);
INSERT INTO Payment (billid, paymenttype) VALUES (121, 'Tiền mặt');
INSERT INTO Bill_Detail (billid, productid, quantity) VALUES (121, 40, 2);
INSERT INTO Ticket (movieshowid, seatid, billid, ticketprice, status, bookingchannel) VALUES (8, 660, 121, 80000, 'Đã thanh toán', 'Quầy');
INSERT INTO Bill (customerid, staffid, discountamount, totalamount) VALUES (307, 121, 0, 406000);
INSERT INTO Payment (billid, paymenttype) VALUES (122, 'MoMo');
INSERT INTO Bill_Detail (billid, productid, quantity) VALUES (122, 16, 3);
INSERT INTO Bill_Detail (billid, productid, quantity) VALUES (122, 48, 2);
INSERT INTO Ticket (movieshowid, seatid, billid, ticketprice, status, bookingchannel) VALUES (312, 569, 122, 80000, 'Đã thanh toán', 'App');
INSERT INTO Bill (customerid, staffid, discountamount, totalamount) VALUES (175, 64, 10000, 277000);
INSERT INTO Payment (billid, paymenttype) VALUES (123, 'MoMo');
INSERT INTO Bill_Detail (billid, productid, quantity) VALUES (123, 27, 1);
INSERT INTO Bill_Detail (billid, productid, quantity) VALUES (123, 21, 1);
INSERT INTO Ticket (movieshowid, seatid, billid, ticketprice, status, bookingchannel) VALUES (119, 706, 123, 60000, 'Đã thanh toán', 'App');
INSERT INTO Bill (customerid, staffid, discountamount, totalamount) VALUES (392, 32, 10000, 320000);
INSERT INTO Payment (billid, paymenttype) VALUES (124, 'MoMo');
INSERT INTO Bill_Detail (billid, productid, quantity) VALUES (124, 33, 2);
INSERT INTO Bill_Detail (billid, productid, quantity) VALUES (124, 6, 3);
INSERT INTO Ticket (movieshowid, seatid, billid, ticketprice, status, bookingchannel) VALUES (161, 663, 124, 80000, 'Đã thanh toán', 'Quầy');
INSERT INTO Bill (customerid, staffid, discountamount, totalamount) VALUES (295, 105, 20000, 811000);
INSERT INTO Payment (billid, paymenttype) VALUES (125, 'Tiền mặt');
INSERT INTO Bill_Detail (billid, productid, quantity) VALUES (125, 2, 3);
INSERT INTO Bill_Detail (billid, productid, quantity) VALUES (125, 28, 3);
INSERT INTO Ticket (movieshowid, seatid, billid, ticketprice, status, bookingchannel) VALUES (237, 308, 125, 80000, 'Đã thanh toán', 'Quầy');
INSERT INTO Bill (customerid, staffid, discountamount, totalamount) VALUES (127, 16, 0, 158000);
INSERT INTO Payment (billid, paymenttype) VALUES (126, 'Thẻ');
INSERT INTO Bill_Detail (billid, productid, quantity) VALUES (126, 50, 3);
INSERT INTO Ticket (movieshowid, seatid, billid, ticketprice, status, bookingchannel) VALUES (172, 112, 126, 80000, 'Đã thanh toán', 'Quầy');
INSERT INTO Bill (customerid, staffid, discountamount, totalamount) VALUES (35, 84, 10000, 779000);
INSERT INTO Payment (billid, paymenttype) VALUES (127, 'Thẻ');
INSERT INTO Bill_Detail (billid, productid, quantity) VALUES (127, 7, 1);
INSERT INTO Bill_Detail (billid, productid, quantity) VALUES (127, 45, 2);
INSERT INTO Ticket (movieshowid, seatid, billid, ticketprice, status, bookingchannel) VALUES (379, 100, 127, 60000, 'Đã thanh toán', 'Quầy');
INSERT INTO Bill (customerid, staffid, discountamount, totalamount) VALUES (425, 140, 0, 392000);
INSERT INTO Payment (billid, paymenttype) VALUES (128, 'Tiền mặt');
INSERT INTO Bill_Detail (billid, productid, quantity) VALUES (128, 17, 2);
INSERT INTO Bill_Detail (billid, productid, quantity) VALUES (128, 15, 2);
INSERT INTO Ticket (movieshowid, seatid, billid, ticketprice, status, bookingchannel) VALUES (421, 568, 128, 80000, 'Đã thanh toán', 'App');
INSERT INTO Bill (customerid, staffid, discountamount, totalamount) VALUES (162, 28, 20000, 852000);
INSERT INTO Payment (billid, paymenttype) VALUES (129, 'MoMo');
INSERT INTO Bill_Detail (billid, productid, quantity) VALUES (129, 15, 3);
INSERT INTO Bill_Detail (billid, productid, quantity) VALUES (129, 34, 2);
INSERT INTO Ticket (movieshowid, seatid, billid, ticketprice, status, bookingchannel) VALUES (270, 558, 129, 60000, 'Đã thanh toán', 'App');
INSERT INTO Bill (customerid, staffid, discountamount, totalamount) VALUES (100, 111, 0, 150000);
INSERT INTO Payment (billid, paymenttype) VALUES (130, 'Tiền mặt');
INSERT INTO Bill_Detail (billid, productid, quantity) VALUES (130, 42, 1);
INSERT INTO Ticket (movieshowid, seatid, billid, ticketprice, status, bookingchannel) VALUES (490, 888, 130, 60000, 'Đã thanh toán', 'App');
INSERT INTO Bill (customerid, staffid, discountamount, totalamount) VALUES (61, 21, 10000, 462000);
INSERT INTO Payment (billid, paymenttype) VALUES (131, 'MoMo');
INSERT INTO Bill_Detail (billid, productid, quantity) VALUES (131, 42, 2);
INSERT INTO Ticket (movieshowid, seatid, billid, ticketprice, status, bookingchannel) VALUES (80, 94, 131, 60000, 'Đã thanh toán', 'App');
INSERT INTO Bill (customerid, staffid, discountamount, totalamount) VALUES (307, 92, 0, 741000);
INSERT INTO Payment (billid, paymenttype) VALUES (132, 'Tiền mặt');
INSERT INTO Bill_Detail (billid, productid, quantity) VALUES (132, 17, 3);
INSERT INTO Bill_Detail (billid, productid, quantity) VALUES (132, 2, 1);
INSERT INTO Ticket (movieshowid, seatid, billid, ticketprice, status, bookingchannel) VALUES (10, 911, 132, 80000, 'Đã thanh toán', 'App');
INSERT INTO Bill (customerid, staffid, discountamount, totalamount) VALUES (248, 82, 20000, 557000);
INSERT INTO Payment (billid, paymenttype) VALUES (133, 'Thẻ');
INSERT INTO Bill_Detail (billid, productid, quantity) VALUES (133, 45, 1);
INSERT INTO Bill_Detail (billid, productid, quantity) VALUES (133, 14, 1);
INSERT INTO Ticket (movieshowid, seatid, billid, ticketprice, status, bookingchannel) VALUES (250, 588, 133, 60000, 'Đã thanh toán', 'App');
INSERT INTO Bill (customerid, staffid, discountamount, totalamount) VALUES (392, 69, 0, 679000);
INSERT INTO Payment (billid, paymenttype) VALUES (134, 'MoMo');
INSERT INTO Bill_Detail (billid, productid, quantity) VALUES (134, 20, 1);
INSERT INTO Ticket (movieshowid, seatid, billid, ticketprice, status, bookingchannel) VALUES (51, 830, 134, 80000, 'Đã thanh toán', 'Quầy');
INSERT INTO Bill (customerid, staffid, discountamount, totalamount) VALUES (348, 54, 20000, 787000);
INSERT INTO Payment (billid, paymenttype) VALUES (135, 'Tiền mặt');
INSERT INTO Bill_Detail (billid, productid, quantity) VALUES (135, 18, 3);
INSERT INTO Ticket (movieshowid, seatid, billid, ticketprice, status, bookingchannel) VALUES (130, 226, 135, 80000, 'Đã thanh toán', 'Quầy');
INSERT INTO Bill (customerid, staffid, discountamount, totalamount) VALUES (347, 23, 20000, 733000);
INSERT INTO Payment (billid, paymenttype) VALUES (136, 'Thẻ');
INSERT INTO Bill_Detail (billid, productid, quantity) VALUES (136, 42, 2);
INSERT INTO Ticket (movieshowid, seatid, billid, ticketprice, status, bookingchannel) VALUES (412, 915, 136, 60000, 'Đã thanh toán', 'App');
INSERT INTO Bill (customerid, staffid, discountamount, totalamount) VALUES (139, 82, 10000, 672000);
INSERT INTO Payment (billid, paymenttype) VALUES (137, 'Thẻ');
INSERT INTO Bill_Detail (billid, productid, quantity) VALUES (137, 31, 1);
INSERT INTO Ticket (movieshowid, seatid, billid, ticketprice, status, bookingchannel) VALUES (42, 130, 137, 60000, 'Đã thanh toán', 'App');
INSERT INTO Bill (customerid, staffid, discountamount, totalamount) VALUES (344, 23, 0, 729000);
INSERT INTO Payment (billid, paymenttype) VALUES (138, 'Tiền mặt');
INSERT INTO Bill_Detail (billid, productid, quantity) VALUES (138, 24, 2);
INSERT INTO Ticket (movieshowid, seatid, billid, ticketprice, status, bookingchannel) VALUES (205, 1030, 138, 60000, 'Đã thanh toán', 'Quầy');
INSERT INTO Bill (customerid, staffid, discountamount, totalamount) VALUES (32, 32, 20000, 882000);
INSERT INTO Payment (billid, paymenttype) VALUES (139, 'Thẻ');
INSERT INTO Bill_Detail (billid, productid, quantity) VALUES (139, 3, 3);
INSERT INTO Bill_Detail (billid, productid, quantity) VALUES (139, 32, 2);
INSERT INTO Ticket (movieshowid, seatid, billid, ticketprice, status, bookingchannel) VALUES (308, 141, 139, 80000, 'Đã thanh toán', 'Quầy');
INSERT INTO Bill (customerid, staffid, discountamount, totalamount) VALUES (264, 59, 10000, 617000);
INSERT INTO Payment (billid, paymenttype) VALUES (140, 'Tiền mặt');
INSERT INTO Bill_Detail (billid, productid, quantity) VALUES (140, 39, 1);
INSERT INTO Bill_Detail (billid, productid, quantity) VALUES (140, 40, 1);
INSERT INTO Ticket (movieshowid, seatid, billid, ticketprice, status, bookingchannel) VALUES (212, 297, 140, 60000, 'Đã thanh toán', 'Quầy');
INSERT INTO Bill (customerid, staffid, discountamount, totalamount) VALUES (189, 85, 20000, 963000);
INSERT INTO Payment (billid, paymenttype) VALUES (141, 'Tiền mặt');
INSERT INTO Bill_Detail (billid, productid, quantity) VALUES (141, 22, 1);
INSERT INTO Ticket (movieshowid, seatid, billid, ticketprice, status, bookingchannel) VALUES (401, 94, 141, 60000, 'Đã thanh toán', 'App');
INSERT INTO Bill (customerid, staffid, discountamount, totalamount) VALUES (395, 15, 20000, 406000);
INSERT INTO Payment (billid, paymenttype) VALUES (142, 'Thẻ');
INSERT INTO Bill_Detail (billid, productid, quantity) VALUES (142, 32, 2);
INSERT INTO Bill_Detail (billid, productid, quantity) VALUES (142, 7, 2);
INSERT INTO Ticket (movieshowid, seatid, billid, ticketprice, status, bookingchannel) VALUES (387, 150, 142, 80000, 'Đã thanh toán', 'Quầy');
INSERT INTO Bill (customerid, staffid, discountamount, totalamount) VALUES (77, 25, 0, 334000);
INSERT INTO Payment (billid, paymenttype) VALUES (143, 'Tiền mặt');
INSERT INTO Bill_Detail (billid, productid, quantity) VALUES (143, 15, 2);
INSERT INTO Bill_Detail (billid, productid, quantity) VALUES (143, 14, 3);
INSERT INTO Ticket (movieshowid, seatid, billid, ticketprice, status, bookingchannel) VALUES (347, 891, 143, 80000, 'Đã thanh toán', 'App');
INSERT INTO Bill (customerid, staffid, discountamount, totalamount) VALUES (101, 48, 20000, 766000);
INSERT INTO Payment (billid, paymenttype) VALUES (144, 'MoMo');
INSERT INTO Bill_Detail (billid, productid, quantity) VALUES (144, 37, 2);
INSERT INTO Ticket (movieshowid, seatid, billid, ticketprice, status, bookingchannel) VALUES (500, 307, 144, 60000, 'Đã thanh toán', 'Quầy');
INSERT INTO Bill (customerid, staffid, discountamount, totalamount) VALUES (173, 133, 0, 193000);
INSERT INTO Payment (billid, paymenttype) VALUES (145, 'Tiền mặt');
INSERT INTO Bill_Detail (billid, productid, quantity) VALUES (145, 6, 3);
INSERT INTO Ticket (movieshowid, seatid, billid, ticketprice, status, bookingchannel) VALUES (282, 411, 145, 80000, 'Đã thanh toán', 'Quầy');
INSERT INTO Bill (customerid, staffid, discountamount, totalamount) VALUES (492, 150, 20000, 454000);
INSERT INTO Payment (billid, paymenttype) VALUES (146, 'Thẻ');
INSERT INTO Bill_Detail (billid, productid, quantity) VALUES (146, 43, 3);
INSERT INTO Ticket (movieshowid, seatid, billid, ticketprice, status, bookingchannel) VALUES (427, 204, 146, 80000, 'Đã thanh toán', 'Quầy');
INSERT INTO Bill (customerid, staffid, discountamount, totalamount) VALUES (174, 91, 0, 109000);
INSERT INTO Payment (billid, paymenttype) VALUES (147, 'Thẻ');
INSERT INTO Bill_Detail (billid, productid, quantity) VALUES (147, 1, 1);
INSERT INTO Ticket (movieshowid, seatid, billid, ticketprice, status, bookingchannel) VALUES (309, 846, 147, 80000, 'Đã thanh toán', 'App');
INSERT INTO Bill (customerid, staffid, discountamount, totalamount) VALUES (40, 47, 20000, 634000);
INSERT INTO Payment (billid, paymenttype) VALUES (148, 'Thẻ');
INSERT INTO Bill_Detail (billid, productid, quantity) VALUES (148, 10, 2);
INSERT INTO Bill_Detail (billid, productid, quantity) VALUES (148, 8, 1);
INSERT INTO Ticket (movieshowid, seatid, billid, ticketprice, status, bookingchannel) VALUES (393, 924, 148, 60000, 'Đã thanh toán', 'App');
INSERT INTO Bill (customerid, staffid, discountamount, totalamount) VALUES (232, 29, 20000, 998000);
INSERT INTO Payment (billid, paymenttype) VALUES (149, 'MoMo');
INSERT INTO Bill_Detail (billid, productid, quantity) VALUES (149, 12, 1);
INSERT INTO Ticket (movieshowid, seatid, billid, ticketprice, status, bookingchannel) VALUES (154, 818, 149, 60000, 'Đã thanh toán', 'Quầy');
INSERT INTO Bill (customerid, staffid, discountamount, totalamount) VALUES (11, 102, 10000, 687000);
INSERT INTO Payment (billid, paymenttype) VALUES (150, 'Thẻ');
INSERT INTO Bill_Detail (billid, productid, quantity) VALUES (150, 38, 3);
INSERT INTO Bill_Detail (billid, productid, quantity) VALUES (150, 22, 2);
INSERT INTO Ticket (movieshowid, seatid, billid, ticketprice, status, bookingchannel) VALUES (495, 814, 150, 80000, 'Đã thanh toán', 'Quầy');
INSERT INTO Bill (customerid, staffid, discountamount, totalamount) VALUES (213, 118, 0, 235000);
INSERT INTO Payment (billid, paymenttype) VALUES (151, 'MoMo');
INSERT INTO Bill_Detail (billid, productid, quantity) VALUES (151, 24, 1);
INSERT INTO Ticket (movieshowid, seatid, billid, ticketprice, status, bookingchannel) VALUES (95, 532, 151, 80000, 'Đã thanh toán', 'Quầy');
INSERT INTO Bill (customerid, staffid, discountamount, totalamount) VALUES (314, 149, 20000, 398000);
INSERT INTO Payment (billid, paymenttype) VALUES (152, 'MoMo');
INSERT INTO Bill_Detail (billid, productid, quantity) VALUES (152, 20, 2);
INSERT INTO Ticket (movieshowid, seatid, billid, ticketprice, status, bookingchannel) VALUES (36, 373, 152, 80000, 'Đã thanh toán', 'App');
INSERT INTO Bill (customerid, staffid, discountamount, totalamount) VALUES (398, 146, 20000, 409000);
INSERT INTO Payment (billid, paymenttype) VALUES (153, 'Tiền mặt');
INSERT INTO Bill_Detail (billid, productid, quantity) VALUES (153, 39, 1);
INSERT INTO Bill_Detail (billid, productid, quantity) VALUES (153, 24, 2);
INSERT INTO Ticket (movieshowid, seatid, billid, ticketprice, status, bookingchannel) VALUES (109, 420, 153, 80000, 'Đã thanh toán', 'App');
INSERT INTO Bill (customerid, staffid, discountamount, totalamount) VALUES (377, 137, 10000, 666000);
INSERT INTO Payment (billid, paymenttype) VALUES (154, 'MoMo');
INSERT INTO Bill_Detail (billid, productid, quantity) VALUES (154, 43, 3);
INSERT INTO Bill_Detail (billid, productid, quantity) VALUES (154, 7, 2);
INSERT INTO Ticket (movieshowid, seatid, billid, ticketprice, status, bookingchannel) VALUES (220, 710, 154, 60000, 'Đã thanh toán', 'App');
INSERT INTO Bill (customerid, staffid, discountamount, totalamount) VALUES (62, 32, 0, 753000);
INSERT INTO Payment (billid, paymenttype) VALUES (155, 'Thẻ');
INSERT INTO Bill_Detail (billid, productid, quantity) VALUES (155, 5, 2);
INSERT INTO Ticket (movieshowid, seatid, billid, ticketprice, status, bookingchannel) VALUES (84, 1093, 155, 80000, 'Đã thanh toán', 'App');
INSERT INTO Bill (customerid, staffid, discountamount, totalamount) VALUES (268, 96, 20000, 284000);
INSERT INTO Payment (billid, paymenttype) VALUES (156, 'Tiền mặt');
INSERT INTO Bill_Detail (billid, productid, quantity) VALUES (156, 38, 2);
INSERT INTO Ticket (movieshowid, seatid, billid, ticketprice, status, bookingchannel) VALUES (197, 13, 156, 80000, 'Đã thanh toán', 'Quầy');
INSERT INTO Bill (customerid, staffid, discountamount, totalamount) VALUES (62, 22, 20000, 449000);
INSERT INTO Payment (billid, paymenttype) VALUES (157, 'Tiền mặt');
INSERT INTO Bill_Detail (billid, productid, quantity) VALUES (157, 1, 2);
INSERT INTO Ticket (movieshowid, seatid, billid, ticketprice, status, bookingchannel) VALUES (117, 11, 157, 80000, 'Đã thanh toán', 'App');
INSERT INTO Bill (customerid, staffid, discountamount, totalamount) VALUES (188, 88, 20000, 740000);
INSERT INTO Payment (billid, paymenttype) VALUES (158, 'MoMo');
INSERT INTO Bill_Detail (billid, productid, quantity) VALUES (158, 2, 2);
INSERT INTO Bill_Detail (billid, productid, quantity) VALUES (158, 28, 3);
INSERT INTO Ticket (movieshowid, seatid, billid, ticketprice, status, bookingchannel) VALUES (336, 1001, 158, 60000, 'Đã thanh toán', 'Quầy');
INSERT INTO Bill (customerid, staffid, discountamount, totalamount) VALUES (455, 132, 10000, 866000);
INSERT INTO Payment (billid, paymenttype) VALUES (159, 'MoMo');
INSERT INTO Bill_Detail (billid, productid, quantity) VALUES (159, 49, 3);
INSERT INTO Ticket (movieshowid, seatid, billid, ticketprice, status, bookingchannel) VALUES (251, 231, 159, 60000, 'Đã thanh toán', 'App');
INSERT INTO Bill (customerid, staffid, discountamount, totalamount) VALUES (305, 115, 10000, 149000);
INSERT INTO Payment (billid, paymenttype) VALUES (160, 'MoMo');
INSERT INTO Bill_Detail (billid, productid, quantity) VALUES (160, 4, 3);
INSERT INTO Ticket (movieshowid, seatid, billid, ticketprice, status, bookingchannel) VALUES (8, 811, 160, 60000, 'Đã thanh toán', 'App');
INSERT INTO Bill (customerid, staffid, discountamount, totalamount) VALUES (291, 66, 10000, 984000);
INSERT INTO Payment (billid, paymenttype) VALUES (161, 'Thẻ');
INSERT INTO Bill_Detail (billid, productid, quantity) VALUES (161, 20, 1);
INSERT INTO Ticket (movieshowid, seatid, billid, ticketprice, status, bookingchannel) VALUES (407, 73, 161, 60000, 'Đã thanh toán', 'Quầy');
INSERT INTO Bill (customerid, staffid, discountamount, totalamount) VALUES (55, 134, 10000, 170000);
INSERT INTO Payment (billid, paymenttype) VALUES (162, 'MoMo');
INSERT INTO Bill_Detail (billid, productid, quantity) VALUES (162, 12, 3);
INSERT INTO Ticket (movieshowid, seatid, billid, ticketprice, status, bookingchannel) VALUES (45, 235, 162, 80000, 'Đã thanh toán', 'App');
INSERT INTO Bill (customerid, staffid, discountamount, totalamount) VALUES (8, 127, 10000, 384000);
INSERT INTO Payment (billid, paymenttype) VALUES (163, 'Thẻ');
INSERT INTO Bill_Detail (billid, productid, quantity) VALUES (163, 35, 1);
INSERT INTO Ticket (movieshowid, seatid, billid, ticketprice, status, bookingchannel) VALUES (477, 645, 163, 80000, 'Đã thanh toán', 'Quầy');
INSERT INTO Bill (customerid, staffid, discountamount, totalamount) VALUES (51, 65, 0, 691000);
INSERT INTO Payment (billid, paymenttype) VALUES (164, 'Thẻ');
INSERT INTO Bill_Detail (billid, productid, quantity) VALUES (164, 39, 2);
INSERT INTO Ticket (movieshowid, seatid, billid, ticketprice, status, bookingchannel) VALUES (482, 752, 164, 80000, 'Đã thanh toán', 'Quầy');
INSERT INTO Bill (customerid, staffid, discountamount, totalamount) VALUES (253, 30, 20000, 449000);
INSERT INTO Payment (billid, paymenttype) VALUES (165, 'MoMo');
INSERT INTO Bill_Detail (billid, productid, quantity) VALUES (165, 36, 1);
INSERT INTO Bill_Detail (billid, productid, quantity) VALUES (165, 2, 3);
INSERT INTO Ticket (movieshowid, seatid, billid, ticketprice, status, bookingchannel) VALUES (266, 46, 165, 60000, 'Đã thanh toán', 'Quầy');
INSERT INTO Bill (customerid, staffid, discountamount, totalamount) VALUES (409, 105, 10000, 447000);
INSERT INTO Payment (billid, paymenttype) VALUES (166, 'MoMo');
INSERT INTO Bill_Detail (billid, productid, quantity) VALUES (166, 8, 2);
INSERT INTO Ticket (movieshowid, seatid, billid, ticketprice, status, bookingchannel) VALUES (253, 100, 166, 60000, 'Đã thanh toán', 'Quầy');
INSERT INTO Bill (customerid, staffid, discountamount, totalamount) VALUES (134, 33, 20000, 857000);
INSERT INTO Payment (billid, paymenttype) VALUES (167, 'Tiền mặt');
INSERT INTO Bill_Detail (billid, productid, quantity) VALUES (167, 14, 3);
INSERT INTO Bill_Detail (billid, productid, quantity) VALUES (167, 5, 1);
INSERT INTO Ticket (movieshowid, seatid, billid, ticketprice, status, bookingchannel) VALUES (71, 901, 167, 60000, 'Đã thanh toán', 'Quầy');
INSERT INTO Bill (customerid, staffid, discountamount, totalamount) VALUES (9, 135, 10000, 761000);
INSERT INTO Payment (billid, paymenttype) VALUES (168, 'Tiền mặt');
INSERT INTO Bill_Detail (billid, productid, quantity) VALUES (168, 23, 1);
INSERT INTO Ticket (movieshowid, seatid, billid, ticketprice, status, bookingchannel) VALUES (114, 598, 168, 60000, 'Đã thanh toán', 'App');
INSERT INTO Bill (customerid, staffid, discountamount, totalamount) VALUES (169, 80, 20000, 790000);
INSERT INTO Payment (billid, paymenttype) VALUES (169, 'Thẻ');
INSERT INTO Bill_Detail (billid, productid, quantity) VALUES (169, 34, 1);
INSERT INTO Bill_Detail (billid, productid, quantity) VALUES (169, 19, 2);
INSERT INTO Ticket (movieshowid, seatid, billid, ticketprice, status, bookingchannel) VALUES (53, 1071, 169, 80000, 'Đã thanh toán', 'Quầy');
INSERT INTO Bill (customerid, staffid, discountamount, totalamount) VALUES (219, 46, 10000, 108000);
INSERT INTO Payment (billid, paymenttype) VALUES (170, 'Tiền mặt');
INSERT INTO Bill_Detail (billid, productid, quantity) VALUES (170, 16, 2);
INSERT INTO Ticket (movieshowid, seatid, billid, ticketprice, status, bookingchannel) VALUES (32, 869, 170, 80000, 'Đã thanh toán', 'Quầy');
INSERT INTO Bill (customerid, staffid, discountamount, totalamount) VALUES (216, 68, 10000, 169000);
INSERT INTO Payment (billid, paymenttype) VALUES (171, 'Tiền mặt');
INSERT INTO Bill_Detail (billid, productid, quantity) VALUES (171, 8, 1);
INSERT INTO Ticket (movieshowid, seatid, billid, ticketprice, status, bookingchannel) VALUES (368, 1191, 171, 80000, 'Đã thanh toán', 'Quầy');
INSERT INTO Bill (customerid, staffid, discountamount, totalamount) VALUES (175, 121, 10000, 103000);
INSERT INTO Payment (billid, paymenttype) VALUES (172, 'Tiền mặt');
INSERT INTO Bill_Detail (billid, productid, quantity) VALUES (172, 32, 3);
INSERT INTO Ticket (movieshowid, seatid, billid, ticketprice, status, bookingchannel) VALUES (474, 1128, 172, 80000, 'Đã thanh toán', 'App');
INSERT INTO Bill (customerid, staffid, discountamount, totalamount) VALUES (289, 90, 0, 214000);
INSERT INTO Payment (billid, paymenttype) VALUES (173, 'MoMo');
INSERT INTO Bill_Detail (billid, productid, quantity) VALUES (173, 29, 2);
INSERT INTO Ticket (movieshowid, seatid, billid, ticketprice, status, bookingchannel) VALUES (337, 244, 173, 80000, 'Đã thanh toán', 'Quầy');
INSERT INTO Bill (customerid, staffid, discountamount, totalamount) VALUES (334, 18, 20000, 609000);
INSERT INTO Payment (billid, paymenttype) VALUES (174, 'MoMo');
INSERT INTO Bill_Detail (billid, productid, quantity) VALUES (174, 46, 2);
INSERT INTO Ticket (movieshowid, seatid, billid, ticketprice, status, bookingchannel) VALUES (104, 977, 174, 60000, 'Đã thanh toán', 'Quầy');
INSERT INTO Bill (customerid, staffid, discountamount, totalamount) VALUES (475, 31, 20000, 760000);
INSERT INTO Payment (billid, paymenttype) VALUES (175, 'Thẻ');
INSERT INTO Bill_Detail (billid, productid, quantity) VALUES (175, 36, 1);
INSERT INTO Ticket (movieshowid, seatid, billid, ticketprice, status, bookingchannel) VALUES (485, 220, 175, 80000, 'Đã thanh toán', 'App');
INSERT INTO Bill (customerid, staffid, discountamount, totalamount) VALUES (365, 99, 0, 338000);
INSERT INTO Payment (billid, paymenttype) VALUES (176, 'MoMo');
INSERT INTO Bill_Detail (billid, productid, quantity) VALUES (176, 47, 3);
INSERT INTO Ticket (movieshowid, seatid, billid, ticketprice, status, bookingchannel) VALUES (34, 853, 176, 80000, 'Đã thanh toán', 'Quầy');
INSERT INTO Bill (customerid, staffid, discountamount, totalamount) VALUES (338, 15, 20000, 634000);
INSERT INTO Payment (billid, paymenttype) VALUES (177, 'Tiền mặt');
INSERT INTO Bill_Detail (billid, productid, quantity) VALUES (177, 44, 1);
INSERT INTO Bill_Detail (billid, productid, quantity) VALUES (177, 29, 2);
INSERT INTO Ticket (movieshowid, seatid, billid, ticketprice, status, bookingchannel) VALUES (396, 1175, 177, 80000, 'Đã thanh toán', 'Quầy');
INSERT INTO Bill (customerid, staffid, discountamount, totalamount) VALUES (335, 77, 0, 439000);
INSERT INTO Payment (billid, paymenttype) VALUES (178, 'MoMo');
INSERT INTO Bill_Detail (billid, productid, quantity) VALUES (178, 14, 3);
INSERT INTO Ticket (movieshowid, seatid, billid, ticketprice, status, bookingchannel) VALUES (33, 112, 178, 80000, 'Đã thanh toán', 'Quầy');
INSERT INTO Bill (customerid, staffid, discountamount, totalamount) VALUES (337, 134, 10000, 209000);
INSERT INTO Payment (billid, paymenttype) VALUES (179, 'MoMo');
INSERT INTO Bill_Detail (billid, productid, quantity) VALUES (179, 11, 1);
INSERT INTO Bill_Detail (billid, productid, quantity) VALUES (179, 12, 3);
INSERT INTO Ticket (movieshowid, seatid, billid, ticketprice, status, bookingchannel) VALUES (419, 280, 179, 80000, 'Đã thanh toán', 'App');
INSERT INTO Bill (customerid, staffid, discountamount, totalamount) VALUES (149, 44, 20000, 177000);
INSERT INTO Payment (billid, paymenttype) VALUES (180, 'Thẻ');
INSERT INTO Bill_Detail (billid, productid, quantity) VALUES (180, 35, 2);
INSERT INTO Bill_Detail (billid, productid, quantity) VALUES (180, 6, 1);
INSERT INTO Ticket (movieshowid, seatid, billid, ticketprice, status, bookingchannel) VALUES (227, 1156, 180, 80000, 'Đã thanh toán', 'Quầy');
INSERT INTO Bill (customerid, staffid, discountamount, totalamount) VALUES (107, 22, 10000, 779000);
INSERT INTO Payment (billid, paymenttype) VALUES (181, 'Thẻ');
INSERT INTO Bill_Detail (billid, productid, quantity) VALUES (181, 18, 3);
INSERT INTO Ticket (movieshowid, seatid, billid, ticketprice, status, bookingchannel) VALUES (417, 638, 181, 80000, 'Đã thanh toán', 'App');
INSERT INTO Bill (customerid, staffid, discountamount, totalamount) VALUES (231, 41, 10000, 473000);
INSERT INTO Payment (billid, paymenttype) VALUES (182, 'Thẻ');
INSERT INTO Bill_Detail (billid, productid, quantity) VALUES (182, 32, 3);
INSERT INTO Ticket (movieshowid, seatid, billid, ticketprice, status, bookingchannel) VALUES (252, 279, 182, 60000, 'Đã thanh toán', 'Quầy');
INSERT INTO Bill (customerid, staffid, discountamount, totalamount) VALUES (459, 86, 20000, 738000);
INSERT INTO Payment (billid, paymenttype) VALUES (183, 'MoMo');
INSERT INTO Bill_Detail (billid, productid, quantity) VALUES (183, 6, 1);
INSERT INTO Ticket (movieshowid, seatid, billid, ticketprice, status, bookingchannel) VALUES (32, 695, 183, 60000, 'Đã thanh toán', 'App');
INSERT INTO Bill (customerid, staffid, discountamount, totalamount) VALUES (369, 82, 20000, 974000);
INSERT INTO Payment (billid, paymenttype) VALUES (184, 'Thẻ');
INSERT INTO Bill_Detail (billid, productid, quantity) VALUES (184, 25, 3);
INSERT INTO Ticket (movieshowid, seatid, billid, ticketprice, status, bookingchannel) VALUES (326, 878, 184, 80000, 'Đã thanh toán', 'Quầy');
INSERT INTO Bill (customerid, staffid, discountamount, totalamount) VALUES (57, 41, 10000, 752000);
INSERT INTO Payment (billid, paymenttype) VALUES (185, 'Tiền mặt');
INSERT INTO Bill_Detail (billid, productid, quantity) VALUES (185, 29, 3);
INSERT INTO Bill_Detail (billid, productid, quantity) VALUES (185, 1, 3);
INSERT INTO Ticket (movieshowid, seatid, billid, ticketprice, status, bookingchannel) VALUES (294, 1130, 185, 80000, 'Đã thanh toán', 'Quầy');
INSERT INTO Bill (customerid, staffid, discountamount, totalamount) VALUES (130, 9, 0, 179000);
INSERT INTO Payment (billid, paymenttype) VALUES (186, 'MoMo');
INSERT INTO Bill_Detail (billid, productid, quantity) VALUES (186, 45, 2);
INSERT INTO Ticket (movieshowid, seatid, billid, ticketprice, status, bookingchannel) VALUES (242, 419, 186, 80000, 'Đã thanh toán', 'App');
INSERT INTO Bill (customerid, staffid, discountamount, totalamount) VALUES (184, 149, 10000, 393000);
INSERT INTO Payment (billid, paymenttype) VALUES (187, 'Thẻ');
INSERT INTO Bill_Detail (billid, productid, quantity) VALUES (187, 18, 3);
INSERT INTO Bill_Detail (billid, productid, quantity) VALUES (187, 7, 3);
INSERT INTO Ticket (movieshowid, seatid, billid, ticketprice, status, bookingchannel) VALUES (332, 743, 187, 80000, 'Đã thanh toán', 'Quầy');
INSERT INTO Bill (customerid, staffid, discountamount, totalamount) VALUES (419, 41, 10000, 299000);
INSERT INTO Payment (billid, paymenttype) VALUES (188, 'Tiền mặt');
INSERT INTO Bill_Detail (billid, productid, quantity) VALUES (188, 21, 2);
INSERT INTO Bill_Detail (billid, productid, quantity) VALUES (188, 15, 2);
INSERT INTO Ticket (movieshowid, seatid, billid, ticketprice, status, bookingchannel) VALUES (437, 273, 188, 60000, 'Đã thanh toán', 'Quầy');
INSERT INTO Bill (customerid, staffid, discountamount, totalamount) VALUES (51, 90, 0, 595000);
INSERT INTO Payment (billid, paymenttype) VALUES (189, 'Thẻ');
INSERT INTO Bill_Detail (billid, productid, quantity) VALUES (189, 36, 1);
INSERT INTO Ticket (movieshowid, seatid, billid, ticketprice, status, bookingchannel) VALUES (167, 139, 189, 60000, 'Đã thanh toán', 'App');
INSERT INTO Bill (customerid, staffid, discountamount, totalamount) VALUES (271, 135, 10000, 375000);
INSERT INTO Payment (billid, paymenttype) VALUES (190, 'MoMo');
INSERT INTO Bill_Detail (billid, productid, quantity) VALUES (190, 23, 2);
INSERT INTO Ticket (movieshowid, seatid, billid, ticketprice, status, bookingchannel) VALUES (394, 58, 190, 60000, 'Đã thanh toán', 'App');
INSERT INTO Bill (customerid, staffid, discountamount, totalamount) VALUES (304, 30, 0, 325000);
INSERT INTO Payment (billid, paymenttype) VALUES (191, 'Tiền mặt');
INSERT INTO Bill_Detail (billid, productid, quantity) VALUES (191, 8, 1);
INSERT INTO Ticket (movieshowid, seatid, billid, ticketprice, status, bookingchannel) VALUES (114, 188, 191, 60000, 'Đã thanh toán', 'Quầy');
INSERT INTO Bill (customerid, staffid, discountamount, totalamount) VALUES (281, 50, 0, 886000);
INSERT INTO Payment (billid, paymenttype) VALUES (192, 'MoMo');
INSERT INTO Bill_Detail (billid, productid, quantity) VALUES (192, 47, 3);
INSERT INTO Bill_Detail (billid, productid, quantity) VALUES (192, 34, 2);
INSERT INTO Ticket (movieshowid, seatid, billid, ticketprice, status, bookingchannel) VALUES (129, 599, 192, 80000, 'Đã thanh toán', 'Quầy');
INSERT INTO Bill (customerid, staffid, discountamount, totalamount) VALUES (174, 134, 0, 103000);
INSERT INTO Payment (billid, paymenttype) VALUES (193, 'MoMo');
INSERT INTO Bill_Detail (billid, productid, quantity) VALUES (193, 26, 3);
INSERT INTO Ticket (movieshowid, seatid, billid, ticketprice, status, bookingchannel) VALUES (153, 536, 193, 80000, 'Đã thanh toán', 'Quầy');
INSERT INTO Bill (customerid, staffid, discountamount, totalamount) VALUES (221, 76, 0, 480000);
INSERT INTO Payment (billid, paymenttype) VALUES (194, 'MoMo');
INSERT INTO Bill_Detail (billid, productid, quantity) VALUES (194, 47, 1);
INSERT INTO Bill_Detail (billid, productid, quantity) VALUES (194, 48, 3);
INSERT INTO Ticket (movieshowid, seatid, billid, ticketprice, status, bookingchannel) VALUES (166, 812, 194, 60000, 'Đã thanh toán', 'App');
INSERT INTO Bill (customerid, staffid, discountamount, totalamount) VALUES (297, 31, 10000, 180000);
INSERT INTO Payment (billid, paymenttype) VALUES (195, 'Thẻ');
INSERT INTO Bill_Detail (billid, productid, quantity) VALUES (195, 43, 3);
INSERT INTO Bill_Detail (billid, productid, quantity) VALUES (195, 31, 2);
INSERT INTO Ticket (movieshowid, seatid, billid, ticketprice, status, bookingchannel) VALUES (45, 842, 195, 60000, 'Đã thanh toán', 'Quầy');
INSERT INTO Bill (customerid, staffid, discountamount, totalamount) VALUES (107, 123, 10000, 842000);
INSERT INTO Payment (billid, paymenttype) VALUES (196, 'Tiền mặt');
INSERT INTO Bill_Detail (billid, productid, quantity) VALUES (196, 11, 1);
INSERT INTO Ticket (movieshowid, seatid, billid, ticketprice, status, bookingchannel) VALUES (418, 242, 196, 80000, 'Đã thanh toán', 'Quầy');
INSERT INTO Bill (customerid, staffid, discountamount, totalamount) VALUES (37, 122, 20000, 731000);
INSERT INTO Payment (billid, paymenttype) VALUES (197, 'Thẻ');
INSERT INTO Bill_Detail (billid, productid, quantity) VALUES (197, 15, 2);
INSERT INTO Bill_Detail (billid, productid, quantity) VALUES (197, 41, 2);
INSERT INTO Ticket (movieshowid, seatid, billid, ticketprice, status, bookingchannel) VALUES (132, 624, 197, 60000, 'Đã thanh toán', 'App');
INSERT INTO Bill (customerid, staffid, discountamount, totalamount) VALUES (117, 66, 10000, 203000);
INSERT INTO Payment (billid, paymenttype) VALUES (198, 'MoMo');
INSERT INTO Bill_Detail (billid, productid, quantity) VALUES (198, 9, 3);
INSERT INTO Ticket (movieshowid, seatid, billid, ticketprice, status, bookingchannel) VALUES (245, 370, 198, 60000, 'Đã thanh toán', 'App');
INSERT INTO Bill (customerid, staffid, discountamount, totalamount) VALUES (109, 103, 10000, 557000);
INSERT INTO Payment (billid, paymenttype) VALUES (199, 'Tiền mặt');
INSERT INTO Bill_Detail (billid, productid, quantity) VALUES (199, 1, 1);
INSERT INTO Bill_Detail (billid, productid, quantity) VALUES (199, 3, 1);
INSERT INTO Ticket (movieshowid, seatid, billid, ticketprice, status, bookingchannel) VALUES (164, 505, 199, 80000, 'Đã thanh toán', 'App');
INSERT INTO Bill (customerid, staffid, discountamount, totalamount) VALUES (61, 146, 0, 910000);
INSERT INTO Payment (billid, paymenttype) VALUES (200, 'Tiền mặt');
INSERT INTO Bill_Detail (billid, productid, quantity) VALUES (200, 8, 3);
INSERT INTO Ticket (movieshowid, seatid, billid, ticketprice, status, bookingchannel) VALUES (8, 1034, 200, 80000, 'Đã thanh toán', 'Quầy');
INSERT INTO Bill (customerid, staffid, discountamount, totalamount) VALUES (66, 24, 20000, 472000);
INSERT INTO Payment (billid, paymenttype) VALUES (201, 'MoMo');
INSERT INTO Bill_Detail (billid, productid, quantity) VALUES (201, 7, 2);
INSERT INTO Bill_Detail (billid, productid, quantity) VALUES (201, 34, 3);
INSERT INTO Ticket (movieshowid, seatid, billid, ticketprice, status, bookingchannel) VALUES (166, 205, 201, 60000, 'Đã thanh toán', 'Quầy');
INSERT INTO Bill (customerid, staffid, discountamount, totalamount) VALUES (48, 14, 20000, 454000);
INSERT INTO Payment (billid, paymenttype) VALUES (202, 'MoMo');
INSERT INTO Bill_Detail (billid, productid, quantity) VALUES (202, 41, 2);
INSERT INTO Bill_Detail (billid, productid, quantity) VALUES (202, 13, 3);
INSERT INTO Ticket (movieshowid, seatid, billid, ticketprice, status, bookingchannel) VALUES (61, 210, 202, 60000, 'Đã thanh toán', 'App');
INSERT INTO Bill (customerid, staffid, discountamount, totalamount) VALUES (68, 14, 20000, 203000);
INSERT INTO Payment (billid, paymenttype) VALUES (203, 'MoMo');
INSERT INTO Bill_Detail (billid, productid, quantity) VALUES (203, 3, 2);
INSERT INTO Ticket (movieshowid, seatid, billid, ticketprice, status, bookingchannel) VALUES (461, 733, 203, 60000, 'Đã thanh toán', 'Quầy');
INSERT INTO Bill (customerid, staffid, discountamount, totalamount) VALUES (53, 7, 10000, 476000);
INSERT INTO Payment (billid, paymenttype) VALUES (204, 'MoMo');
INSERT INTO Bill_Detail (billid, productid, quantity) VALUES (204, 29, 1);
INSERT INTO Bill_Detail (billid, productid, quantity) VALUES (204, 36, 3);
INSERT INTO Ticket (movieshowid, seatid, billid, ticketprice, status, bookingchannel) VALUES (485, 1016, 204, 60000, 'Đã thanh toán', 'App');
INSERT INTO Bill (customerid, staffid, discountamount, totalamount) VALUES (247, 56, 10000, 737000);
INSERT INTO Payment (billid, paymenttype) VALUES (205, 'Tiền mặt');
INSERT INTO Bill_Detail (billid, productid, quantity) VALUES (205, 1, 3);
INSERT INTO Ticket (movieshowid, seatid, billid, ticketprice, status, bookingchannel) VALUES (294, 677, 205, 60000, 'Đã thanh toán', 'Quầy');
INSERT INTO Bill (customerid, staffid, discountamount, totalamount) VALUES (478, 86, 0, 980000);
INSERT INTO Payment (billid, paymenttype) VALUES (206, 'MoMo');
INSERT INTO Bill_Detail (billid, productid, quantity) VALUES (206, 31, 3);
INSERT INTO Ticket (movieshowid, seatid, billid, ticketprice, status, bookingchannel) VALUES (303, 458, 206, 80000, 'Đã thanh toán', 'Quầy');
INSERT INTO Bill (customerid, staffid, discountamount, totalamount) VALUES (346, 70, 20000, 867000);
INSERT INTO Payment (billid, paymenttype) VALUES (207, 'MoMo');
INSERT INTO Bill_Detail (billid, productid, quantity) VALUES (207, 50, 3);
INSERT INTO Ticket (movieshowid, seatid, billid, ticketprice, status, bookingchannel) VALUES (113, 899, 207, 60000, 'Đã thanh toán', 'Quầy');
INSERT INTO Bill (customerid, staffid, discountamount, totalamount) VALUES (415, 27, 10000, 985000);
INSERT INTO Payment (billid, paymenttype) VALUES (208, 'Thẻ');
INSERT INTO Bill_Detail (billid, productid, quantity) VALUES (208, 47, 3);
INSERT INTO Ticket (movieshowid, seatid, billid, ticketprice, status, bookingchannel) VALUES (215, 762, 208, 80000, 'Đã thanh toán', 'App');
INSERT INTO Bill (customerid, staffid, discountamount, totalamount) VALUES (66, 90, 0, 312000);
INSERT INTO Payment (billid, paymenttype) VALUES (209, 'Thẻ');
INSERT INTO Bill_Detail (billid, productid, quantity) VALUES (209, 17, 3);
INSERT INTO Ticket (movieshowid, seatid, billid, ticketprice, status, bookingchannel) VALUES (398, 10, 209, 80000, 'Đã thanh toán', 'App');
INSERT INTO Bill (customerid, staffid, discountamount, totalamount) VALUES (123, 32, 20000, 713000);
INSERT INTO Payment (billid, paymenttype) VALUES (210, 'Thẻ');
INSERT INTO Bill_Detail (billid, productid, quantity) VALUES (210, 27, 1);
INSERT INTO Bill_Detail (billid, productid, quantity) VALUES (210, 20, 1);
INSERT INTO Ticket (movieshowid, seatid, billid, ticketprice, status, bookingchannel) VALUES (296, 203, 210, 60000, 'Đã thanh toán', 'App');
INSERT INTO Bill (customerid, staffid, discountamount, totalamount) VALUES (270, 131, 0, 680000);
INSERT INTO Payment (billid, paymenttype) VALUES (211, 'Tiền mặt');
INSERT INTO Bill_Detail (billid, productid, quantity) VALUES (211, 37, 3);
INSERT INTO Bill_Detail (billid, productid, quantity) VALUES (211, 23, 1);
INSERT INTO Ticket (movieshowid, seatid, billid, ticketprice, status, bookingchannel) VALUES (188, 1151, 211, 60000, 'Đã thanh toán', 'App');
INSERT INTO Bill (customerid, staffid, discountamount, totalamount) VALUES (457, 147, 10000, 585000);
INSERT INTO Payment (billid, paymenttype) VALUES (212, 'Tiền mặt');
INSERT INTO Bill_Detail (billid, productid, quantity) VALUES (212, 9, 1);
INSERT INTO Bill_Detail (billid, productid, quantity) VALUES (212, 27, 2);
INSERT INTO Ticket (movieshowid, seatid, billid, ticketprice, status, bookingchannel) VALUES (254, 127, 212, 80000, 'Đã thanh toán', 'App');
INSERT INTO Bill (customerid, staffid, discountamount, totalamount) VALUES (429, 107, 20000, 983000);
INSERT INTO Payment (billid, paymenttype) VALUES (213, 'Thẻ');
INSERT INTO Bill_Detail (billid, productid, quantity) VALUES (213, 38, 3);
INSERT INTO Bill_Detail (billid, productid, quantity) VALUES (213, 33, 3);
INSERT INTO Ticket (movieshowid, seatid, billid, ticketprice, status, bookingchannel) VALUES (194, 85, 213, 60000, 'Đã thanh toán', 'Quầy');
INSERT INTO Bill (customerid, staffid, discountamount, totalamount) VALUES (425, 103, 20000, 138000);
INSERT INTO Payment (billid, paymenttype) VALUES (214, 'MoMo');
INSERT INTO Bill_Detail (billid, productid, quantity) VALUES (214, 15, 2);
INSERT INTO Ticket (movieshowid, seatid, billid, ticketprice, status, bookingchannel) VALUES (371, 718, 214, 60000, 'Đã thanh toán', 'App');
INSERT INTO Bill (customerid, staffid, discountamount, totalamount) VALUES (80, 39, 20000, 460000);
INSERT INTO Payment (billid, paymenttype) VALUES (215, 'Thẻ');
INSERT INTO Bill_Detail (billid, productid, quantity) VALUES (215, 5, 1);
INSERT INTO Bill_Detail (billid, productid, quantity) VALUES (215, 11, 2);
INSERT INTO Ticket (movieshowid, seatid, billid, ticketprice, status, bookingchannel) VALUES (310, 830, 215, 80000, 'Đã thanh toán', 'Quầy');
INSERT INTO Bill (customerid, staffid, discountamount, totalamount) VALUES (267, 85, 20000, 422000);
INSERT INTO Payment (billid, paymenttype) VALUES (216, 'Tiền mặt');
INSERT INTO Bill_Detail (billid, productid, quantity) VALUES (216, 21, 3);
INSERT INTO Ticket (movieshowid, seatid, billid, ticketprice, status, bookingchannel) VALUES (355, 971, 216, 60000, 'Đã thanh toán', 'App');
INSERT INTO Bill (customerid, staffid, discountamount, totalamount) VALUES (389, 39, 10000, 736000);
INSERT INTO Payment (billid, paymenttype) VALUES (217, 'Tiền mặt');
INSERT INTO Bill_Detail (billid, productid, quantity) VALUES (217, 50, 1);
INSERT INTO Bill_Detail (billid, productid, quantity) VALUES (217, 48, 2);
INSERT INTO Ticket (movieshowid, seatid, billid, ticketprice, status, bookingchannel) VALUES (261, 772, 217, 60000, 'Đã thanh toán', 'App');
INSERT INTO Bill (customerid, staffid, discountamount, totalamount) VALUES (131, 98, 20000, 565000);
INSERT INTO Payment (billid, paymenttype) VALUES (218, 'MoMo');
INSERT INTO Bill_Detail (billid, productid, quantity) VALUES (218, 7, 3);
INSERT INTO Bill_Detail (billid, productid, quantity) VALUES (218, 27, 3);
INSERT INTO Ticket (movieshowid, seatid, billid, ticketprice, status, bookingchannel) VALUES (2, 707, 218, 60000, 'Đã thanh toán', 'App');
INSERT INTO Bill (customerid, staffid, discountamount, totalamount) VALUES (230, 46, 10000, 908000);
INSERT INTO Payment (billid, paymenttype) VALUES (219, 'MoMo');
INSERT INTO Bill_Detail (billid, productid, quantity) VALUES (219, 19, 3);
INSERT INTO Bill_Detail (billid, productid, quantity) VALUES (219, 39, 2);
INSERT INTO Ticket (movieshowid, seatid, billid, ticketprice, status, bookingchannel) VALUES (472, 962, 219, 60000, 'Đã thanh toán', 'Quầy');
INSERT INTO Bill (customerid, staffid, discountamount, totalamount) VALUES (414, 61, 10000, 886000);
INSERT INTO Payment (billid, paymenttype) VALUES (220, 'MoMo');
INSERT INTO Bill_Detail (billid, productid, quantity) VALUES (220, 37, 3);
INSERT INTO Ticket (movieshowid, seatid, billid, ticketprice, status, bookingchannel) VALUES (204, 946, 220, 60000, 'Đã thanh toán', 'Quầy');
INSERT INTO Bill (customerid, staffid, discountamount, totalamount) VALUES (375, 137, 10000, 668000);
INSERT INTO Payment (billid, paymenttype) VALUES (221, 'Thẻ');
INSERT INTO Bill_Detail (billid, productid, quantity) VALUES (221, 1, 2);
INSERT INTO Bill_Detail (billid, productid, quantity) VALUES (221, 27, 1);
INSERT INTO Ticket (movieshowid, seatid, billid, ticketprice, status, bookingchannel) VALUES (373, 939, 221, 80000, 'Đã thanh toán', 'App');
INSERT INTO Bill (customerid, staffid, discountamount, totalamount) VALUES (154, 88, 20000, 487000);
INSERT INTO Payment (billid, paymenttype) VALUES (222, 'Tiền mặt');
INSERT INTO Bill_Detail (billid, productid, quantity) VALUES (222, 36, 2);
INSERT INTO Bill_Detail (billid, productid, quantity) VALUES (222, 6, 3);
INSERT INTO Ticket (movieshowid, seatid, billid, ticketprice, status, bookingchannel) VALUES (145, 1138, 222, 60000, 'Đã thanh toán', 'Quầy');
INSERT INTO Bill (customerid, staffid, discountamount, totalamount) VALUES (490, 123, 10000, 292000);
INSERT INTO Payment (billid, paymenttype) VALUES (223, 'Thẻ');
INSERT INTO Bill_Detail (billid, productid, quantity) VALUES (223, 21, 3);
INSERT INTO Bill_Detail (billid, productid, quantity) VALUES (223, 1, 1);
INSERT INTO Ticket (movieshowid, seatid, billid, ticketprice, status, bookingchannel) VALUES (207, 901, 223, 60000, 'Đã thanh toán', 'App');
INSERT INTO Bill (customerid, staffid, discountamount, totalamount) VALUES (10, 150, 20000, 349000);
INSERT INTO Payment (billid, paymenttype) VALUES (224, 'Thẻ');
INSERT INTO Bill_Detail (billid, productid, quantity) VALUES (224, 18, 3);
INSERT INTO Bill_Detail (billid, productid, quantity) VALUES (224, 15, 3);
INSERT INTO Ticket (movieshowid, seatid, billid, ticketprice, status, bookingchannel) VALUES (323, 771, 224, 60000, 'Đã thanh toán', 'Quầy');
INSERT INTO Bill (customerid, staffid, discountamount, totalamount) VALUES (418, 117, 10000, 942000);
INSERT INTO Payment (billid, paymenttype) VALUES (225, 'MoMo');
INSERT INTO Bill_Detail (billid, productid, quantity) VALUES (225, 27, 2);
INSERT INTO Bill_Detail (billid, productid, quantity) VALUES (225, 34, 2);
INSERT INTO Ticket (movieshowid, seatid, billid, ticketprice, status, bookingchannel) VALUES (293, 133, 225, 60000, 'Đã thanh toán', 'Quầy');
INSERT INTO Bill (customerid, staffid, discountamount, totalamount) VALUES (192, 85, 0, 113000);
INSERT INTO Payment (billid, paymenttype) VALUES (226, 'Tiền mặt');
INSERT INTO Bill_Detail (billid, productid, quantity) VALUES (226, 10, 1);
INSERT INTO Ticket (movieshowid, seatid, billid, ticketprice, status, bookingchannel) VALUES (7, 844, 226, 80000, 'Đã thanh toán', 'App');
INSERT INTO Bill (customerid, staffid, discountamount, totalamount) VALUES (148, 82, 10000, 887000);
INSERT INTO Payment (billid, paymenttype) VALUES (227, 'Tiền mặt');
INSERT INTO Bill_Detail (billid, productid, quantity) VALUES (227, 2, 1);
INSERT INTO Bill_Detail (billid, productid, quantity) VALUES (227, 33, 1);
INSERT INTO Ticket (movieshowid, seatid, billid, ticketprice, status, bookingchannel) VALUES (437, 30, 227, 60000, 'Đã thanh toán', 'Quầy');
INSERT INTO Bill (customerid, staffid, discountamount, totalamount) VALUES (197, 147, 0, 432000);
INSERT INTO Payment (billid, paymenttype) VALUES (228, 'Tiền mặt');
INSERT INTO Bill_Detail (billid, productid, quantity) VALUES (228, 49, 1);
INSERT INTO Bill_Detail (billid, productid, quantity) VALUES (228, 5, 1);
INSERT INTO Ticket (movieshowid, seatid, billid, ticketprice, status, bookingchannel) VALUES (122, 1126, 228, 80000, 'Đã thanh toán', 'App');
INSERT INTO Bill (customerid, staffid, discountamount, totalamount) VALUES (218, 92, 10000, 723000);
INSERT INTO Payment (billid, paymenttype) VALUES (229, 'MoMo');
INSERT INTO Bill_Detail (billid, productid, quantity) VALUES (229, 38, 2);
INSERT INTO Bill_Detail (billid, productid, quantity) VALUES (229, 32, 3);
INSERT INTO Ticket (movieshowid, seatid, billid, ticketprice, status, bookingchannel) VALUES (340, 650, 229, 80000, 'Đã thanh toán', 'App');
INSERT INTO Bill (customerid, staffid, discountamount, totalamount) VALUES (487, 5, 20000, 981000);
INSERT INTO Payment (billid, paymenttype) VALUES (230, 'Thẻ');
INSERT INTO Bill_Detail (billid, productid, quantity) VALUES (230, 19, 3);
INSERT INTO Ticket (movieshowid, seatid, billid, ticketprice, status, bookingchannel) VALUES (210, 784, 230, 80000, 'Đã thanh toán', 'App');
INSERT INTO Bill (customerid, staffid, discountamount, totalamount) VALUES (89, 67, 10000, 416000);
INSERT INTO Payment (billid, paymenttype) VALUES (231, 'MoMo');
INSERT INTO Bill_Detail (billid, productid, quantity) VALUES (231, 1, 1);
INSERT INTO Ticket (movieshowid, seatid, billid, ticketprice, status, bookingchannel) VALUES (42, 543, 231, 60000, 'Đã thanh toán', 'App');
INSERT INTO Bill (customerid, staffid, discountamount, totalamount) VALUES (71, 123, 20000, 836000);
INSERT INTO Payment (billid, paymenttype) VALUES (232, 'Tiền mặt');
INSERT INTO Bill_Detail (billid, productid, quantity) VALUES (232, 28, 1);
INSERT INTO Bill_Detail (billid, productid, quantity) VALUES (232, 25, 3);
INSERT INTO Ticket (movieshowid, seatid, billid, ticketprice, status, bookingchannel) VALUES (316, 1052, 232, 60000, 'Đã thanh toán', 'App');
INSERT INTO Bill (customerid, staffid, discountamount, totalamount) VALUES (83, 23, 0, 380000);
INSERT INTO Payment (billid, paymenttype) VALUES (233, 'MoMo');
INSERT INTO Bill_Detail (billid, productid, quantity) VALUES (233, 45, 2);
INSERT INTO Bill_Detail (billid, productid, quantity) VALUES (233, 50, 2);
INSERT INTO Ticket (movieshowid, seatid, billid, ticketprice, status, bookingchannel) VALUES (318, 1119, 233, 80000, 'Đã thanh toán', 'Quầy');
INSERT INTO Bill (customerid, staffid, discountamount, totalamount) VALUES (2, 35, 10000, 461000);
INSERT INTO Payment (billid, paymenttype) VALUES (234, 'MoMo');
INSERT INTO Bill_Detail (billid, productid, quantity) VALUES (234, 6, 3);
INSERT INTO Ticket (movieshowid, seatid, billid, ticketprice, status, bookingchannel) VALUES (17, 473, 234, 80000, 'Đã thanh toán', 'Quầy');
INSERT INTO Bill (customerid, staffid, discountamount, totalamount) VALUES (363, 139, 0, 318000);
INSERT INTO Payment (billid, paymenttype) VALUES (235, 'MoMo');
INSERT INTO Bill_Detail (billid, productid, quantity) VALUES (235, 36, 2);
INSERT INTO Bill_Detail (billid, productid, quantity) VALUES (235, 3, 3);
INSERT INTO Ticket (movieshowid, seatid, billid, ticketprice, status, bookingchannel) VALUES (462, 612, 235, 80000, 'Đã thanh toán', 'Quầy');
INSERT INTO Bill (customerid, staffid, discountamount, totalamount) VALUES (29, 141, 10000, 296000);
INSERT INTO Payment (billid, paymenttype) VALUES (236, 'Thẻ');
INSERT INTO Bill_Detail (billid, productid, quantity) VALUES (236, 19, 1);
INSERT INTO Bill_Detail (billid, productid, quantity) VALUES (236, 17, 2);
INSERT INTO Ticket (movieshowid, seatid, billid, ticketprice, status, bookingchannel) VALUES (295, 753, 236, 80000, 'Đã thanh toán', 'Quầy');
INSERT INTO Bill (customerid, staffid, discountamount, totalamount) VALUES (142, 78, 0, 460000);
INSERT INTO Payment (billid, paymenttype) VALUES (237, 'Thẻ');
INSERT INTO Bill_Detail (billid, productid, quantity) VALUES (237, 27, 3);
INSERT INTO Ticket (movieshowid, seatid, billid, ticketprice, status, bookingchannel) VALUES (247, 58, 237, 60000, 'Đã thanh toán', 'App');
INSERT INTO Bill (customerid, staffid, discountamount, totalamount) VALUES (134, 85, 10000, 368000);
INSERT INTO Payment (billid, paymenttype) VALUES (238, 'Thẻ');
INSERT INTO Bill_Detail (billid, productid, quantity) VALUES (238, 41, 3);
INSERT INTO Ticket (movieshowid, seatid, billid, ticketprice, status, bookingchannel) VALUES (27, 730, 238, 80000, 'Đã thanh toán', 'Quầy');
INSERT INTO Bill (customerid, staffid, discountamount, totalamount) VALUES (355, 149, 0, 169000);
INSERT INTO Payment (billid, paymenttype) VALUES (239, 'Thẻ');
INSERT INTO Bill_Detail (billid, productid, quantity) VALUES (239, 4, 1);
INSERT INTO Ticket (movieshowid, seatid, billid, ticketprice, status, bookingchannel) VALUES (173, 59, 239, 80000, 'Đã thanh toán', 'Quầy');
INSERT INTO Bill (customerid, staffid, discountamount, totalamount) VALUES (414, 102, 10000, 196000);
INSERT INTO Payment (billid, paymenttype) VALUES (240, 'Tiền mặt');
INSERT INTO Bill_Detail (billid, productid, quantity) VALUES (240, 9, 2);
INSERT INTO Ticket (movieshowid, seatid, billid, ticketprice, status, bookingchannel) VALUES (355, 893, 240, 80000, 'Đã thanh toán', 'App');
INSERT INTO Bill (customerid, staffid, discountamount, totalamount) VALUES (5, 109, 10000, 128000);
INSERT INTO Payment (billid, paymenttype) VALUES (241, 'Thẻ');
INSERT INTO Bill_Detail (billid, productid, quantity) VALUES (241, 27, 3);
INSERT INTO Bill_Detail (billid, productid, quantity) VALUES (241, 29, 1);
INSERT INTO Ticket (movieshowid, seatid, billid, ticketprice, status, bookingchannel) VALUES (74, 758, 241, 60000, 'Đã thanh toán', 'Quầy');
INSERT INTO Bill (customerid, staffid, discountamount, totalamount) VALUES (206, 84, 20000, 373000);
INSERT INTO Payment (billid, paymenttype) VALUES (242, 'MoMo');
INSERT INTO Bill_Detail (billid, productid, quantity) VALUES (242, 33, 2);
INSERT INTO Bill_Detail (billid, productid, quantity) VALUES (242, 14, 1);
INSERT INTO Ticket (movieshowid, seatid, billid, ticketprice, status, bookingchannel) VALUES (182, 513, 242, 60000, 'Đã thanh toán', 'App');
INSERT INTO Bill (customerid, staffid, discountamount, totalamount) VALUES (65, 44, 10000, 380000);
INSERT INTO Payment (billid, paymenttype) VALUES (243, 'Tiền mặt');
INSERT INTO Bill_Detail (billid, productid, quantity) VALUES (243, 44, 3);
INSERT INTO Ticket (movieshowid, seatid, billid, ticketprice, status, bookingchannel) VALUES (257, 513, 243, 60000, 'Đã thanh toán', 'App');
INSERT INTO Bill (customerid, staffid, discountamount, totalamount) VALUES (341, 94, 10000, 428000);
INSERT INTO Payment (billid, paymenttype) VALUES (244, 'Tiền mặt');
INSERT INTO Bill_Detail (billid, productid, quantity) VALUES (244, 9, 1);
INSERT INTO Ticket (movieshowid, seatid, billid, ticketprice, status, bookingchannel) VALUES (244, 497, 244, 60000, 'Đã thanh toán', 'Quầy');
INSERT INTO Bill (customerid, staffid, discountamount, totalamount) VALUES (413, 145, 10000, 929000);
INSERT INTO Payment (billid, paymenttype) VALUES (245, 'MoMo');
INSERT INTO Bill_Detail (billid, productid, quantity) VALUES (245, 19, 2);
INSERT INTO Ticket (movieshowid, seatid, billid, ticketprice, status, bookingchannel) VALUES (79, 88, 245, 80000, 'Đã thanh toán', 'Quầy');
INSERT INTO Bill (customerid, staffid, discountamount, totalamount) VALUES (353, 11, 10000, 175000);
INSERT INTO Payment (billid, paymenttype) VALUES (246, 'Thẻ');
INSERT INTO Bill_Detail (billid, productid, quantity) VALUES (246, 34, 3);
INSERT INTO Bill_Detail (billid, productid, quantity) VALUES (246, 7, 2);
INSERT INTO Ticket (movieshowid, seatid, billid, ticketprice, status, bookingchannel) VALUES (266, 396, 246, 80000, 'Đã thanh toán', 'Quầy');
INSERT INTO Bill (customerid, staffid, discountamount, totalamount) VALUES (425, 64, 10000, 361000);
INSERT INTO Payment (billid, paymenttype) VALUES (247, 'Tiền mặt');
INSERT INTO Bill_Detail (billid, productid, quantity) VALUES (247, 49, 3);
INSERT INTO Bill_Detail (billid, productid, quantity) VALUES (247, 34, 2);
INSERT INTO Ticket (movieshowid, seatid, billid, ticketprice, status, bookingchannel) VALUES (480, 478, 247, 60000, 'Đã thanh toán', 'App');
INSERT INTO Bill (customerid, staffid, discountamount, totalamount) VALUES (494, 108, 20000, 991000);
INSERT INTO Payment (billid, paymenttype) VALUES (248, 'MoMo');
INSERT INTO Bill_Detail (billid, productid, quantity) VALUES (248, 33, 1);
INSERT INTO Ticket (movieshowid, seatid, billid, ticketprice, status, bookingchannel) VALUES (171, 459, 248, 80000, 'Đã thanh toán', 'App');
INSERT INTO Bill (customerid, staffid, discountamount, totalamount) VALUES (112, 113, 10000, 150000);
INSERT INTO Payment (billid, paymenttype) VALUES (249, 'Thẻ');
INSERT INTO Bill_Detail (billid, productid, quantity) VALUES (249, 5, 1);
INSERT INTO Bill_Detail (billid, productid, quantity) VALUES (249, 4, 1);
INSERT INTO Ticket (movieshowid, seatid, billid, ticketprice, status, bookingchannel) VALUES (100, 211, 249, 60000, 'Đã thanh toán', 'App');
INSERT INTO Bill (customerid, staffid, discountamount, totalamount) VALUES (278, 33, 10000, 704000);
INSERT INTO Payment (billid, paymenttype) VALUES (250, 'MoMo');
INSERT INTO Bill_Detail (billid, productid, quantity) VALUES (250, 45, 3);
INSERT INTO Ticket (movieshowid, seatid, billid, ticketprice, status, bookingchannel) VALUES (16, 621, 250, 80000, 'Đã thanh toán', 'Quầy');
INSERT INTO Bill (customerid, staffid, discountamount, totalamount) VALUES (82, 14, 0, 438000);
INSERT INTO Payment (billid, paymenttype) VALUES (251, 'Tiền mặt');
INSERT INTO Bill_Detail (billid, productid, quantity) VALUES (251, 8, 2);
INSERT INTO Ticket (movieshowid, seatid, billid, ticketprice, status, bookingchannel) VALUES (75, 166, 251, 80000, 'Đã thanh toán', 'Quầy');
INSERT INTO Bill (customerid, staffid, discountamount, totalamount) VALUES (245, 41, 0, 285000);
INSERT INTO Payment (billid, paymenttype) VALUES (252, 'Tiền mặt');
INSERT INTO Bill_Detail (billid, productid, quantity) VALUES (252, 15, 1);
INSERT INTO Bill_Detail (billid, productid, quantity) VALUES (252, 39, 1);
INSERT INTO Ticket (movieshowid, seatid, billid, ticketprice, status, bookingchannel) VALUES (497, 726, 252, 80000, 'Đã thanh toán', 'Quầy');
INSERT INTO Bill (customerid, staffid, discountamount, totalamount) VALUES (495, 1, 0, 119000);
INSERT INTO Payment (billid, paymenttype) VALUES (253, 'Tiền mặt');
INSERT INTO Bill_Detail (billid, productid, quantity) VALUES (253, 35, 1);
INSERT INTO Ticket (movieshowid, seatid, billid, ticketprice, status, bookingchannel) VALUES (174, 431, 253, 80000, 'Đã thanh toán', 'Quầy');
INSERT INTO Bill (customerid, staffid, discountamount, totalamount) VALUES (352, 30, 0, 599000);
INSERT INTO Payment (billid, paymenttype) VALUES (254, 'MoMo');
INSERT INTO Bill_Detail (billid, productid, quantity) VALUES (254, 21, 1);
INSERT INTO Bill_Detail (billid, productid, quantity) VALUES (254, 48, 2);
INSERT INTO Ticket (movieshowid, seatid, billid, ticketprice, status, bookingchannel) VALUES (481, 954, 254, 80000, 'Đã thanh toán', 'App');
INSERT INTO Bill (customerid, staffid, discountamount, totalamount) VALUES (495, 38, 0, 337000);
INSERT INTO Payment (billid, paymenttype) VALUES (255, 'Thẻ');
INSERT INTO Bill_Detail (billid, productid, quantity) VALUES (255, 41, 3);
INSERT INTO Ticket (movieshowid, seatid, billid, ticketprice, status, bookingchannel) VALUES (20, 587, 255, 60000, 'Đã thanh toán', 'Quầy');
INSERT INTO Bill (customerid, staffid, discountamount, totalamount) VALUES (435, 118, 10000, 160000);
INSERT INTO Payment (billid, paymenttype) VALUES (256, 'Thẻ');
INSERT INTO Bill_Detail (billid, productid, quantity) VALUES (256, 27, 3);
INSERT INTO Bill_Detail (billid, productid, quantity) VALUES (256, 39, 3);
INSERT INTO Ticket (movieshowid, seatid, billid, ticketprice, status, bookingchannel) VALUES (412, 1131, 256, 80000, 'Đã thanh toán', 'App');
INSERT INTO Bill (customerid, staffid, discountamount, totalamount) VALUES (224, 94, 20000, 907000);
INSERT INTO Payment (billid, paymenttype) VALUES (257, 'Thẻ');
INSERT INTO Bill_Detail (billid, productid, quantity) VALUES (257, 30, 3);
INSERT INTO Ticket (movieshowid, seatid, billid, ticketprice, status, bookingchannel) VALUES (93, 608, 257, 60000, 'Đã thanh toán', 'Quầy');
INSERT INTO Bill (customerid, staffid, discountamount, totalamount) VALUES (305, 137, 10000, 206000);
INSERT INTO Payment (billid, paymenttype) VALUES (258, 'MoMo');
INSERT INTO Bill_Detail (billid, productid, quantity) VALUES (258, 29, 2);
INSERT INTO Ticket (movieshowid, seatid, billid, ticketprice, status, bookingchannel) VALUES (230, 570, 258, 60000, 'Đã thanh toán', 'App');
INSERT INTO Bill (customerid, staffid, discountamount, totalamount) VALUES (60, 77, 0, 530000);
INSERT INTO Payment (billid, paymenttype) VALUES (259, 'Thẻ');
INSERT INTO Bill_Detail (billid, productid, quantity) VALUES (259, 19, 1);
INSERT INTO Ticket (movieshowid, seatid, billid, ticketprice, status, bookingchannel) VALUES (112, 11, 259, 80000, 'Đã thanh toán', 'Quầy');
INSERT INTO Bill (customerid, staffid, discountamount, totalamount) VALUES (339, 134, 10000, 568000);
INSERT INTO Payment (billid, paymenttype) VALUES (260, 'MoMo');
INSERT INTO Bill_Detail (billid, productid, quantity) VALUES (260, 46, 2);
INSERT INTO Ticket (movieshowid, seatid, billid, ticketprice, status, bookingchannel) VALUES (190, 128, 260, 80000, 'Đã thanh toán', 'Quầy');
INSERT INTO Bill (customerid, staffid, discountamount, totalamount) VALUES (369, 10, 20000, 590000);
INSERT INTO Payment (billid, paymenttype) VALUES (261, 'Thẻ');
INSERT INTO Bill_Detail (billid, productid, quantity) VALUES (261, 11, 3);
INSERT INTO Bill_Detail (billid, productid, quantity) VALUES (261, 14, 2);
INSERT INTO Ticket (movieshowid, seatid, billid, ticketprice, status, bookingchannel) VALUES (382, 760, 261, 60000, 'Đã thanh toán', 'Quầy');
INSERT INTO Bill (customerid, staffid, discountamount, totalamount) VALUES (448, 61, 0, 284000);
INSERT INTO Payment (billid, paymenttype) VALUES (262, 'MoMo');
INSERT INTO Bill_Detail (billid, productid, quantity) VALUES (262, 50, 1);
INSERT INTO Ticket (movieshowid, seatid, billid, ticketprice, status, bookingchannel) VALUES (77, 117, 262, 60000, 'Đã thanh toán', 'Quầy');
INSERT INTO Bill (customerid, staffid, discountamount, totalamount) VALUES (383, 4, 0, 105000);
INSERT INTO Payment (billid, paymenttype) VALUES (263, 'MoMo');
INSERT INTO Bill_Detail (billid, productid, quantity) VALUES (263, 12, 2);
INSERT INTO Bill_Detail (billid, productid, quantity) VALUES (263, 33, 2);
INSERT INTO Ticket (movieshowid, seatid, billid, ticketprice, status, bookingchannel) VALUES (484, 157, 263, 60000, 'Đã thanh toán', 'Quầy');
INSERT INTO Bill (customerid, staffid, discountamount, totalamount) VALUES (97, 30, 20000, 851000);
INSERT INTO Payment (billid, paymenttype) VALUES (264, 'Tiền mặt');
INSERT INTO Bill_Detail (billid, productid, quantity) VALUES (264, 49, 3);
INSERT INTO Bill_Detail (billid, productid, quantity) VALUES (264, 18, 3);
INSERT INTO Ticket (movieshowid, seatid, billid, ticketprice, status, bookingchannel) VALUES (317, 436, 264, 80000, 'Đã thanh toán', 'Quầy');
INSERT INTO Bill (customerid, staffid, discountamount, totalamount) VALUES (62, 93, 10000, 203000);
INSERT INTO Payment (billid, paymenttype) VALUES (265, 'MoMo');
INSERT INTO Bill_Detail (billid, productid, quantity) VALUES (265, 50, 1);
INSERT INTO Bill_Detail (billid, productid, quantity) VALUES (265, 31, 3);
INSERT INTO Ticket (movieshowid, seatid, billid, ticketprice, status, bookingchannel) VALUES (386, 974, 265, 80000, 'Đã thanh toán', 'App');
INSERT INTO Bill (customerid, staffid, discountamount, totalamount) VALUES (199, 21, 10000, 262000);
INSERT INTO Payment (billid, paymenttype) VALUES (266, 'Tiền mặt');
INSERT INTO Bill_Detail (billid, productid, quantity) VALUES (266, 20, 2);
INSERT INTO Ticket (movieshowid, seatid, billid, ticketprice, status, bookingchannel) VALUES (311, 1084, 266, 60000, 'Đã thanh toán', 'App');
INSERT INTO Bill (customerid, staffid, discountamount, totalamount) VALUES (66, 85, 20000, 273000);
INSERT INTO Payment (billid, paymenttype) VALUES (267, 'Tiền mặt');
INSERT INTO Bill_Detail (billid, productid, quantity) VALUES (267, 45, 3);
INSERT INTO Bill_Detail (billid, productid, quantity) VALUES (267, 40, 3);
INSERT INTO Ticket (movieshowid, seatid, billid, ticketprice, status, bookingchannel) VALUES (228, 169, 267, 60000, 'Đã thanh toán', 'App');
INSERT INTO Bill (customerid, staffid, discountamount, totalamount) VALUES (478, 66, 10000, 523000);
INSERT INTO Payment (billid, paymenttype) VALUES (268, 'Tiền mặt');
INSERT INTO Bill_Detail (billid, productid, quantity) VALUES (268, 26, 1);
INSERT INTO Bill_Detail (billid, productid, quantity) VALUES (268, 20, 2);
INSERT INTO Ticket (movieshowid, seatid, billid, ticketprice, status, bookingchannel) VALUES (264, 124, 268, 80000, 'Đã thanh toán', 'App');
INSERT INTO Bill (customerid, staffid, discountamount, totalamount) VALUES (155, 84, 20000, 338000);
INSERT INTO Payment (billid, paymenttype) VALUES (269, 'Thẻ');
INSERT INTO Bill_Detail (billid, productid, quantity) VALUES (269, 36, 2);
INSERT INTO Ticket (movieshowid, seatid, billid, ticketprice, status, bookingchannel) VALUES (225, 214, 269, 80000, 'Đã thanh toán', 'App');
INSERT INTO Bill (customerid, staffid, discountamount, totalamount) VALUES (464, 27, 10000, 796000);
INSERT INTO Payment (billid, paymenttype) VALUES (270, 'Thẻ');
INSERT INTO Bill_Detail (billid, productid, quantity) VALUES (270, 29, 1);
INSERT INTO Bill_Detail (billid, productid, quantity) VALUES (270, 35, 2);
INSERT INTO Ticket (movieshowid, seatid, billid, ticketprice, status, bookingchannel) VALUES (83, 445, 270, 80000, 'Đã thanh toán', 'Quầy');
INSERT INTO Bill (customerid, staffid, discountamount, totalamount) VALUES (370, 21, 10000, 108000);
INSERT INTO Payment (billid, paymenttype) VALUES (271, 'Thẻ');
INSERT INTO Bill_Detail (billid, productid, quantity) VALUES (271, 27, 1);
INSERT INTO Ticket (movieshowid, seatid, billid, ticketprice, status, bookingchannel) VALUES (19, 176, 271, 80000, 'Đã thanh toán', 'App');
INSERT INTO Bill (customerid, staffid, discountamount, totalamount) VALUES (71, 61, 20000, 817000);
INSERT INTO Payment (billid, paymenttype) VALUES (272, 'Tiền mặt');
INSERT INTO Bill_Detail (billid, productid, quantity) VALUES (272, 33, 2);
INSERT INTO Ticket (movieshowid, seatid, billid, ticketprice, status, bookingchannel) VALUES (83, 412, 272, 80000, 'Đã thanh toán', 'Quầy');
INSERT INTO Bill (customerid, staffid, discountamount, totalamount) VALUES (226, 96, 0, 188000);
INSERT INTO Payment (billid, paymenttype) VALUES (273, 'Tiền mặt');
INSERT INTO Bill_Detail (billid, productid, quantity) VALUES (273, 31, 1);
INSERT INTO Bill_Detail (billid, productid, quantity) VALUES (273, 47, 3);
INSERT INTO Ticket (movieshowid, seatid, billid, ticketprice, status, bookingchannel) VALUES (460, 861, 273, 60000, 'Đã thanh toán', 'Quầy');
INSERT INTO Bill (customerid, staffid, discountamount, totalamount) VALUES (10, 112, 0, 183000);
INSERT INTO Payment (billid, paymenttype) VALUES (274, 'MoMo');
INSERT INTO Bill_Detail (billid, productid, quantity) VALUES (274, 15, 1);
INSERT INTO Bill_Detail (billid, productid, quantity) VALUES (274, 20, 2);
INSERT INTO Ticket (movieshowid, seatid, billid, ticketprice, status, bookingchannel) VALUES (232, 487, 274, 80000, 'Đã thanh toán', 'Quầy');
INSERT INTO Bill (customerid, staffid, discountamount, totalamount) VALUES (64, 43, 20000, 715000);
INSERT INTO Payment (billid, paymenttype) VALUES (275, 'MoMo');
INSERT INTO Bill_Detail (billid, productid, quantity) VALUES (275, 17, 3);
INSERT INTO Ticket (movieshowid, seatid, billid, ticketprice, status, bookingchannel) VALUES (307, 799, 275, 80000, 'Đã thanh toán', 'App');
INSERT INTO Bill (customerid, staffid, discountamount, totalamount) VALUES (375, 34, 10000, 867000);
INSERT INTO Payment (billid, paymenttype) VALUES (276, 'MoMo');
INSERT INTO Bill_Detail (billid, productid, quantity) VALUES (276, 2, 2);
INSERT INTO Ticket (movieshowid, seatid, billid, ticketprice, status, bookingchannel) VALUES (432, 177, 276, 60000, 'Đã thanh toán', 'Quầy');
INSERT INTO Bill (customerid, staffid, discountamount, totalamount) VALUES (7, 16, 20000, 346000);
INSERT INTO Payment (billid, paymenttype) VALUES (277, 'MoMo');
INSERT INTO Bill_Detail (billid, productid, quantity) VALUES (277, 13, 1);
INSERT INTO Bill_Detail (billid, productid, quantity) VALUES (277, 25, 2);
INSERT INTO Ticket (movieshowid, seatid, billid, ticketprice, status, bookingchannel) VALUES (166, 688, 277, 60000, 'Đã thanh toán', 'Quầy');
INSERT INTO Bill (customerid, staffid, discountamount, totalamount) VALUES (6, 6, 10000, 862000);
INSERT INTO Payment (billid, paymenttype) VALUES (278, 'Thẻ');
INSERT INTO Bill_Detail (billid, productid, quantity) VALUES (278, 33, 2);
INSERT INTO Bill_Detail (billid, productid, quantity) VALUES (278, 19, 1);
INSERT INTO Ticket (movieshowid, seatid, billid, ticketprice, status, bookingchannel) VALUES (488, 404, 278, 60000, 'Đã thanh toán', 'Quầy');
INSERT INTO Bill (customerid, staffid, discountamount, totalamount) VALUES (496, 17, 10000, 987000);
INSERT INTO Payment (billid, paymenttype) VALUES (279, 'Tiền mặt');
INSERT INTO Bill_Detail (billid, productid, quantity) VALUES (279, 29, 2);
INSERT INTO Bill_Detail (billid, productid, quantity) VALUES (279, 39, 1);
INSERT INTO Ticket (movieshowid, seatid, billid, ticketprice, status, bookingchannel) VALUES (497, 583, 279, 80000, 'Đã thanh toán', 'Quầy');
INSERT INTO Bill (customerid, staffid, discountamount, totalamount) VALUES (353, 9, 0, 467000);
INSERT INTO Payment (billid, paymenttype) VALUES (280, 'MoMo');
INSERT INTO Bill_Detail (billid, productid, quantity) VALUES (280, 17, 3);
INSERT INTO Bill_Detail (billid, productid, quantity) VALUES (280, 27, 3);
INSERT INTO Ticket (movieshowid, seatid, billid, ticketprice, status, bookingchannel) VALUES (118, 28, 280, 60000, 'Đã thanh toán', 'App');
INSERT INTO Bill (customerid, staffid, discountamount, totalamount) VALUES (271, 72, 20000, 801000);
INSERT INTO Payment (billid, paymenttype) VALUES (281, 'Tiền mặt');
INSERT INTO Bill_Detail (billid, productid, quantity) VALUES (281, 13, 1);
INSERT INTO Bill_Detail (billid, productid, quantity) VALUES (281, 38, 1);
INSERT INTO Ticket (movieshowid, seatid, billid, ticketprice, status, bookingchannel) VALUES (361, 556, 281, 80000, 'Đã thanh toán', 'Quầy');
INSERT INTO Bill (customerid, staffid, discountamount, totalamount) VALUES (283, 49, 0, 873000);
INSERT INTO Payment (billid, paymenttype) VALUES (282, 'Thẻ');
INSERT INTO Bill_Detail (billid, productid, quantity) VALUES (282, 17, 1);
INSERT INTO Ticket (movieshowid, seatid, billid, ticketprice, status, bookingchannel) VALUES (302, 363, 282, 80000, 'Đã thanh toán', 'Quầy');
INSERT INTO Bill (customerid, staffid, discountamount, totalamount) VALUES (237, 120, 10000, 703000);
INSERT INTO Payment (billid, paymenttype) VALUES (283, 'MoMo');
INSERT INTO Bill_Detail (billid, productid, quantity) VALUES (283, 7, 2);
INSERT INTO Ticket (movieshowid, seatid, billid, ticketprice, status, bookingchannel) VALUES (4, 548, 283, 60000, 'Đã thanh toán', 'Quầy');
INSERT INTO Bill (customerid, staffid, discountamount, totalamount) VALUES (101, 11, 0, 728000);
INSERT INTO Payment (billid, paymenttype) VALUES (284, 'Thẻ');
INSERT INTO Bill_Detail (billid, productid, quantity) VALUES (284, 47, 1);
INSERT INTO Bill_Detail (billid, productid, quantity) VALUES (284, 49, 2);
INSERT INTO Ticket (movieshowid, seatid, billid, ticketprice, status, bookingchannel) VALUES (82, 782, 284, 60000, 'Đã thanh toán', 'Quầy');
INSERT INTO Bill (customerid, staffid, discountamount, totalamount) VALUES (219, 101, 10000, 461000);
INSERT INTO Payment (billid, paymenttype) VALUES (285, 'Tiền mặt');
INSERT INTO Bill_Detail (billid, productid, quantity) VALUES (285, 30, 3);
INSERT INTO Ticket (movieshowid, seatid, billid, ticketprice, status, bookingchannel) VALUES (490, 297, 285, 80000, 'Đã thanh toán', 'Quầy');
INSERT INTO Bill (customerid, staffid, discountamount, totalamount) VALUES (243, 90, 0, 394000);
INSERT INTO Payment (billid, paymenttype) VALUES (286, 'Thẻ');
INSERT INTO Bill_Detail (billid, productid, quantity) VALUES (286, 28, 3);
INSERT INTO Ticket (movieshowid, seatid, billid, ticketprice, status, bookingchannel) VALUES (390, 816, 286, 60000, 'Đã thanh toán', 'App');
INSERT INTO Bill (customerid, staffid, discountamount, totalamount) VALUES (243, 21, 20000, 129000);
INSERT INTO Payment (billid, paymenttype) VALUES (287, 'Thẻ');
INSERT INTO Bill_Detail (billid, productid, quantity) VALUES (287, 48, 2);
INSERT INTO Ticket (movieshowid, seatid, billid, ticketprice, status, bookingchannel) VALUES (133, 989, 287, 80000, 'Đã thanh toán', 'App');
INSERT INTO Bill (customerid, staffid, discountamount, totalamount) VALUES (429, 87, 10000, 541000);
INSERT INTO Payment (billid, paymenttype) VALUES (288, 'Thẻ');
INSERT INTO Bill_Detail (billid, productid, quantity) VALUES (288, 2, 1);
INSERT INTO Ticket (movieshowid, seatid, billid, ticketprice, status, bookingchannel) VALUES (174, 191, 288, 60000, 'Đã thanh toán', 'Quầy');
INSERT INTO Bill (customerid, staffid, discountamount, totalamount) VALUES (291, 36, 0, 897000);
INSERT INTO Payment (billid, paymenttype) VALUES (289, 'Thẻ');
INSERT INTO Bill_Detail (billid, productid, quantity) VALUES (289, 8, 3);
INSERT INTO Bill_Detail (billid, productid, quantity) VALUES (289, 24, 2);
INSERT INTO Ticket (movieshowid, seatid, billid, ticketprice, status, bookingchannel) VALUES (181, 732, 289, 80000, 'Đã thanh toán', 'Quầy');
INSERT INTO Bill (customerid, staffid, discountamount, totalamount) VALUES (78, 110, 20000, 869000);
INSERT INTO Payment (billid, paymenttype) VALUES (290, 'MoMo');
INSERT INTO Bill_Detail (billid, productid, quantity) VALUES (290, 12, 3);
INSERT INTO Ticket (movieshowid, seatid, billid, ticketprice, status, bookingchannel) VALUES (243, 922, 290, 60000, 'Đã thanh toán', 'App');
INSERT INTO Bill (customerid, staffid, discountamount, totalamount) VALUES (306, 45, 0, 514000);
INSERT INTO Payment (billid, paymenttype) VALUES (291, 'Tiền mặt');
INSERT INTO Bill_Detail (billid, productid, quantity) VALUES (291, 8, 3);
INSERT INTO Bill_Detail (billid, productid, quantity) VALUES (291, 37, 1);
INSERT INTO Ticket (movieshowid, seatid, billid, ticketprice, status, bookingchannel) VALUES (33, 1027, 291, 60000, 'Đã thanh toán', 'App');
INSERT INTO Bill (customerid, staffid, discountamount, totalamount) VALUES (263, 83, 10000, 854000);
INSERT INTO Payment (billid, paymenttype) VALUES (292, 'Tiền mặt');
INSERT INTO Bill_Detail (billid, productid, quantity) VALUES (292, 44, 1);
INSERT INTO Bill_Detail (billid, productid, quantity) VALUES (292, 8, 3);
INSERT INTO Ticket (movieshowid, seatid, billid, ticketprice, status, bookingchannel) VALUES (265, 1018, 292, 80000, 'Đã thanh toán', 'App');
INSERT INTO Bill (customerid, staffid, discountamount, totalamount) VALUES (426, 4, 0, 344000);
INSERT INTO Payment (billid, paymenttype) VALUES (293, 'Thẻ');
INSERT INTO Bill_Detail (billid, productid, quantity) VALUES (293, 30, 1);
INSERT INTO Bill_Detail (billid, productid, quantity) VALUES (293, 47, 2);
INSERT INTO Ticket (movieshowid, seatid, billid, ticketprice, status, bookingchannel) VALUES (328, 642, 293, 80000, 'Đã thanh toán', 'Quầy');
INSERT INTO Bill (customerid, staffid, discountamount, totalamount) VALUES (428, 84, 10000, 355000);
INSERT INTO Payment (billid, paymenttype) VALUES (294, 'Tiền mặt');
INSERT INTO Bill_Detail (billid, productid, quantity) VALUES (294, 40, 2);
INSERT INTO Bill_Detail (billid, productid, quantity) VALUES (294, 18, 2);
INSERT INTO Ticket (movieshowid, seatid, billid, ticketprice, status, bookingchannel) VALUES (448, 36, 294, 60000, 'Đã thanh toán', 'Quầy');
INSERT INTO Bill (customerid, staffid, discountamount, totalamount) VALUES (52, 115, 20000, 963000);
INSERT INTO Payment (billid, paymenttype) VALUES (295, 'Tiền mặt');
INSERT INTO Bill_Detail (billid, productid, quantity) VALUES (295, 40, 3);
INSERT INTO Bill_Detail (billid, productid, quantity) VALUES (295, 45, 3);
INSERT INTO Ticket (movieshowid, seatid, billid, ticketprice, status, bookingchannel) VALUES (38, 1053, 295, 60000, 'Đã thanh toán', 'Quầy');
INSERT INTO Bill (customerid, staffid, discountamount, totalamount) VALUES (353, 3, 0, 392000);
INSERT INTO Payment (billid, paymenttype) VALUES (296, 'Thẻ');
INSERT INTO Bill_Detail (billid, productid, quantity) VALUES (296, 41, 1);
INSERT INTO Ticket (movieshowid, seatid, billid, ticketprice, status, bookingchannel) VALUES (174, 478, 296, 80000, 'Đã thanh toán', 'Quầy');
INSERT INTO Bill (customerid, staffid, discountamount, totalamount) VALUES (207, 150, 10000, 791000);
INSERT INTO Payment (billid, paymenttype) VALUES (297, 'Tiền mặt');
INSERT INTO Bill_Detail (billid, productid, quantity) VALUES (297, 19, 2);
INSERT INTO Ticket (movieshowid, seatid, billid, ticketprice, status, bookingchannel) VALUES (347, 400, 297, 60000, 'Đã thanh toán', 'App');
INSERT INTO Bill (customerid, staffid, discountamount, totalamount) VALUES (25, 147, 20000, 155000);
INSERT INTO Payment (billid, paymenttype) VALUES (298, 'Thẻ');
INSERT INTO Bill_Detail (billid, productid, quantity) VALUES (298, 14, 2);
INSERT INTO Ticket (movieshowid, seatid, billid, ticketprice, status, bookingchannel) VALUES (482, 1142, 298, 60000, 'Đã thanh toán', 'App');
INSERT INTO Bill (customerid, staffid, discountamount, totalamount) VALUES (324, 118, 20000, 527000);
INSERT INTO Payment (billid, paymenttype) VALUES (299, 'Tiền mặt');
INSERT INTO Bill_Detail (billid, productid, quantity) VALUES (299, 37, 3);
INSERT INTO Ticket (movieshowid, seatid, billid, ticketprice, status, bookingchannel) VALUES (399, 504, 299, 80000, 'Đã thanh toán', 'App');
INSERT INTO Bill (customerid, staffid, discountamount, totalamount) VALUES (350, 25, 20000, 358000);
INSERT INTO Payment (billid, paymenttype) VALUES (300, 'Tiền mặt');
INSERT INTO Bill_Detail (billid, productid, quantity) VALUES (300, 13, 1);
INSERT INTO Bill_Detail (billid, productid, quantity) VALUES (300, 40, 3);
INSERT INTO Ticket (movieshowid, seatid, billid, ticketprice, status, bookingchannel) VALUES (2, 749, 300, 80000, 'Đã thanh toán', 'App');
INSERT INTO Bill (customerid, staffid, discountamount, totalamount) VALUES (490, 84, 0, 455000);
INSERT INTO Payment (billid, paymenttype) VALUES (301, 'MoMo');
INSERT INTO Bill_Detail (billid, productid, quantity) VALUES (301, 46, 1);
INSERT INTO Ticket (movieshowid, seatid, billid, ticketprice, status, bookingchannel) VALUES (193, 259, 301, 80000, 'Đã thanh toán', 'App');
INSERT INTO Bill (customerid, staffid, discountamount, totalamount) VALUES (262, 112, 20000, 914000);
INSERT INTO Payment (billid, paymenttype) VALUES (302, 'Thẻ');
INSERT INTO Bill_Detail (billid, productid, quantity) VALUES (302, 1, 1);
INSERT INTO Ticket (movieshowid, seatid, billid, ticketprice, status, bookingchannel) VALUES (91, 198, 302, 80000, 'Đã thanh toán', 'App');
INSERT INTO Bill (customerid, staffid, discountamount, totalamount) VALUES (155, 142, 20000, 491000);
INSERT INTO Payment (billid, paymenttype) VALUES (303, 'Tiền mặt');
INSERT INTO Bill_Detail (billid, productid, quantity) VALUES (303, 40, 3);
INSERT INTO Ticket (movieshowid, seatid, billid, ticketprice, status, bookingchannel) VALUES (461, 173, 303, 80000, 'Đã thanh toán', 'Quầy');
INSERT INTO Bill (customerid, staffid, discountamount, totalamount) VALUES (442, 116, 20000, 514000);
INSERT INTO Payment (billid, paymenttype) VALUES (304, 'MoMo');
INSERT INTO Bill_Detail (billid, productid, quantity) VALUES (304, 45, 1);
INSERT INTO Bill_Detail (billid, productid, quantity) VALUES (304, 27, 2);
INSERT INTO Ticket (movieshowid, seatid, billid, ticketprice, status, bookingchannel) VALUES (127, 209, 304, 60000, 'Đã thanh toán', 'App');
INSERT INTO Bill (customerid, staffid, discountamount, totalamount) VALUES (142, 137, 0, 721000);
INSERT INTO Payment (billid, paymenttype) VALUES (305, 'Thẻ');
INSERT INTO Bill_Detail (billid, productid, quantity) VALUES (305, 35, 1);
INSERT INTO Ticket (movieshowid, seatid, billid, ticketprice, status, bookingchannel) VALUES (472, 982, 305, 80000, 'Đã thanh toán', 'App');
INSERT INTO Bill (customerid, staffid, discountamount, totalamount) VALUES (10, 141, 20000, 117000);
INSERT INTO Payment (billid, paymenttype) VALUES (306, 'MoMo');
INSERT INTO Bill_Detail (billid, productid, quantity) VALUES (306, 28, 1);
INSERT INTO Ticket (movieshowid, seatid, billid, ticketprice, status, bookingchannel) VALUES (10, 310, 306, 80000, 'Đã thanh toán', 'Quầy');
INSERT INTO Bill (customerid, staffid, discountamount, totalamount) VALUES (189, 37, 20000, 746000);
INSERT INTO Payment (billid, paymenttype) VALUES (307, 'MoMo');
INSERT INTO Bill_Detail (billid, productid, quantity) VALUES (307, 6, 1);
INSERT INTO Bill_Detail (billid, productid, quantity) VALUES (307, 39, 1);
INSERT INTO Ticket (movieshowid, seatid, billid, ticketprice, status, bookingchannel) VALUES (252, 195, 307, 80000, 'Đã thanh toán', 'Quầy');
INSERT INTO Bill (customerid, staffid, discountamount, totalamount) VALUES (242, 16, 0, 366000);
INSERT INTO Payment (billid, paymenttype) VALUES (308, 'Tiền mặt');
INSERT INTO Bill_Detail (billid, productid, quantity) VALUES (308, 27, 2);
INSERT INTO Ticket (movieshowid, seatid, billid, ticketprice, status, bookingchannel) VALUES (321, 521, 308, 60000, 'Đã thanh toán', 'App');
INSERT INTO Bill (customerid, staffid, discountamount, totalamount) VALUES (133, 115, 0, 784000);
INSERT INTO Payment (billid, paymenttype) VALUES (309, 'Thẻ');
INSERT INTO Bill_Detail (billid, productid, quantity) VALUES (309, 10, 2);
INSERT INTO Bill_Detail (billid, productid, quantity) VALUES (309, 25, 2);
INSERT INTO Ticket (movieshowid, seatid, billid, ticketprice, status, bookingchannel) VALUES (347, 436, 309, 60000, 'Đã thanh toán', 'App');
INSERT INTO Bill (customerid, staffid, discountamount, totalamount) VALUES (245, 3, 20000, 398000);
INSERT INTO Payment (billid, paymenttype) VALUES (310, 'MoMo');
INSERT INTO Bill_Detail (billid, productid, quantity) VALUES (310, 37, 1);
INSERT INTO Bill_Detail (billid, productid, quantity) VALUES (310, 26, 3);
INSERT INTO Ticket (movieshowid, seatid, billid, ticketprice, status, bookingchannel) VALUES (62, 986, 310, 60000, 'Đã thanh toán', 'Quầy');
INSERT INTO Bill (customerid, staffid, discountamount, totalamount) VALUES (264, 33, 0, 805000);
INSERT INTO Payment (billid, paymenttype) VALUES (311, 'Thẻ');
INSERT INTO Bill_Detail (billid, productid, quantity) VALUES (311, 35, 2);
INSERT INTO Ticket (movieshowid, seatid, billid, ticketprice, status, bookingchannel) VALUES (431, 1129, 311, 80000, 'Đã thanh toán', 'App');
INSERT INTO Bill (customerid, staffid, discountamount, totalamount) VALUES (175, 41, 10000, 977000);
INSERT INTO Payment (billid, paymenttype) VALUES (312, 'MoMo');
INSERT INTO Bill_Detail (billid, productid, quantity) VALUES (312, 32, 2);
INSERT INTO Bill_Detail (billid, productid, quantity) VALUES (312, 5, 3);
INSERT INTO Ticket (movieshowid, seatid, billid, ticketprice, status, bookingchannel) VALUES (403, 641, 312, 80000, 'Đã thanh toán', 'Quầy');
INSERT INTO Bill (customerid, staffid, discountamount, totalamount) VALUES (162, 17, 20000, 512000);
INSERT INTO Payment (billid, paymenttype) VALUES (313, 'MoMo');
INSERT INTO Bill_Detail (billid, productid, quantity) VALUES (313, 34, 3);
INSERT INTO Ticket (movieshowid, seatid, billid, ticketprice, status, bookingchannel) VALUES (330, 60, 313, 80000, 'Đã thanh toán', 'App');
INSERT INTO Bill (customerid, staffid, discountamount, totalamount) VALUES (431, 5, 10000, 756000);
INSERT INTO Payment (billid, paymenttype) VALUES (314, 'MoMo');
INSERT INTO Bill_Detail (billid, productid, quantity) VALUES (314, 39, 3);
INSERT INTO Ticket (movieshowid, seatid, billid, ticketprice, status, bookingchannel) VALUES (62, 98, 314, 60000, 'Đã thanh toán', 'Quầy');
INSERT INTO Bill (customerid, staffid, discountamount, totalamount) VALUES (412, 55, 0, 391000);
INSERT INTO Payment (billid, paymenttype) VALUES (315, 'MoMo');
INSERT INTO Bill_Detail (billid, productid, quantity) VALUES (315, 22, 2);
INSERT INTO Bill_Detail (billid, productid, quantity) VALUES (315, 41, 3);
INSERT INTO Ticket (movieshowid, seatid, billid, ticketprice, status, bookingchannel) VALUES (412, 969, 315, 80000, 'Đã thanh toán', 'App');
INSERT INTO Bill (customerid, staffid, discountamount, totalamount) VALUES (213, 53, 20000, 155000);
INSERT INTO Payment (billid, paymenttype) VALUES (316, 'Tiền mặt');
INSERT INTO Bill_Detail (billid, productid, quantity) VALUES (316, 8, 2);
INSERT INTO Bill_Detail (billid, productid, quantity) VALUES (316, 5, 1);
INSERT INTO Ticket (movieshowid, seatid, billid, ticketprice, status, bookingchannel) VALUES (67, 92, 316, 80000, 'Đã thanh toán', 'App');
INSERT INTO Bill (customerid, staffid, discountamount, totalamount) VALUES (13, 111, 10000, 662000);
INSERT INTO Payment (billid, paymenttype) VALUES (317, 'Tiền mặt');
INSERT INTO Bill_Detail (billid, productid, quantity) VALUES (317, 19, 1);
INSERT INTO Bill_Detail (billid, productid, quantity) VALUES (317, 47, 3);
INSERT INTO Ticket (movieshowid, seatid, billid, ticketprice, status, bookingchannel) VALUES (330, 22, 317, 80000, 'Đã thanh toán', 'App');
INSERT INTO Bill (customerid, staffid, discountamount, totalamount) VALUES (137, 47, 20000, 685000);
INSERT INTO Payment (billid, paymenttype) VALUES (318, 'MoMo');
INSERT INTO Bill_Detail (billid, productid, quantity) VALUES (318, 45, 3);
INSERT INTO Ticket (movieshowid, seatid, billid, ticketprice, status, bookingchannel) VALUES (224, 324, 318, 60000, 'Đã thanh toán', 'Quầy');
INSERT INTO Bill (customerid, staffid, discountamount, totalamount) VALUES (46, 144, 20000, 996000);
INSERT INTO Payment (billid, paymenttype) VALUES (319, 'Tiền mặt');
INSERT INTO Bill_Detail (billid, productid, quantity) VALUES (319, 45, 2);
INSERT INTO Bill_Detail (billid, productid, quantity) VALUES (319, 11, 3);
INSERT INTO Ticket (movieshowid, seatid, billid, ticketprice, status, bookingchannel) VALUES (58, 12, 319, 60000, 'Đã thanh toán', 'Quầy');
INSERT INTO Bill (customerid, staffid, discountamount, totalamount) VALUES (73, 105, 20000, 106000);
INSERT INTO Payment (billid, paymenttype) VALUES (320, 'Tiền mặt');
INSERT INTO Bill_Detail (billid, productid, quantity) VALUES (320, 50, 1);
INSERT INTO Ticket (movieshowid, seatid, billid, ticketprice, status, bookingchannel) VALUES (265, 329, 320, 80000, 'Đã thanh toán', 'App');
INSERT INTO Bill (customerid, staffid, discountamount, totalamount) VALUES (158, 142, 10000, 349000);
INSERT INTO Payment (billid, paymenttype) VALUES (321, 'Tiền mặt');
INSERT INTO Bill_Detail (billid, productid, quantity) VALUES (321, 1, 2);
INSERT INTO Bill_Detail (billid, productid, quantity) VALUES (321, 4, 3);
INSERT INTO Ticket (movieshowid, seatid, billid, ticketprice, status, bookingchannel) VALUES (172, 1135, 321, 60000, 'Đã thanh toán', 'Quầy');
INSERT INTO Bill (customerid, staffid, discountamount, totalamount) VALUES (182, 102, 10000, 624000);
INSERT INTO Payment (billid, paymenttype) VALUES (322, 'Tiền mặt');
INSERT INTO Bill_Detail (billid, productid, quantity) VALUES (322, 5, 3);
INSERT INTO Ticket (movieshowid, seatid, billid, ticketprice, status, bookingchannel) VALUES (71, 884, 322, 60000, 'Đã thanh toán', 'Quầy');
INSERT INTO Bill (customerid, staffid, discountamount, totalamount) VALUES (146, 12, 0, 250000);
INSERT INTO Payment (billid, paymenttype) VALUES (323, 'Tiền mặt');
INSERT INTO Bill_Detail (billid, productid, quantity) VALUES (323, 50, 2);
INSERT INTO Bill_Detail (billid, productid, quantity) VALUES (323, 28, 1);
INSERT INTO Ticket (movieshowid, seatid, billid, ticketprice, status, bookingchannel) VALUES (358, 588, 323, 80000, 'Đã thanh toán', 'Quầy');
INSERT INTO Bill (customerid, staffid, discountamount, totalamount) VALUES (292, 54, 20000, 917000);
INSERT INTO Payment (billid, paymenttype) VALUES (324, 'Thẻ');
INSERT INTO Bill_Detail (billid, productid, quantity) VALUES (324, 36, 1);
INSERT INTO Bill_Detail (billid, productid, quantity) VALUES (324, 42, 2);
INSERT INTO Ticket (movieshowid, seatid, billid, ticketprice, status, bookingchannel) VALUES (462, 923, 324, 60000, 'Đã thanh toán', 'Quầy');
INSERT INTO Bill (customerid, staffid, discountamount, totalamount) VALUES (233, 19, 10000, 983000);
INSERT INTO Payment (billid, paymenttype) VALUES (325, 'MoMo');
INSERT INTO Bill_Detail (billid, productid, quantity) VALUES (325, 35, 1);
INSERT INTO Bill_Detail (billid, productid, quantity) VALUES (325, 28, 2);
INSERT INTO Ticket (movieshowid, seatid, billid, ticketprice, status, bookingchannel) VALUES (80, 701, 325, 80000, 'Đã thanh toán', 'Quầy');
INSERT INTO Bill (customerid, staffid, discountamount, totalamount) VALUES (286, 85, 20000, 539000);
INSERT INTO Payment (billid, paymenttype) VALUES (326, 'MoMo');
INSERT INTO Bill_Detail (billid, productid, quantity) VALUES (326, 5, 2);
INSERT INTO Ticket (movieshowid, seatid, billid, ticketprice, status, bookingchannel) VALUES (92, 1061, 326, 60000, 'Đã thanh toán', 'App');
INSERT INTO Bill (customerid, staffid, discountamount, totalamount) VALUES (446, 39, 10000, 561000);
INSERT INTO Payment (billid, paymenttype) VALUES (327, 'Tiền mặt');
INSERT INTO Bill_Detail (billid, productid, quantity) VALUES (327, 18, 3);
INSERT INTO Bill_Detail (billid, productid, quantity) VALUES (327, 38, 3);
INSERT INTO Ticket (movieshowid, seatid, billid, ticketprice, status, bookingchannel) VALUES (236, 693, 327, 60000, 'Đã thanh toán', 'App');
INSERT INTO Bill (customerid, staffid, discountamount, totalamount) VALUES (437, 48, 20000, 301000);
INSERT INTO Payment (billid, paymenttype) VALUES (328, 'Tiền mặt');
INSERT INTO Bill_Detail (billid, productid, quantity) VALUES (328, 48, 1);
INSERT INTO Bill_Detail (billid, productid, quantity) VALUES (328, 23, 3);
INSERT INTO Ticket (movieshowid, seatid, billid, ticketprice, status, bookingchannel) VALUES (188, 1139, 328, 80000, 'Đã thanh toán', 'Quầy');
INSERT INTO Bill (customerid, staffid, discountamount, totalamount) VALUES (222, 116, 10000, 176000);
INSERT INTO Payment (billid, paymenttype) VALUES (329, 'Tiền mặt');
INSERT INTO Bill_Detail (billid, productid, quantity) VALUES (329, 38, 1);
INSERT INTO Ticket (movieshowid, seatid, billid, ticketprice, status, bookingchannel) VALUES (469, 42, 329, 60000, 'Đã thanh toán', 'App');
INSERT INTO Bill (customerid, staffid, discountamount, totalamount) VALUES (120, 126, 20000, 402000);
INSERT INTO Payment (billid, paymenttype) VALUES (330, 'Thẻ');
INSERT INTO Bill_Detail (billid, productid, quantity) VALUES (330, 12, 3);
INSERT INTO Bill_Detail (billid, productid, quantity) VALUES (330, 16, 1);
INSERT INTO Ticket (movieshowid, seatid, billid, ticketprice, status, bookingchannel) VALUES (173, 419, 330, 80000, 'Đã thanh toán', 'Quầy');
INSERT INTO Bill (customerid, staffid, discountamount, totalamount) VALUES (374, 95, 20000, 993000);
INSERT INTO Payment (billid, paymenttype) VALUES (331, 'Tiền mặt');
INSERT INTO Bill_Detail (billid, productid, quantity) VALUES (331, 39, 3);
INSERT INTO Ticket (movieshowid, seatid, billid, ticketprice, status, bookingchannel) VALUES (41, 154, 331, 80000, 'Đã thanh toán', 'App');
INSERT INTO Bill (customerid, staffid, discountamount, totalamount) VALUES (423, 41, 20000, 617000);
INSERT INTO Payment (billid, paymenttype) VALUES (332, 'Tiền mặt');
INSERT INTO Bill_Detail (billid, productid, quantity) VALUES (332, 39, 1);
INSERT INTO Ticket (movieshowid, seatid, billid, ticketprice, status, bookingchannel) VALUES (66, 1170, 332, 80000, 'Đã thanh toán', 'App');
INSERT INTO Bill (customerid, staffid, discountamount, totalamount) VALUES (103, 65, 10000, 808000);
INSERT INTO Payment (billid, paymenttype) VALUES (333, 'MoMo');
INSERT INTO Bill_Detail (billid, productid, quantity) VALUES (333, 25, 3);
INSERT INTO Ticket (movieshowid, seatid, billid, ticketprice, status, bookingchannel) VALUES (360, 933, 333, 60000, 'Đã thanh toán', 'Quầy');
INSERT INTO Bill (customerid, staffid, discountamount, totalamount) VALUES (5, 105, 10000, 747000);
INSERT INTO Payment (billid, paymenttype) VALUES (334, 'MoMo');
INSERT INTO Bill_Detail (billid, productid, quantity) VALUES (334, 32, 1);
INSERT INTO Ticket (movieshowid, seatid, billid, ticketprice, status, bookingchannel) VALUES (148, 765, 334, 80000, 'Đã thanh toán', 'App');
INSERT INTO Bill (customerid, staffid, discountamount, totalamount) VALUES (327, 85, 10000, 806000);
INSERT INTO Payment (billid, paymenttype) VALUES (335, 'Tiền mặt');
INSERT INTO Bill_Detail (billid, productid, quantity) VALUES (335, 36, 1);
INSERT INTO Bill_Detail (billid, productid, quantity) VALUES (335, 25, 2);
INSERT INTO Ticket (movieshowid, seatid, billid, ticketprice, status, bookingchannel) VALUES (90, 1060, 335, 60000, 'Đã thanh toán', 'App');
INSERT INTO Bill (customerid, staffid, discountamount, totalamount) VALUES (246, 56, 20000, 874000);
INSERT INTO Payment (billid, paymenttype) VALUES (336, 'Thẻ');
INSERT INTO Bill_Detail (billid, productid, quantity) VALUES (336, 37, 1);
INSERT INTO Bill_Detail (billid, productid, quantity) VALUES (336, 43, 3);
INSERT INTO Ticket (movieshowid, seatid, billid, ticketprice, status, bookingchannel) VALUES (100, 688, 336, 80000, 'Đã thanh toán', 'App');
INSERT INTO Bill (customerid, staffid, discountamount, totalamount) VALUES (40, 145, 10000, 612000);
INSERT INTO Payment (billid, paymenttype) VALUES (337, 'Thẻ');
INSERT INTO Bill_Detail (billid, productid, quantity) VALUES (337, 22, 1);
INSERT INTO Bill_Detail (billid, productid, quantity) VALUES (337, 38, 2);
INSERT INTO Ticket (movieshowid, seatid, billid, ticketprice, status, bookingchannel) VALUES (467, 694, 337, 60000, 'Đã thanh toán', 'App');
INSERT INTO Bill (customerid, staffid, discountamount, totalamount) VALUES (457, 129, 20000, 466000);
INSERT INTO Payment (billid, paymenttype) VALUES (338, 'MoMo');
INSERT INTO Bill_Detail (billid, productid, quantity) VALUES (338, 36, 2);
INSERT INTO Bill_Detail (billid, productid, quantity) VALUES (338, 42, 1);
INSERT INTO Ticket (movieshowid, seatid, billid, ticketprice, status, bookingchannel) VALUES (133, 931, 338, 80000, 'Đã thanh toán', 'Quầy');
INSERT INTO Bill (customerid, staffid, discountamount, totalamount) VALUES (199, 54, 20000, 943000);
INSERT INTO Payment (billid, paymenttype) VALUES (339, 'Tiền mặt');
INSERT INTO Bill_Detail (billid, productid, quantity) VALUES (339, 23, 3);
INSERT INTO Bill_Detail (billid, productid, quantity) VALUES (339, 29, 3);
INSERT INTO Ticket (movieshowid, seatid, billid, ticketprice, status, bookingchannel) VALUES (239, 948, 339, 80000, 'Đã thanh toán', 'Quầy');
INSERT INTO Bill (customerid, staffid, discountamount, totalamount) VALUES (385, 150, 10000, 981000);
INSERT INTO Payment (billid, paymenttype) VALUES (340, 'Thẻ');
INSERT INTO Bill_Detail (billid, productid, quantity) VALUES (340, 29, 2);
INSERT INTO Bill_Detail (billid, productid, quantity) VALUES (340, 45, 2);
INSERT INTO Ticket (movieshowid, seatid, billid, ticketprice, status, bookingchannel) VALUES (143, 366, 340, 60000, 'Đã thanh toán', 'Quầy');
INSERT INTO Bill (customerid, staffid, discountamount, totalamount) VALUES (184, 96, 20000, 446000);
INSERT INTO Payment (billid, paymenttype) VALUES (341, 'MoMo');
INSERT INTO Bill_Detail (billid, productid, quantity) VALUES (341, 36, 2);
INSERT INTO Ticket (movieshowid, seatid, billid, ticketprice, status, bookingchannel) VALUES (185, 341, 341, 80000, 'Đã thanh toán', 'Quầy');
INSERT INTO Bill (customerid, staffid, discountamount, totalamount) VALUES (55, 16, 10000, 881000);
INSERT INTO Payment (billid, paymenttype) VALUES (342, 'Tiền mặt');
INSERT INTO Bill_Detail (billid, productid, quantity) VALUES (342, 8, 3);
INSERT INTO Ticket (movieshowid, seatid, billid, ticketprice, status, bookingchannel) VALUES (449, 256, 342, 60000, 'Đã thanh toán', 'App');
INSERT INTO Bill (customerid, staffid, discountamount, totalamount) VALUES (260, 12, 10000, 929000);
INSERT INTO Payment (billid, paymenttype) VALUES (343, 'Tiền mặt');
INSERT INTO Bill_Detail (billid, productid, quantity) VALUES (343, 4, 3);
INSERT INTO Ticket (movieshowid, seatid, billid, ticketprice, status, bookingchannel) VALUES (78, 645, 343, 80000, 'Đã thanh toán', 'App');
INSERT INTO Bill (customerid, staffid, discountamount, totalamount) VALUES (382, 42, 0, 223000);
INSERT INTO Payment (billid, paymenttype) VALUES (344, 'Thẻ');
INSERT INTO Bill_Detail (billid, productid, quantity) VALUES (344, 30, 1);
INSERT INTO Ticket (movieshowid, seatid, billid, ticketprice, status, bookingchannel) VALUES (428, 482, 344, 80000, 'Đã thanh toán', 'Quầy');
INSERT INTO Bill (customerid, staffid, discountamount, totalamount) VALUES (198, 91, 0, 966000);
INSERT INTO Payment (billid, paymenttype) VALUES (345, 'Tiền mặt');
INSERT INTO Bill_Detail (billid, productid, quantity) VALUES (345, 22, 3);
INSERT INTO Bill_Detail (billid, productid, quantity) VALUES (345, 28, 1);
INSERT INTO Ticket (movieshowid, seatid, billid, ticketprice, status, bookingchannel) VALUES (193, 761, 345, 80000, 'Đã thanh toán', 'Quầy');
INSERT INTO Bill (customerid, staffid, discountamount, totalamount) VALUES (22, 52, 0, 288000);
INSERT INTO Payment (billid, paymenttype) VALUES (346, 'MoMo');
INSERT INTO Bill_Detail (billid, productid, quantity) VALUES (346, 28, 2);
INSERT INTO Bill_Detail (billid, productid, quantity) VALUES (346, 46, 2);
INSERT INTO Ticket (movieshowid, seatid, billid, ticketprice, status, bookingchannel) VALUES (286, 940, 346, 80000, 'Đã thanh toán', 'App');
INSERT INTO Bill (customerid, staffid, discountamount, totalamount) VALUES (102, 111, 0, 716000);
INSERT INTO Payment (billid, paymenttype) VALUES (347, 'Tiền mặt');
INSERT INTO Bill_Detail (billid, productid, quantity) VALUES (347, 2, 3);
INSERT INTO Ticket (movieshowid, seatid, billid, ticketprice, status, bookingchannel) VALUES (155, 491, 347, 80000, 'Đã thanh toán', 'App');
INSERT INTO Bill (customerid, staffid, discountamount, totalamount) VALUES (302, 92, 10000, 546000);
INSERT INTO Payment (billid, paymenttype) VALUES (348, 'MoMo');
INSERT INTO Bill_Detail (billid, productid, quantity) VALUES (348, 33, 1);
INSERT INTO Ticket (movieshowid, seatid, billid, ticketprice, status, bookingchannel) VALUES (245, 438, 348, 80000, 'Đã thanh toán', 'Quầy');
INSERT INTO Bill (customerid, staffid, discountamount, totalamount) VALUES (291, 142, 20000, 625000);
INSERT INTO Payment (billid, paymenttype) VALUES (349, 'Thẻ');
INSERT INTO Bill_Detail (billid, productid, quantity) VALUES (349, 50, 2);
INSERT INTO Bill_Detail (billid, productid, quantity) VALUES (349, 44, 3);
INSERT INTO Ticket (movieshowid, seatid, billid, ticketprice, status, bookingchannel) VALUES (313, 1156, 349, 60000, 'Đã thanh toán', 'App');
INSERT INTO Bill (customerid, staffid, discountamount, totalamount) VALUES (198, 89, 10000, 506000);
INSERT INTO Payment (billid, paymenttype) VALUES (350, 'Tiền mặt');
INSERT INTO Bill_Detail (billid, productid, quantity) VALUES (350, 10, 2);
INSERT INTO Ticket (movieshowid, seatid, billid, ticketprice, status, bookingchannel) VALUES (429, 35, 350, 60000, 'Đã thanh toán', 'App');
INSERT INTO Bill (customerid, staffid, discountamount, totalamount) VALUES (367, 148, 20000, 990000);
INSERT INTO Payment (billid, paymenttype) VALUES (351, 'Thẻ');
INSERT INTO Bill_Detail (billid, productid, quantity) VALUES (351, 13, 1);
INSERT INTO Bill_Detail (billid, productid, quantity) VALUES (351, 41, 2);
INSERT INTO Ticket (movieshowid, seatid, billid, ticketprice, status, bookingchannel) VALUES (372, 234, 351, 60000, 'Đã thanh toán', 'App');
INSERT INTO Bill (customerid, staffid, discountamount, totalamount) VALUES (84, 124, 20000, 730000);
INSERT INTO Payment (billid, paymenttype) VALUES (352, 'MoMo');
INSERT INTO Bill_Detail (billid, productid, quantity) VALUES (352, 34, 1);
INSERT INTO Bill_Detail (billid, productid, quantity) VALUES (352, 5, 1);
INSERT INTO Ticket (movieshowid, seatid, billid, ticketprice, status, bookingchannel) VALUES (317, 109, 352, 80000, 'Đã thanh toán', 'Quầy');
INSERT INTO Bill (customerid, staffid, discountamount, totalamount) VALUES (449, 69, 20000, 725000);
INSERT INTO Payment (billid, paymenttype) VALUES (353, 'MoMo');
INSERT INTO Bill_Detail (billid, productid, quantity) VALUES (353, 20, 1);
INSERT INTO Bill_Detail (billid, productid, quantity) VALUES (353, 43, 1);
INSERT INTO Ticket (movieshowid, seatid, billid, ticketprice, status, bookingchannel) VALUES (226, 559, 353, 60000, 'Đã thanh toán', 'App');
INSERT INTO Bill (customerid, staffid, discountamount, totalamount) VALUES (8, 110, 0, 688000);
INSERT INTO Payment (billid, paymenttype) VALUES (354, 'Thẻ');
INSERT INTO Bill_Detail (billid, productid, quantity) VALUES (354, 8, 1);
INSERT INTO Bill_Detail (billid, productid, quantity) VALUES (354, 37, 2);
INSERT INTO Ticket (movieshowid, seatid, billid, ticketprice, status, bookingchannel) VALUES (313, 819, 354, 80000, 'Đã thanh toán', 'App');
INSERT INTO Bill (customerid, staffid, discountamount, totalamount) VALUES (312, 66, 10000, 877000);
INSERT INTO Payment (billid, paymenttype) VALUES (355, 'Tiền mặt');
INSERT INTO Bill_Detail (billid, productid, quantity) VALUES (355, 29, 1);
INSERT INTO Ticket (movieshowid, seatid, billid, ticketprice, status, bookingchannel) VALUES (52, 962, 355, 80000, 'Đã thanh toán', 'Quầy');
INSERT INTO Bill (customerid, staffid, discountamount, totalamount) VALUES (30, 20, 20000, 852000);
INSERT INTO Payment (billid, paymenttype) VALUES (356, 'Tiền mặt');
INSERT INTO Bill_Detail (billid, productid, quantity) VALUES (356, 46, 1);
INSERT INTO Bill_Detail (billid, productid, quantity) VALUES (356, 26, 3);
INSERT INTO Ticket (movieshowid, seatid, billid, ticketprice, status, bookingchannel) VALUES (327, 956, 356, 80000, 'Đã thanh toán', 'Quầy');
INSERT INTO Bill (customerid, staffid, discountamount, totalamount) VALUES (235, 148, 20000, 310000);
INSERT INTO Payment (billid, paymenttype) VALUES (357, 'Thẻ');
INSERT INTO Bill_Detail (billid, productid, quantity) VALUES (357, 10, 1);
INSERT INTO Bill_Detail (billid, productid, quantity) VALUES (357, 26, 1);
INSERT INTO Ticket (movieshowid, seatid, billid, ticketprice, status, bookingchannel) VALUES (372, 56, 357, 80000, 'Đã thanh toán', 'Quầy');
INSERT INTO Bill (customerid, staffid, discountamount, totalamount) VALUES (250, 126, 0, 594000);
INSERT INTO Payment (billid, paymenttype) VALUES (358, 'Tiền mặt');
INSERT INTO Bill_Detail (billid, productid, quantity) VALUES (358, 27, 2);
INSERT INTO Ticket (movieshowid, seatid, billid, ticketprice, status, bookingchannel) VALUES (342, 733, 358, 80000, 'Đã thanh toán', 'Quầy');
INSERT INTO Bill (customerid, staffid, discountamount, totalamount) VALUES (70, 119, 0, 282000);
INSERT INTO Payment (billid, paymenttype) VALUES (359, 'MoMo');
INSERT INTO Bill_Detail (billid, productid, quantity) VALUES (359, 7, 1);
INSERT INTO Bill_Detail (billid, productid, quantity) VALUES (359, 37, 3);
INSERT INTO Ticket (movieshowid, seatid, billid, ticketprice, status, bookingchannel) VALUES (59, 534, 359, 80000, 'Đã thanh toán', 'App');
INSERT INTO Bill (customerid, staffid, discountamount, totalamount) VALUES (88, 144, 20000, 802000);
INSERT INTO Payment (billid, paymenttype) VALUES (360, 'MoMo');
INSERT INTO Bill_Detail (billid, productid, quantity) VALUES (360, 19, 2);
INSERT INTO Ticket (movieshowid, seatid, billid, ticketprice, status, bookingchannel) VALUES (375, 1084, 360, 60000, 'Đã thanh toán', 'Quầy');
INSERT INTO Bill (customerid, staffid, discountamount, totalamount) VALUES (263, 62, 10000, 747000);
INSERT INTO Payment (billid, paymenttype) VALUES (361, 'MoMo');
INSERT INTO Bill_Detail (billid, productid, quantity) VALUES (361, 23, 3);
INSERT INTO Bill_Detail (billid, productid, quantity) VALUES (361, 15, 1);
INSERT INTO Ticket (movieshowid, seatid, billid, ticketprice, status, bookingchannel) VALUES (9, 475, 361, 60000, 'Đã thanh toán', 'Quầy');
INSERT INTO Bill (customerid, staffid, discountamount, totalamount) VALUES (472, 17, 10000, 552000);
INSERT INTO Payment (billid, paymenttype) VALUES (362, 'Thẻ');
INSERT INTO Bill_Detail (billid, productid, quantity) VALUES (362, 45, 2);
INSERT INTO Ticket (movieshowid, seatid, billid, ticketprice, status, bookingchannel) VALUES (48, 833, 362, 80000, 'Đã thanh toán', 'App');
INSERT INTO Bill (customerid, staffid, discountamount, totalamount) VALUES (292, 115, 0, 658000);
INSERT INTO Payment (billid, paymenttype) VALUES (363, 'MoMo');
INSERT INTO Bill_Detail (billid, productid, quantity) VALUES (363, 25, 1);
INSERT INTO Bill_Detail (billid, productid, quantity) VALUES (363, 5, 2);
INSERT INTO Ticket (movieshowid, seatid, billid, ticketprice, status, bookingchannel) VALUES (333, 1, 363, 80000, 'Đã thanh toán', 'App');
INSERT INTO Bill (customerid, staffid, discountamount, totalamount) VALUES (72, 29, 20000, 997000);
INSERT INTO Payment (billid, paymenttype) VALUES (364, 'MoMo');
INSERT INTO Bill_Detail (billid, productid, quantity) VALUES (364, 31, 2);
INSERT INTO Ticket (movieshowid, seatid, billid, ticketprice, status, bookingchannel) VALUES (259, 785, 364, 80000, 'Đã thanh toán', 'App');
INSERT INTO Bill (customerid, staffid, discountamount, totalamount) VALUES (55, 121, 10000, 965000);
INSERT INTO Payment (billid, paymenttype) VALUES (365, 'Thẻ');
INSERT INTO Bill_Detail (billid, productid, quantity) VALUES (365, 10, 2);
INSERT INTO Ticket (movieshowid, seatid, billid, ticketprice, status, bookingchannel) VALUES (423, 693, 365, 60000, 'Đã thanh toán', 'Quầy');
INSERT INTO Bill (customerid, staffid, discountamount, totalamount) VALUES (132, 83, 0, 186000);
INSERT INTO Payment (billid, paymenttype) VALUES (366, 'Tiền mặt');
INSERT INTO Bill_Detail (billid, productid, quantity) VALUES (366, 30, 1);
INSERT INTO Bill_Detail (billid, productid, quantity) VALUES (366, 3, 2);
INSERT INTO Ticket (movieshowid, seatid, billid, ticketprice, status, bookingchannel) VALUES (242, 365, 366, 60000, 'Đã thanh toán', 'App');
INSERT INTO Bill (customerid, staffid, discountamount, totalamount) VALUES (407, 63, 0, 714000);
INSERT INTO Payment (billid, paymenttype) VALUES (367, 'Thẻ');
INSERT INTO Bill_Detail (billid, productid, quantity) VALUES (367, 36, 1);
INSERT INTO Bill_Detail (billid, productid, quantity) VALUES (367, 7, 2);
INSERT INTO Ticket (movieshowid, seatid, billid, ticketprice, status, bookingchannel) VALUES (99, 452, 367, 80000, 'Đã thanh toán', 'App');
INSERT INTO Bill (customerid, staffid, discountamount, totalamount) VALUES (103, 5, 10000, 702000);
INSERT INTO Payment (billid, paymenttype) VALUES (368, 'MoMo');
INSERT INTO Bill_Detail (billid, productid, quantity) VALUES (368, 13, 1);
INSERT INTO Ticket (movieshowid, seatid, billid, ticketprice, status, bookingchannel) VALUES (479, 89, 368, 80000, 'Đã thanh toán', 'App');
INSERT INTO Bill (customerid, staffid, discountamount, totalamount) VALUES (69, 124, 10000, 372000);
INSERT INTO Payment (billid, paymenttype) VALUES (369, 'Tiền mặt');
INSERT INTO Bill_Detail (billid, productid, quantity) VALUES (369, 47, 2);
INSERT INTO Bill_Detail (billid, productid, quantity) VALUES (369, 49, 3);
INSERT INTO Ticket (movieshowid, seatid, billid, ticketprice, status, bookingchannel) VALUES (309, 308, 369, 60000, 'Đã thanh toán', 'Quầy');
INSERT INTO Bill (customerid, staffid, discountamount, totalamount) VALUES (251, 54, 0, 282000);
INSERT INTO Payment (billid, paymenttype) VALUES (370, 'MoMo');
INSERT INTO Bill_Detail (billid, productid, quantity) VALUES (370, 2, 1);
INSERT INTO Ticket (movieshowid, seatid, billid, ticketprice, status, bookingchannel) VALUES (294, 983, 370, 60000, 'Đã thanh toán', 'Quầy');
INSERT INTO Bill (customerid, staffid, discountamount, totalamount) VALUES (431, 30, 0, 843000);
INSERT INTO Payment (billid, paymenttype) VALUES (371, 'Thẻ');
INSERT INTO Bill_Detail (billid, productid, quantity) VALUES (371, 15, 3);
INSERT INTO Ticket (movieshowid, seatid, billid, ticketprice, status, bookingchannel) VALUES (165, 826, 371, 60000, 'Đã thanh toán', 'App');
INSERT INTO Bill (customerid, staffid, discountamount, totalamount) VALUES (251, 8, 20000, 743000);
INSERT INTO Payment (billid, paymenttype) VALUES (372, 'Tiền mặt');
INSERT INTO Bill_Detail (billid, productid, quantity) VALUES (372, 44, 2);
INSERT INTO Bill_Detail (billid, productid, quantity) VALUES (372, 32, 1);
INSERT INTO Ticket (movieshowid, seatid, billid, ticketprice, status, bookingchannel) VALUES (20, 921, 372, 80000, 'Đã thanh toán', 'Quầy');
INSERT INTO Bill (customerid, staffid, discountamount, totalamount) VALUES (211, 136, 10000, 309000);
INSERT INTO Payment (billid, paymenttype) VALUES (373, 'Tiền mặt');
INSERT INTO Bill_Detail (billid, productid, quantity) VALUES (373, 43, 3);
INSERT INTO Ticket (movieshowid, seatid, billid, ticketprice, status, bookingchannel) VALUES (473, 906, 373, 60000, 'Đã thanh toán', 'App');
INSERT INTO Bill (customerid, staffid, discountamount, totalamount) VALUES (44, 34, 10000, 485000);
INSERT INTO Payment (billid, paymenttype) VALUES (374, 'Thẻ');
INSERT INTO Bill_Detail (billid, productid, quantity) VALUES (374, 30, 3);
INSERT INTO Ticket (movieshowid, seatid, billid, ticketprice, status, bookingchannel) VALUES (117, 1082, 374, 60000, 'Đã thanh toán', 'App');
INSERT INTO Bill (customerid, staffid, discountamount, totalamount) VALUES (274, 17, 0, 601000);
INSERT INTO Payment (billid, paymenttype) VALUES (375, 'Thẻ');
INSERT INTO Bill_Detail (billid, productid, quantity) VALUES (375, 43, 1);
INSERT INTO Bill_Detail (billid, productid, quantity) VALUES (375, 26, 2);
INSERT INTO Ticket (movieshowid, seatid, billid, ticketprice, status, bookingchannel) VALUES (169, 756, 375, 60000, 'Đã thanh toán', 'App');
INSERT INTO Bill (customerid, staffid, discountamount, totalamount) VALUES (366, 97, 0, 403000);
INSERT INTO Payment (billid, paymenttype) VALUES (376, 'MoMo');
INSERT INTO Bill_Detail (billid, productid, quantity) VALUES (376, 33, 1);
INSERT INTO Ticket (movieshowid, seatid, billid, ticketprice, status, bookingchannel) VALUES (241, 132, 376, 80000, 'Đã thanh toán', 'Quầy');
INSERT INTO Bill (customerid, staffid, discountamount, totalamount) VALUES (216, 145, 10000, 682000);
INSERT INTO Payment (billid, paymenttype) VALUES (377, 'MoMo');
INSERT INTO Bill_Detail (billid, productid, quantity) VALUES (377, 45, 3);
INSERT INTO Bill_Detail (billid, productid, quantity) VALUES (377, 36, 1);
INSERT INTO Ticket (movieshowid, seatid, billid, ticketprice, status, bookingchannel) VALUES (218, 506, 377, 60000, 'Đã thanh toán', 'Quầy');
INSERT INTO Bill (customerid, staffid, discountamount, totalamount) VALUES (197, 122, 0, 219000);
INSERT INTO Payment (billid, paymenttype) VALUES (378, 'Tiền mặt');
INSERT INTO Bill_Detail (billid, productid, quantity) VALUES (378, 16, 2);
INSERT INTO Bill_Detail (billid, productid, quantity) VALUES (378, 35, 1);
INSERT INTO Ticket (movieshowid, seatid, billid, ticketprice, status, bookingchannel) VALUES (192, 883, 378, 60000, 'Đã thanh toán', 'App');
INSERT INTO Bill (customerid, staffid, discountamount, totalamount) VALUES (55, 141, 10000, 773000);
INSERT INTO Payment (billid, paymenttype) VALUES (379, 'MoMo');
INSERT INTO Bill_Detail (billid, productid, quantity) VALUES (379, 21, 3);
INSERT INTO Bill_Detail (billid, productid, quantity) VALUES (379, 12, 3);
INSERT INTO Ticket (movieshowid, seatid, billid, ticketprice, status, bookingchannel) VALUES (30, 1189, 379, 60000, 'Đã thanh toán', 'Quầy');
INSERT INTO Bill (customerid, staffid, discountamount, totalamount) VALUES (282, 137, 20000, 794000);
INSERT INTO Payment (billid, paymenttype) VALUES (380, 'MoMo');
INSERT INTO Bill_Detail (billid, productid, quantity) VALUES (380, 36, 1);
INSERT INTO Bill_Detail (billid, productid, quantity) VALUES (380, 2, 1);
INSERT INTO Ticket (movieshowid, seatid, billid, ticketprice, status, bookingchannel) VALUES (132, 425, 380, 80000, 'Đã thanh toán', 'App');
INSERT INTO Bill (customerid, staffid, discountamount, totalamount) VALUES (163, 123, 20000, 584000);
INSERT INTO Payment (billid, paymenttype) VALUES (381, 'Thẻ');
INSERT INTO Bill_Detail (billid, productid, quantity) VALUES (381, 42, 1);
INSERT INTO Bill_Detail (billid, productid, quantity) VALUES (381, 1, 3);
INSERT INTO Ticket (movieshowid, seatid, billid, ticketprice, status, bookingchannel) VALUES (205, 939, 381, 60000, 'Đã thanh toán', 'App');
INSERT INTO Bill (customerid, staffid, discountamount, totalamount) VALUES (484, 11, 0, 180000);
INSERT INTO Payment (billid, paymenttype) VALUES (382, 'Tiền mặt');
INSERT INTO Bill_Detail (billid, productid, quantity) VALUES (382, 4, 1);
INSERT INTO Ticket (movieshowid, seatid, billid, ticketprice, status, bookingchannel) VALUES (119, 1020, 382, 60000, 'Đã thanh toán', 'Quầy');
INSERT INTO Bill (customerid, staffid, discountamount, totalamount) VALUES (318, 131, 10000, 947000);
INSERT INTO Payment (billid, paymenttype) VALUES (383, 'Tiền mặt');
INSERT INTO Bill_Detail (billid, productid, quantity) VALUES (383, 10, 3);
INSERT INTO Bill_Detail (billid, productid, quantity) VALUES (383, 11, 1);
INSERT INTO Ticket (movieshowid, seatid, billid, ticketprice, status, bookingchannel) VALUES (415, 272, 383, 80000, 'Đã thanh toán', 'Quầy');
INSERT INTO Bill (customerid, staffid, discountamount, totalamount) VALUES (247, 119, 0, 442000);
INSERT INTO Payment (billid, paymenttype) VALUES (384, 'MoMo');
INSERT INTO Bill_Detail (billid, productid, quantity) VALUES (384, 7, 2);
INSERT INTO Ticket (movieshowid, seatid, billid, ticketprice, status, bookingchannel) VALUES (86, 196, 384, 80000, 'Đã thanh toán', 'Quầy');
INSERT INTO Bill (customerid, staffid, discountamount, totalamount) VALUES (457, 117, 10000, 709000);
INSERT INTO Payment (billid, paymenttype) VALUES (385, 'MoMo');
INSERT INTO Bill_Detail (billid, productid, quantity) VALUES (385, 46, 1);
INSERT INTO Ticket (movieshowid, seatid, billid, ticketprice, status, bookingchannel) VALUES (90, 89, 385, 80000, 'Đã thanh toán', 'App');
INSERT INTO Bill (customerid, staffid, discountamount, totalamount) VALUES (364, 54, 10000, 189000);
INSERT INTO Payment (billid, paymenttype) VALUES (386, 'MoMo');
INSERT INTO Bill_Detail (billid, productid, quantity) VALUES (386, 36, 3);
INSERT INTO Bill_Detail (billid, productid, quantity) VALUES (386, 47, 2);
INSERT INTO Ticket (movieshowid, seatid, billid, ticketprice, status, bookingchannel) VALUES (293, 461, 386, 60000, 'Đã thanh toán', 'Quầy');
INSERT INTO Bill (customerid, staffid, discountamount, totalamount) VALUES (423, 41, 0, 182000);
INSERT INTO Payment (billid, paymenttype) VALUES (387, 'MoMo');
INSERT INTO Bill_Detail (billid, productid, quantity) VALUES (387, 37, 2);
INSERT INTO Ticket (movieshowid, seatid, billid, ticketprice, status, bookingchannel) VALUES (149, 330, 387, 60000, 'Đã thanh toán', 'App');
INSERT INTO Bill (customerid, staffid, discountamount, totalamount) VALUES (240, 81, 20000, 977000);
INSERT INTO Payment (billid, paymenttype) VALUES (388, 'MoMo');
INSERT INTO Bill_Detail (billid, productid, quantity) VALUES (388, 45, 1);
INSERT INTO Ticket (movieshowid, seatid, billid, ticketprice, status, bookingchannel) VALUES (71, 1012, 388, 60000, 'Đã thanh toán', 'App');
INSERT INTO Bill (customerid, staffid, discountamount, totalamount) VALUES (85, 11, 20000, 263000);
INSERT INTO Payment (billid, paymenttype) VALUES (389, 'Thẻ');
INSERT INTO Bill_Detail (billid, productid, quantity) VALUES (389, 32, 2);
INSERT INTO Ticket (movieshowid, seatid, billid, ticketprice, status, bookingchannel) VALUES (435, 204, 389, 60000, 'Đã thanh toán', 'Quầy');
INSERT INTO Bill (customerid, staffid, discountamount, totalamount) VALUES (76, 66, 10000, 784000);
INSERT INTO Payment (billid, paymenttype) VALUES (390, 'Tiền mặt');
INSERT INTO Bill_Detail (billid, productid, quantity) VALUES (390, 22, 1);
INSERT INTO Bill_Detail (billid, productid, quantity) VALUES (390, 11, 3);
INSERT INTO Ticket (movieshowid, seatid, billid, ticketprice, status, bookingchannel) VALUES (399, 491, 390, 80000, 'Đã thanh toán', 'App');
INSERT INTO Bill (customerid, staffid, discountamount, totalamount) VALUES (209, 122, 20000, 163000);
INSERT INTO Payment (billid, paymenttype) VALUES (391, 'MoMo');
INSERT INTO Bill_Detail (billid, productid, quantity) VALUES (391, 12, 3);
INSERT INTO Ticket (movieshowid, seatid, billid, ticketprice, status, bookingchannel) VALUES (419, 421, 391, 80000, 'Đã thanh toán', 'App');
INSERT INTO Bill (customerid, staffid, discountamount, totalamount) VALUES (60, 77, 20000, 733000);
INSERT INTO Payment (billid, paymenttype) VALUES (392, 'Tiền mặt');
INSERT INTO Bill_Detail (billid, productid, quantity) VALUES (392, 42, 1);
INSERT INTO Bill_Detail (billid, productid, quantity) VALUES (392, 26, 2);
INSERT INTO Ticket (movieshowid, seatid, billid, ticketprice, status, bookingchannel) VALUES (293, 474, 392, 80000, 'Đã thanh toán', 'App');
INSERT INTO Bill (customerid, staffid, discountamount, totalamount) VALUES (144, 94, 20000, 832000);
INSERT INTO Payment (billid, paymenttype) VALUES (393, 'Tiền mặt');
INSERT INTO Bill_Detail (billid, productid, quantity) VALUES (393, 6, 1);
INSERT INTO Bill_Detail (billid, productid, quantity) VALUES (393, 30, 3);
INSERT INTO Ticket (movieshowid, seatid, billid, ticketprice, status, bookingchannel) VALUES (49, 105, 393, 80000, 'Đã thanh toán', 'App');
INSERT INTO Bill (customerid, staffid, discountamount, totalamount) VALUES (194, 3, 20000, 854000);
INSERT INTO Payment (billid, paymenttype) VALUES (394, 'Thẻ');
INSERT INTO Bill_Detail (billid, productid, quantity) VALUES (394, 33, 2);
INSERT INTO Bill_Detail (billid, productid, quantity) VALUES (394, 50, 1);
INSERT INTO Ticket (movieshowid, seatid, billid, ticketprice, status, bookingchannel) VALUES (474, 783, 394, 60000, 'Đã thanh toán', 'Quầy');
INSERT INTO Bill (customerid, staffid, discountamount, totalamount) VALUES (71, 132, 0, 673000);
INSERT INTO Payment (billid, paymenttype) VALUES (395, 'Thẻ');
INSERT INTO Bill_Detail (billid, productid, quantity) VALUES (395, 12, 3);
INSERT INTO Ticket (movieshowid, seatid, billid, ticketprice, status, bookingchannel) VALUES (346, 708, 395, 80000, 'Đã thanh toán', 'Quầy');
INSERT INTO Bill (customerid, staffid, discountamount, totalamount) VALUES (30, 42, 20000, 295000);
INSERT INTO Payment (billid, paymenttype) VALUES (396, 'Tiền mặt');
INSERT INTO Bill_Detail (billid, productid, quantity) VALUES (396, 30, 3);
INSERT INTO Ticket (movieshowid, seatid, billid, ticketprice, status, bookingchannel) VALUES (259, 670, 396, 80000, 'Đã thanh toán', 'Quầy');
INSERT INTO Bill (customerid, staffid, discountamount, totalamount) VALUES (244, 74, 20000, 816000);
INSERT INTO Payment (billid, paymenttype) VALUES (397, 'Thẻ');
INSERT INTO Bill_Detail (billid, productid, quantity) VALUES (397, 27, 2);
INSERT INTO Bill_Detail (billid, productid, quantity) VALUES (397, 28, 2);
INSERT INTO Ticket (movieshowid, seatid, billid, ticketprice, status, bookingchannel) VALUES (324, 225, 397, 60000, 'Đã thanh toán', 'App');
INSERT INTO Bill (customerid, staffid, discountamount, totalamount) VALUES (335, 122, 10000, 151000);
INSERT INTO Payment (billid, paymenttype) VALUES (398, 'MoMo');
INSERT INTO Bill_Detail (billid, productid, quantity) VALUES (398, 27, 1);
INSERT INTO Bill_Detail (billid, productid, quantity) VALUES (398, 12, 2);
INSERT INTO Ticket (movieshowid, seatid, billid, ticketprice, status, bookingchannel) VALUES (94, 1192, 398, 60000, 'Đã thanh toán', 'Quầy');
INSERT INTO Bill (customerid, staffid, discountamount, totalamount) VALUES (240, 117, 20000, 776000);
INSERT INTO Payment (billid, paymenttype) VALUES (399, 'Tiền mặt');
INSERT INTO Bill_Detail (billid, productid, quantity) VALUES (399, 1, 3);
INSERT INTO Ticket (movieshowid, seatid, billid, ticketprice, status, bookingchannel) VALUES (196, 143, 399, 60000, 'Đã thanh toán', 'App');
INSERT INTO Bill (customerid, staffid, discountamount, totalamount) VALUES (425, 139, 10000, 337000);
INSERT INTO Payment (billid, paymenttype) VALUES (400, 'Tiền mặt');
INSERT INTO Bill_Detail (billid, productid, quantity) VALUES (400, 43, 2);
INSERT INTO Bill_Detail (billid, productid, quantity) VALUES (400, 33, 1);
INSERT INTO Ticket (movieshowid, seatid, billid, ticketprice, status, bookingchannel) VALUES (141, 240, 400, 60000, 'Đã thanh toán', 'App');
INSERT INTO Bill (customerid, staffid, discountamount, totalamount) VALUES (284, 34, 10000, 260000);
INSERT INTO Payment (billid, paymenttype) VALUES (401, 'Tiền mặt');
INSERT INTO Bill_Detail (billid, productid, quantity) VALUES (401, 12, 2);
INSERT INTO Bill_Detail (billid, productid, quantity) VALUES (401, 5, 2);
INSERT INTO Ticket (movieshowid, seatid, billid, ticketprice, status, bookingchannel) VALUES (481, 1131, 401, 80000, 'Đã thanh toán', 'App');
INSERT INTO Bill (customerid, staffid, discountamount, totalamount) VALUES (280, 8, 20000, 130000);
INSERT INTO Payment (billid, paymenttype) VALUES (402, 'Thẻ');
INSERT INTO Bill_Detail (billid, productid, quantity) VALUES (402, 13, 3);
INSERT INTO Bill_Detail (billid, productid, quantity) VALUES (402, 23, 1);
INSERT INTO Ticket (movieshowid, seatid, billid, ticketprice, status, bookingchannel) VALUES (225, 228, 402, 80000, 'Đã thanh toán', 'App');
INSERT INTO Bill (customerid, staffid, discountamount, totalamount) VALUES (435, 42, 10000, 272000);
INSERT INTO Payment (billid, paymenttype) VALUES (403, 'Thẻ');
INSERT INTO Bill_Detail (billid, productid, quantity) VALUES (403, 48, 3);
INSERT INTO Ticket (movieshowid, seatid, billid, ticketprice, status, bookingchannel) VALUES (299, 81, 403, 60000, 'Đã thanh toán', 'App');
INSERT INTO Bill (customerid, staffid, discountamount, totalamount) VALUES (123, 111, 20000, 312000);
INSERT INTO Payment (billid, paymenttype) VALUES (404, 'MoMo');
INSERT INTO Bill_Detail (billid, productid, quantity) VALUES (404, 7, 1);
INSERT INTO Bill_Detail (billid, productid, quantity) VALUES (404, 46, 2);
INSERT INTO Ticket (movieshowid, seatid, billid, ticketprice, status, bookingchannel) VALUES (83, 565, 404, 60000, 'Đã thanh toán', 'App');
INSERT INTO Bill (customerid, staffid, discountamount, totalamount) VALUES (347, 104, 10000, 607000);
INSERT INTO Payment (billid, paymenttype) VALUES (405, 'MoMo');
INSERT INTO Bill_Detail (billid, productid, quantity) VALUES (405, 44, 3);
INSERT INTO Bill_Detail (billid, productid, quantity) VALUES (405, 40, 2);
INSERT INTO Ticket (movieshowid, seatid, billid, ticketprice, status, bookingchannel) VALUES (182, 1096, 405, 80000, 'Đã thanh toán', 'App');
INSERT INTO Bill (customerid, staffid, discountamount, totalamount) VALUES (414, 141, 20000, 811000);
INSERT INTO Payment (billid, paymenttype) VALUES (406, 'MoMo');
INSERT INTO Bill_Detail (billid, productid, quantity) VALUES (406, 19, 3);
INSERT INTO Ticket (movieshowid, seatid, billid, ticketprice, status, bookingchannel) VALUES (18, 1110, 406, 80000, 'Đã thanh toán', 'Quầy');
INSERT INTO Bill (customerid, staffid, discountamount, totalamount) VALUES (265, 85, 0, 872000);
INSERT INTO Payment (billid, paymenttype) VALUES (407, 'Thẻ');
INSERT INTO Bill_Detail (billid, productid, quantity) VALUES (407, 24, 1);
INSERT INTO Ticket (movieshowid, seatid, billid, ticketprice, status, bookingchannel) VALUES (266, 309, 407, 60000, 'Đã thanh toán', 'App');
INSERT INTO Bill (customerid, staffid, discountamount, totalamount) VALUES (226, 134, 0, 272000);
INSERT INTO Payment (billid, paymenttype) VALUES (408, 'Thẻ');
INSERT INTO Bill_Detail (billid, productid, quantity) VALUES (408, 47, 2);
INSERT INTO Bill_Detail (billid, productid, quantity) VALUES (408, 21, 2);
INSERT INTO Ticket (movieshowid, seatid, billid, ticketprice, status, bookingchannel) VALUES (93, 717, 408, 80000, 'Đã thanh toán', 'Quầy');
INSERT INTO Bill (customerid, staffid, discountamount, totalamount) VALUES (162, 9, 20000, 228000);
INSERT INTO Payment (billid, paymenttype) VALUES (409, 'Tiền mặt');
INSERT INTO Bill_Detail (billid, productid, quantity) VALUES (409, 26, 2);
INSERT INTO Ticket (movieshowid, seatid, billid, ticketprice, status, bookingchannel) VALUES (387, 671, 409, 60000, 'Đã thanh toán', 'App');
INSERT INTO Bill (customerid, staffid, discountamount, totalamount) VALUES (361, 137, 0, 486000);
INSERT INTO Payment (billid, paymenttype) VALUES (410, 'Thẻ');
INSERT INTO Bill_Detail (billid, productid, quantity) VALUES (410, 19, 1);
INSERT INTO Ticket (movieshowid, seatid, billid, ticketprice, status, bookingchannel) VALUES (288, 596, 410, 80000, 'Đã thanh toán', 'App');
INSERT INTO Bill (customerid, staffid, discountamount, totalamount) VALUES (280, 136, 20000, 828000);
INSERT INTO Payment (billid, paymenttype) VALUES (411, 'Tiền mặt');
INSERT INTO Bill_Detail (billid, productid, quantity) VALUES (411, 43, 1);
INSERT INTO Ticket (movieshowid, seatid, billid, ticketprice, status, bookingchannel) VALUES (177, 154, 411, 60000, 'Đã thanh toán', 'App');
INSERT INTO Bill (customerid, staffid, discountamount, totalamount) VALUES (253, 116, 0, 188000);
INSERT INTO Payment (billid, paymenttype) VALUES (412, 'Thẻ');
INSERT INTO Bill_Detail (billid, productid, quantity) VALUES (412, 40, 1);
INSERT INTO Bill_Detail (billid, productid, quantity) VALUES (412, 8, 1);
INSERT INTO Ticket (movieshowid, seatid, billid, ticketprice, status, bookingchannel) VALUES (62, 995, 412, 60000, 'Đã thanh toán', 'App');
INSERT INTO Bill (customerid, staffid, discountamount, totalamount) VALUES (452, 101, 0, 115000);
INSERT INTO Payment (billid, paymenttype) VALUES (413, 'Thẻ');
INSERT INTO Bill_Detail (billid, productid, quantity) VALUES (413, 32, 2);
INSERT INTO Bill_Detail (billid, productid, quantity) VALUES (413, 14, 1);
INSERT INTO Ticket (movieshowid, seatid, billid, ticketprice, status, bookingchannel) VALUES (495, 622, 413, 60000, 'Đã thanh toán', 'Quầy');
INSERT INTO Bill (customerid, staffid, discountamount, totalamount) VALUES (277, 64, 0, 276000);
INSERT INTO Payment (billid, paymenttype) VALUES (414, 'Thẻ');
INSERT INTO Bill_Detail (billid, productid, quantity) VALUES (414, 42, 2);
INSERT INTO Ticket (movieshowid, seatid, billid, ticketprice, status, bookingchannel) VALUES (19, 167, 414, 60000, 'Đã thanh toán', 'App');
INSERT INTO Bill (customerid, staffid, discountamount, totalamount) VALUES (48, 1, 10000, 232000);
INSERT INTO Payment (billid, paymenttype) VALUES (415, 'Thẻ');
INSERT INTO Bill_Detail (billid, productid, quantity) VALUES (415, 36, 2);
INSERT INTO Bill_Detail (billid, productid, quantity) VALUES (415, 25, 1);
INSERT INTO Ticket (movieshowid, seatid, billid, ticketprice, status, bookingchannel) VALUES (346, 159, 415, 80000, 'Đã thanh toán', 'App');
INSERT INTO Bill (customerid, staffid, discountamount, totalamount) VALUES (61, 15, 20000, 310000);
INSERT INTO Payment (billid, paymenttype) VALUES (416, 'Tiền mặt');
INSERT INTO Bill_Detail (billid, productid, quantity) VALUES (416, 23, 3);
INSERT INTO Ticket (movieshowid, seatid, billid, ticketprice, status, bookingchannel) VALUES (440, 644, 416, 80000, 'Đã thanh toán', 'Quầy');
INSERT INTO Bill (customerid, staffid, discountamount, totalamount) VALUES (280, 120, 20000, 454000);
INSERT INTO Payment (billid, paymenttype) VALUES (417, 'MoMo');
INSERT INTO Bill_Detail (billid, productid, quantity) VALUES (417, 30, 1);
INSERT INTO Bill_Detail (billid, productid, quantity) VALUES (417, 7, 3);
INSERT INTO Ticket (movieshowid, seatid, billid, ticketprice, status, bookingchannel) VALUES (8, 492, 417, 80000, 'Đã thanh toán', 'Quầy');
INSERT INTO Bill (customerid, staffid, discountamount, totalamount) VALUES (266, 21, 20000, 558000);
INSERT INTO Payment (billid, paymenttype) VALUES (418, 'MoMo');
INSERT INTO Bill_Detail (billid, productid, quantity) VALUES (418, 34, 2);
INSERT INTO Ticket (movieshowid, seatid, billid, ticketprice, status, bookingchannel) VALUES (365, 82, 418, 80000, 'Đã thanh toán', 'App');
INSERT INTO Bill (customerid, staffid, discountamount, totalamount) VALUES (104, 143, 0, 232000);
INSERT INTO Payment (billid, paymenttype) VALUES (419, 'Thẻ');
INSERT INTO Bill_Detail (billid, productid, quantity) VALUES (419, 43, 2);
INSERT INTO Ticket (movieshowid, seatid, billid, ticketprice, status, bookingchannel) VALUES (146, 392, 419, 60000, 'Đã thanh toán', 'Quầy');
INSERT INTO Bill (customerid, staffid, discountamount, totalamount) VALUES (277, 43, 10000, 133000);
INSERT INTO Payment (billid, paymenttype) VALUES (420, 'MoMo');
INSERT INTO Bill_Detail (billid, productid, quantity) VALUES (420, 10, 1);
INSERT INTO Bill_Detail (billid, productid, quantity) VALUES (420, 32, 3);
INSERT INTO Ticket (movieshowid, seatid, billid, ticketprice, status, bookingchannel) VALUES (23, 745, 420, 80000, 'Đã thanh toán', 'Quầy');
INSERT INTO Bill (customerid, staffid, discountamount, totalamount) VALUES (360, 57, 20000, 730000);
INSERT INTO Payment (billid, paymenttype) VALUES (421, 'Thẻ');
INSERT INTO Bill_Detail (billid, productid, quantity) VALUES (421, 48, 1);
INSERT INTO Bill_Detail (billid, productid, quantity) VALUES (421, 28, 2);
INSERT INTO Ticket (movieshowid, seatid, billid, ticketprice, status, bookingchannel) VALUES (138, 877, 421, 80000, 'Đã thanh toán', 'App');
INSERT INTO Bill (customerid, staffid, discountamount, totalamount) VALUES (257, 72, 10000, 383000);
INSERT INTO Payment (billid, paymenttype) VALUES (422, 'Tiền mặt');
INSERT INTO Bill_Detail (billid, productid, quantity) VALUES (422, 29, 1);
INSERT INTO Ticket (movieshowid, seatid, billid, ticketprice, status, bookingchannel) VALUES (264, 718, 422, 80000, 'Đã thanh toán', 'Quầy');
INSERT INTO Bill (customerid, staffid, discountamount, totalamount) VALUES (138, 83, 0, 192000);
INSERT INTO Payment (billid, paymenttype) VALUES (423, 'Tiền mặt');
INSERT INTO Bill_Detail (billid, productid, quantity) VALUES (423, 12, 1);
INSERT INTO Ticket (movieshowid, seatid, billid, ticketprice, status, bookingchannel) VALUES (15, 1005, 423, 60000, 'Đã thanh toán', 'Quầy');
INSERT INTO Bill (customerid, staffid, discountamount, totalamount) VALUES (170, 62, 20000, 270000);
INSERT INTO Payment (billid, paymenttype) VALUES (424, 'Tiền mặt');
INSERT INTO Bill_Detail (billid, productid, quantity) VALUES (424, 31, 3);
INSERT INTO Ticket (movieshowid, seatid, billid, ticketprice, status, bookingchannel) VALUES (391, 236, 424, 60000, 'Đã thanh toán', 'Quầy');
INSERT INTO Bill (customerid, staffid, discountamount, totalamount) VALUES (102, 148, 10000, 682000);
INSERT INTO Payment (billid, paymenttype) VALUES (425, 'Tiền mặt');
INSERT INTO Bill_Detail (billid, productid, quantity) VALUES (425, 1, 3);
INSERT INTO Ticket (movieshowid, seatid, billid, ticketprice, status, bookingchannel) VALUES (393, 892, 425, 60000, 'Đã thanh toán', 'Quầy');
INSERT INTO Bill (customerid, staffid, discountamount, totalamount) VALUES (323, 3, 0, 667000);
INSERT INTO Payment (billid, paymenttype) VALUES (426, 'Thẻ');
INSERT INTO Bill_Detail (billid, productid, quantity) VALUES (426, 17, 1);
INSERT INTO Bill_Detail (billid, productid, quantity) VALUES (426, 3, 2);
INSERT INTO Ticket (movieshowid, seatid, billid, ticketprice, status, bookingchannel) VALUES (100, 665, 426, 80000, 'Đã thanh toán', 'Quầy');
INSERT INTO Bill (customerid, staffid, discountamount, totalamount) VALUES (241, 139, 20000, 884000);
INSERT INTO Payment (billid, paymenttype) VALUES (427, 'MoMo');
INSERT INTO Bill_Detail (billid, productid, quantity) VALUES (427, 32, 3);
INSERT INTO Bill_Detail (billid, productid, quantity) VALUES (427, 11, 1);
INSERT INTO Ticket (movieshowid, seatid, billid, ticketprice, status, bookingchannel) VALUES (312, 1115, 427, 80000, 'Đã thanh toán', 'App');
INSERT INTO Bill (customerid, staffid, discountamount, totalamount) VALUES (167, 119, 0, 168000);
INSERT INTO Payment (billid, paymenttype) VALUES (428, 'Thẻ');
INSERT INTO Bill_Detail (billid, productid, quantity) VALUES (428, 42, 3);
INSERT INTO Bill_Detail (billid, productid, quantity) VALUES (428, 20, 3);
INSERT INTO Ticket (movieshowid, seatid, billid, ticketprice, status, bookingchannel) VALUES (113, 298, 428, 80000, 'Đã thanh toán', 'App');
INSERT INTO Bill (customerid, staffid, discountamount, totalamount) VALUES (200, 89, 10000, 733000);
INSERT INTO Payment (billid, paymenttype) VALUES (429, 'Tiền mặt');
INSERT INTO Bill_Detail (billid, productid, quantity) VALUES (429, 3, 3);
INSERT INTO Ticket (movieshowid, seatid, billid, ticketprice, status, bookingchannel) VALUES (225, 766, 429, 60000, 'Đã thanh toán', 'App');
INSERT INTO Bill (customerid, staffid, discountamount, totalamount) VALUES (178, 35, 10000, 677000);
INSERT INTO Payment (billid, paymenttype) VALUES (430, 'Tiền mặt');
INSERT INTO Bill_Detail (billid, productid, quantity) VALUES (430, 20, 1);
INSERT INTO Bill_Detail (billid, productid, quantity) VALUES (430, 40, 2);
INSERT INTO Ticket (movieshowid, seatid, billid, ticketprice, status, bookingchannel) VALUES (463, 167, 430, 60000, 'Đã thanh toán', 'Quầy');
INSERT INTO Bill (customerid, staffid, discountamount, totalamount) VALUES (485, 20, 20000, 267000);
INSERT INTO Payment (billid, paymenttype) VALUES (431, 'Tiền mặt');
INSERT INTO Bill_Detail (billid, productid, quantity) VALUES (431, 36, 2);
INSERT INTO Bill_Detail (billid, productid, quantity) VALUES (431, 29, 2);
INSERT INTO Ticket (movieshowid, seatid, billid, ticketprice, status, bookingchannel) VALUES (370, 758, 431, 60000, 'Đã thanh toán', 'App');
INSERT INTO Bill (customerid, staffid, discountamount, totalamount) VALUES (308, 66, 20000, 178000);
INSERT INTO Payment (billid, paymenttype) VALUES (432, 'Thẻ');
INSERT INTO Bill_Detail (billid, productid, quantity) VALUES (432, 32, 3);
INSERT INTO Bill_Detail (billid, productid, quantity) VALUES (432, 3, 1);
INSERT INTO Ticket (movieshowid, seatid, billid, ticketprice, status, bookingchannel) VALUES (168, 158, 432, 60000, 'Đã thanh toán', 'Quầy');
INSERT INTO Bill (customerid, staffid, discountamount, totalamount) VALUES (283, 118, 10000, 389000);
INSERT INTO Payment (billid, paymenttype) VALUES (433, 'Tiền mặt');
INSERT INTO Bill_Detail (billid, productid, quantity) VALUES (433, 37, 2);
INSERT INTO Bill_Detail (billid, productid, quantity) VALUES (433, 27, 2);
INSERT INTO Ticket (movieshowid, seatid, billid, ticketprice, status, bookingchannel) VALUES (67, 1071, 433, 80000, 'Đã thanh toán', 'Quầy');
INSERT INTO Bill (customerid, staffid, discountamount, totalamount) VALUES (300, 14, 0, 154000);
INSERT INTO Payment (billid, paymenttype) VALUES (434, 'Thẻ');
INSERT INTO Bill_Detail (billid, productid, quantity) VALUES (434, 16, 2);
INSERT INTO Ticket (movieshowid, seatid, billid, ticketprice, status, bookingchannel) VALUES (218, 547, 434, 60000, 'Đã thanh toán', 'Quầy');
INSERT INTO Bill (customerid, staffid, discountamount, totalamount) VALUES (403, 5, 10000, 529000);
INSERT INTO Payment (billid, paymenttype) VALUES (435, 'Tiền mặt');
INSERT INTO Bill_Detail (billid, productid, quantity) VALUES (435, 49, 1);
INSERT INTO Bill_Detail (billid, productid, quantity) VALUES (435, 15, 1);
INSERT INTO Ticket (movieshowid, seatid, billid, ticketprice, status, bookingchannel) VALUES (118, 1087, 435, 60000, 'Đã thanh toán', 'App');
INSERT INTO Bill (customerid, staffid, discountamount, totalamount) VALUES (78, 92, 0, 179000);
INSERT INTO Payment (billid, paymenttype) VALUES (436, 'Tiền mặt');
INSERT INTO Bill_Detail (billid, productid, quantity) VALUES (436, 44, 3);
INSERT INTO Bill_Detail (billid, productid, quantity) VALUES (436, 38, 1);
INSERT INTO Ticket (movieshowid, seatid, billid, ticketprice, status, bookingchannel) VALUES (258, 117, 436, 60000, 'Đã thanh toán', 'App');
INSERT INTO Bill (customerid, staffid, discountamount, totalamount) VALUES (457, 135, 10000, 515000);
INSERT INTO Payment (billid, paymenttype) VALUES (437, 'Thẻ');
INSERT INTO Bill_Detail (billid, productid, quantity) VALUES (437, 16, 2);
INSERT INTO Ticket (movieshowid, seatid, billid, ticketprice, status, bookingchannel) VALUES (61, 647, 437, 60000, 'Đã thanh toán', 'Quầy');
INSERT INTO Bill (customerid, staffid, discountamount, totalamount) VALUES (383, 65, 20000, 470000);
INSERT INTO Payment (billid, paymenttype) VALUES (438, 'MoMo');
INSERT INTO Bill_Detail (billid, productid, quantity) VALUES (438, 8, 2);
INSERT INTO Ticket (movieshowid, seatid, billid, ticketprice, status, bookingchannel) VALUES (411, 690, 438, 80000, 'Đã thanh toán', 'App');
INSERT INTO Bill (customerid, staffid, discountamount, totalamount) VALUES (224, 104, 10000, 532000);
INSERT INTO Payment (billid, paymenttype) VALUES (439, 'Thẻ');
INSERT INTO Bill_Detail (billid, productid, quantity) VALUES (439, 49, 1);
INSERT INTO Ticket (movieshowid, seatid, billid, ticketprice, status, bookingchannel) VALUES (458, 376, 439, 60000, 'Đã thanh toán', 'Quầy');
INSERT INTO Bill (customerid, staffid, discountamount, totalamount) VALUES (344, 130, 10000, 383000);
INSERT INTO Payment (billid, paymenttype) VALUES (440, 'Thẻ');
INSERT INTO Bill_Detail (billid, productid, quantity) VALUES (440, 1, 1);
INSERT INTO Ticket (movieshowid, seatid, billid, ticketprice, status, bookingchannel) VALUES (129, 493, 440, 60000, 'Đã thanh toán', 'Quầy');
INSERT INTO Bill (customerid, staffid, discountamount, totalamount) VALUES (476, 30, 10000, 801000);
INSERT INTO Payment (billid, paymenttype) VALUES (441, 'Tiền mặt');
INSERT INTO Bill_Detail (billid, productid, quantity) VALUES (441, 18, 3);
INSERT INTO Ticket (movieshowid, seatid, billid, ticketprice, status, bookingchannel) VALUES (382, 79, 441, 60000, 'Đã thanh toán', 'App');
INSERT INTO Bill (customerid, staffid, discountamount, totalamount) VALUES (389, 50, 20000, 129000);
INSERT INTO Payment (billid, paymenttype) VALUES (442, 'Tiền mặt');
INSERT INTO Bill_Detail (billid, productid, quantity) VALUES (442, 16, 3);
INSERT INTO Ticket (movieshowid, seatid, billid, ticketprice, status, bookingchannel) VALUES (364, 4, 442, 60000, 'Đã thanh toán', 'Quầy');
INSERT INTO Bill (customerid, staffid, discountamount, totalamount) VALUES (483, 34, 10000, 793000);
INSERT INTO Payment (billid, paymenttype) VALUES (443, 'Thẻ');
INSERT INTO Bill_Detail (billid, productid, quantity) VALUES (443, 14, 2);
INSERT INTO Ticket (movieshowid, seatid, billid, ticketprice, status, bookingchannel) VALUES (326, 327, 443, 80000, 'Đã thanh toán', 'App');
INSERT INTO Bill (customerid, staffid, discountamount, totalamount) VALUES (230, 124, 10000, 702000);
INSERT INTO Payment (billid, paymenttype) VALUES (444, 'MoMo');
INSERT INTO Bill_Detail (billid, productid, quantity) VALUES (444, 14, 1);
INSERT INTO Bill_Detail (billid, productid, quantity) VALUES (444, 9, 3);
INSERT INTO Ticket (movieshowid, seatid, billid, ticketprice, status, bookingchannel) VALUES (230, 467, 444, 80000, 'Đã thanh toán', 'App');
INSERT INTO Bill (customerid, staffid, discountamount, totalamount) VALUES (185, 103, 0, 306000);
INSERT INTO Payment (billid, paymenttype) VALUES (445, 'Tiền mặt');
INSERT INTO Bill_Detail (billid, productid, quantity) VALUES (445, 10, 2);
INSERT INTO Bill_Detail (billid, productid, quantity) VALUES (445, 40, 2);
INSERT INTO Ticket (movieshowid, seatid, billid, ticketprice, status, bookingchannel) VALUES (495, 691, 445, 80000, 'Đã thanh toán', 'App');
INSERT INTO Bill (customerid, staffid, discountamount, totalamount) VALUES (217, 17, 0, 709000);
INSERT INTO Payment (billid, paymenttype) VALUES (446, 'Thẻ');
INSERT INTO Bill_Detail (billid, productid, quantity) VALUES (446, 24, 3);
INSERT INTO Ticket (movieshowid, seatid, billid, ticketprice, status, bookingchannel) VALUES (342, 587, 446, 80000, 'Đã thanh toán', 'App');
INSERT INTO Bill (customerid, staffid, discountamount, totalamount) VALUES (154, 111, 0, 165000);
INSERT INTO Payment (billid, paymenttype) VALUES (447, 'Tiền mặt');
INSERT INTO Bill_Detail (billid, productid, quantity) VALUES (447, 44, 2);
INSERT INTO Bill_Detail (billid, productid, quantity) VALUES (447, 3, 2);
INSERT INTO Ticket (movieshowid, seatid, billid, ticketprice, status, bookingchannel) VALUES (206, 37, 447, 60000, 'Đã thanh toán', 'App');
INSERT INTO Bill (customerid, staffid, discountamount, totalamount) VALUES (222, 127, 0, 295000);
INSERT INTO Payment (billid, paymenttype) VALUES (448, 'Thẻ');
INSERT INTO Bill_Detail (billid, productid, quantity) VALUES (448, 33, 3);
INSERT INTO Ticket (movieshowid, seatid, billid, ticketprice, status, bookingchannel) VALUES (4, 880, 448, 80000, 'Đã thanh toán', 'Quầy');
INSERT INTO Bill (customerid, staffid, discountamount, totalamount) VALUES (328, 57, 0, 834000);
INSERT INTO Payment (billid, paymenttype) VALUES (449, 'MoMo');
INSERT INTO Bill_Detail (billid, productid, quantity) VALUES (449, 11, 2);
INSERT INTO Ticket (movieshowid, seatid, billid, ticketprice, status, bookingchannel) VALUES (410, 999, 449, 60000, 'Đã thanh toán', 'App');
INSERT INTO Bill (customerid, staffid, discountamount, totalamount) VALUES (187, 77, 0, 167000);
INSERT INTO Payment (billid, paymenttype) VALUES (450, 'Tiền mặt');
INSERT INTO Bill_Detail (billid, productid, quantity) VALUES (450, 21, 2);
INSERT INTO Bill_Detail (billid, productid, quantity) VALUES (450, 28, 2);
INSERT INTO Ticket (movieshowid, seatid, billid, ticketprice, status, bookingchannel) VALUES (53, 345, 450, 60000, 'Đã thanh toán', 'Quầy');
INSERT INTO Bill (customerid, staffid, discountamount, totalamount) VALUES (254, 88, 0, 817000);
INSERT INTO Payment (billid, paymenttype) VALUES (451, 'Thẻ');
INSERT INTO Bill_Detail (billid, productid, quantity) VALUES (451, 45, 3);
INSERT INTO Bill_Detail (billid, productid, quantity) VALUES (451, 5, 1);
INSERT INTO Ticket (movieshowid, seatid, billid, ticketprice, status, bookingchannel) VALUES (322, 739, 451, 80000, 'Đã thanh toán', 'App');
INSERT INTO Bill (customerid, staffid, discountamount, totalamount) VALUES (180, 75, 10000, 403000);
INSERT INTO Payment (billid, paymenttype) VALUES (452, 'Tiền mặt');
INSERT INTO Bill_Detail (billid, productid, quantity) VALUES (452, 39, 1);
INSERT INTO Bill_Detail (billid, productid, quantity) VALUES (452, 46, 3);
INSERT INTO Ticket (movieshowid, seatid, billid, ticketprice, status, bookingchannel) VALUES (125, 430, 452, 80000, 'Đã thanh toán', 'App');
INSERT INTO Bill (customerid, staffid, discountamount, totalamount) VALUES (360, 82, 10000, 771000);
INSERT INTO Payment (billid, paymenttype) VALUES (453, 'Tiền mặt');
INSERT INTO Bill_Detail (billid, productid, quantity) VALUES (453, 32, 1);
INSERT INTO Ticket (movieshowid, seatid, billid, ticketprice, status, bookingchannel) VALUES (311, 37, 453, 80000, 'Đã thanh toán', 'Quầy');
INSERT INTO Bill (customerid, staffid, discountamount, totalamount) VALUES (444, 60, 10000, 488000);
INSERT INTO Payment (billid, paymenttype) VALUES (454, 'Tiền mặt');
INSERT INTO Bill_Detail (billid, productid, quantity) VALUES (454, 23, 3);
INSERT INTO Bill_Detail (billid, productid, quantity) VALUES (454, 4, 1);
INSERT INTO Ticket (movieshowid, seatid, billid, ticketprice, status, bookingchannel) VALUES (289, 934, 454, 60000, 'Đã thanh toán', 'Quầy');
INSERT INTO Bill (customerid, staffid, discountamount, totalamount) VALUES (374, 23, 10000, 643000);
INSERT INTO Payment (billid, paymenttype) VALUES (455, 'Tiền mặt');
INSERT INTO Bill_Detail (billid, productid, quantity) VALUES (455, 31, 2);
INSERT INTO Bill_Detail (billid, productid, quantity) VALUES (455, 42, 2);
INSERT INTO Ticket (movieshowid, seatid, billid, ticketprice, status, bookingchannel) VALUES (418, 909, 455, 60000, 'Đã thanh toán', 'Quầy');
INSERT INTO Bill (customerid, staffid, discountamount, totalamount) VALUES (238, 34, 10000, 264000);
INSERT INTO Payment (billid, paymenttype) VALUES (456, 'Tiền mặt');
INSERT INTO Bill_Detail (billid, productid, quantity) VALUES (456, 20, 2);
INSERT INTO Ticket (movieshowid, seatid, billid, ticketprice, status, bookingchannel) VALUES (168, 1053, 456, 60000, 'Đã thanh toán', 'Quầy');
INSERT INTO Bill (customerid, staffid, discountamount, totalamount) VALUES (231, 56, 10000, 795000);
INSERT INTO Payment (billid, paymenttype) VALUES (457, 'Thẻ');
INSERT INTO Bill_Detail (billid, productid, quantity) VALUES (457, 47, 3);
INSERT INTO Ticket (movieshowid, seatid, billid, ticketprice, status, bookingchannel) VALUES (438, 1152, 457, 60000, 'Đã thanh toán', 'App');
INSERT INTO Bill (customerid, staffid, discountamount, totalamount) VALUES (275, 9, 0, 745000);
INSERT INTO Payment (billid, paymenttype) VALUES (458, 'Thẻ');
INSERT INTO Bill_Detail (billid, productid, quantity) VALUES (458, 35, 1);
INSERT INTO Ticket (movieshowid, seatid, billid, ticketprice, status, bookingchannel) VALUES (367, 563, 458, 80000, 'Đã thanh toán', 'App');
INSERT INTO Bill (customerid, staffid, discountamount, totalamount) VALUES (383, 119, 10000, 303000);
INSERT INTO Payment (billid, paymenttype) VALUES (459, 'Tiền mặt');
INSERT INTO Bill_Detail (billid, productid, quantity) VALUES (459, 4, 1);
INSERT INTO Bill_Detail (billid, productid, quantity) VALUES (459, 21, 3);
INSERT INTO Ticket (movieshowid, seatid, billid, ticketprice, status, bookingchannel) VALUES (281, 350, 459, 80000, 'Đã thanh toán', 'App');
INSERT INTO Bill (customerid, staffid, discountamount, totalamount) VALUES (458, 113, 20000, 693000);
INSERT INTO Payment (billid, paymenttype) VALUES (460, 'Thẻ');
INSERT INTO Bill_Detail (billid, productid, quantity) VALUES (460, 26, 3);
INSERT INTO Bill_Detail (billid, productid, quantity) VALUES (460, 8, 1);
INSERT INTO Ticket (movieshowid, seatid, billid, ticketprice, status, bookingchannel) VALUES (453, 343, 460, 80000, 'Đã thanh toán', 'Quầy');
INSERT INTO Bill (customerid, staffid, discountamount, totalamount) VALUES (380, 88, 10000, 868000);
INSERT INTO Payment (billid, paymenttype) VALUES (461, 'Thẻ');
INSERT INTO Bill_Detail (billid, productid, quantity) VALUES (461, 28, 2);
INSERT INTO Bill_Detail (billid, productid, quantity) VALUES (461, 29, 2);
INSERT INTO Ticket (movieshowid, seatid, billid, ticketprice, status, bookingchannel) VALUES (21, 760, 461, 60000, 'Đã thanh toán', 'App');
INSERT INTO Bill (customerid, staffid, discountamount, totalamount) VALUES (175, 120, 20000, 572000);
INSERT INTO Payment (billid, paymenttype) VALUES (462, 'Thẻ');
INSERT INTO Bill_Detail (billid, productid, quantity) VALUES (462, 16, 1);
INSERT INTO Ticket (movieshowid, seatid, billid, ticketprice, status, bookingchannel) VALUES (107, 341, 462, 60000, 'Đã thanh toán', 'App');
INSERT INTO Bill (customerid, staffid, discountamount, totalamount) VALUES (285, 144, 10000, 309000);
INSERT INTO Payment (billid, paymenttype) VALUES (463, 'Tiền mặt');
INSERT INTO Bill_Detail (billid, productid, quantity) VALUES (463, 2, 2);
INSERT INTO Ticket (movieshowid, seatid, billid, ticketprice, status, bookingchannel) VALUES (356, 86, 463, 80000, 'Đã thanh toán', 'App');
INSERT INTO Bill (customerid, staffid, discountamount, totalamount) VALUES (483, 135, 0, 183000);
INSERT INTO Payment (billid, paymenttype) VALUES (464, 'MoMo');
INSERT INTO Bill_Detail (billid, productid, quantity) VALUES (464, 27, 3);
INSERT INTO Ticket (movieshowid, seatid, billid, ticketprice, status, bookingchannel) VALUES (376, 351, 464, 60000, 'Đã thanh toán', 'App');
INSERT INTO Bill (customerid, staffid, discountamount, totalamount) VALUES (420, 104, 10000, 374000);
INSERT INTO Payment (billid, paymenttype) VALUES (465, 'Tiền mặt');
INSERT INTO Bill_Detail (billid, productid, quantity) VALUES (465, 31, 1);
INSERT INTO Bill_Detail (billid, productid, quantity) VALUES (465, 18, 1);
INSERT INTO Ticket (movieshowid, seatid, billid, ticketprice, status, bookingchannel) VALUES (73, 686, 465, 80000, 'Đã thanh toán', 'App');
INSERT INTO Bill (customerid, staffid, discountamount, totalamount) VALUES (238, 78, 20000, 349000);
INSERT INTO Payment (billid, paymenttype) VALUES (466, 'Thẻ');
INSERT INTO Bill_Detail (billid, productid, quantity) VALUES (466, 4, 3);
INSERT INTO Bill_Detail (billid, productid, quantity) VALUES (466, 16, 2);
INSERT INTO Ticket (movieshowid, seatid, billid, ticketprice, status, bookingchannel) VALUES (483, 283, 466, 60000, 'Đã thanh toán', 'App');
INSERT INTO Bill (customerid, staffid, discountamount, totalamount) VALUES (261, 47, 20000, 428000);
INSERT INTO Payment (billid, paymenttype) VALUES (467, 'Tiền mặt');
INSERT INTO Bill_Detail (billid, productid, quantity) VALUES (467, 27, 2);
INSERT INTO Bill_Detail (billid, productid, quantity) VALUES (467, 47, 2);
INSERT INTO Ticket (movieshowid, seatid, billid, ticketprice, status, bookingchannel) VALUES (18, 488, 467, 80000, 'Đã thanh toán', 'App');
INSERT INTO Bill (customerid, staffid, discountamount, totalamount) VALUES (140, 114, 10000, 1000000);
INSERT INTO Payment (billid, paymenttype) VALUES (468, 'Thẻ');
INSERT INTO Bill_Detail (billid, productid, quantity) VALUES (468, 27, 3);
INSERT INTO Bill_Detail (billid, productid, quantity) VALUES (468, 26, 3);
INSERT INTO Ticket (movieshowid, seatid, billid, ticketprice, status, bookingchannel) VALUES (465, 682, 468, 60000, 'Đã thanh toán', 'Quầy');
INSERT INTO Bill (customerid, staffid, discountamount, totalamount) VALUES (231, 58, 10000, 804000);
INSERT INTO Payment (billid, paymenttype) VALUES (469, 'MoMo');
INSERT INTO Bill_Detail (billid, productid, quantity) VALUES (469, 46, 3);
INSERT INTO Bill_Detail (billid, productid, quantity) VALUES (469, 21, 1);
INSERT INTO Ticket (movieshowid, seatid, billid, ticketprice, status, bookingchannel) VALUES (442, 165, 469, 80000, 'Đã thanh toán', 'App');
INSERT INTO Bill (customerid, staffid, discountamount, totalamount) VALUES (406, 131, 0, 544000);
INSERT INTO Payment (billid, paymenttype) VALUES (470, 'Tiền mặt');
INSERT INTO Bill_Detail (billid, productid, quantity) VALUES (470, 42, 1);
INSERT INTO Ticket (movieshowid, seatid, billid, ticketprice, status, bookingchannel) VALUES (115, 793, 470, 60000, 'Đã thanh toán', 'App');
INSERT INTO Bill (customerid, staffid, discountamount, totalamount) VALUES (484, 9, 20000, 342000);
INSERT INTO Payment (billid, paymenttype) VALUES (471, 'Thẻ');
INSERT INTO Bill_Detail (billid, productid, quantity) VALUES (471, 11, 1);
INSERT INTO Bill_Detail (billid, productid, quantity) VALUES (471, 18, 3);
INSERT INTO Ticket (movieshowid, seatid, billid, ticketprice, status, bookingchannel) VALUES (102, 75, 471, 60000, 'Đã thanh toán', 'Quầy');
INSERT INTO Bill (customerid, staffid, discountamount, totalamount) VALUES (492, 117, 10000, 484000);
INSERT INTO Payment (billid, paymenttype) VALUES (472, 'Tiền mặt');
INSERT INTO Bill_Detail (billid, productid, quantity) VALUES (472, 26, 2);
INSERT INTO Ticket (movieshowid, seatid, billid, ticketprice, status, bookingchannel) VALUES (318, 79, 472, 60000, 'Đã thanh toán', 'Quầy');
INSERT INTO Bill (customerid, staffid, discountamount, totalamount) VALUES (153, 1, 10000, 819000);
INSERT INTO Payment (billid, paymenttype) VALUES (473, 'MoMo');
INSERT INTO Bill_Detail (billid, productid, quantity) VALUES (473, 34, 1);
INSERT INTO Ticket (movieshowid, seatid, billid, ticketprice, status, bookingchannel) VALUES (466, 1001, 473, 80000, 'Đã thanh toán', 'App');
INSERT INTO Bill (customerid, staffid, discountamount, totalamount) VALUES (23, 29, 20000, 416000);
INSERT INTO Payment (billid, paymenttype) VALUES (474, 'Tiền mặt');
INSERT INTO Bill_Detail (billid, productid, quantity) VALUES (474, 30, 1);
INSERT INTO Bill_Detail (billid, productid, quantity) VALUES (474, 35, 3);
INSERT INTO Ticket (movieshowid, seatid, billid, ticketprice, status, bookingchannel) VALUES (341, 777, 474, 60000, 'Đã thanh toán', 'App');
INSERT INTO Bill (customerid, staffid, discountamount, totalamount) VALUES (319, 6, 10000, 103000);
INSERT INTO Payment (billid, paymenttype) VALUES (475, 'Thẻ');
INSERT INTO Bill_Detail (billid, productid, quantity) VALUES (475, 38, 2);
INSERT INTO Ticket (movieshowid, seatid, billid, ticketprice, status, bookingchannel) VALUES (119, 1066, 475, 60000, 'Đã thanh toán', 'Quầy');
INSERT INTO Bill (customerid, staffid, discountamount, totalamount) VALUES (163, 81, 0, 534000);
INSERT INTO Payment (billid, paymenttype) VALUES (476, 'Tiền mặt');
INSERT INTO Bill_Detail (billid, productid, quantity) VALUES (476, 14, 2);
INSERT INTO Bill_Detail (billid, productid, quantity) VALUES (476, 48, 3);
INSERT INTO Ticket (movieshowid, seatid, billid, ticketprice, status, bookingchannel) VALUES (57, 1194, 476, 80000, 'Đã thanh toán', 'App');
INSERT INTO Bill (customerid, staffid, discountamount, totalamount) VALUES (389, 150, 10000, 999000);
INSERT INTO Payment (billid, paymenttype) VALUES (477, 'MoMo');
INSERT INTO Bill_Detail (billid, productid, quantity) VALUES (477, 1, 1);
INSERT INTO Ticket (movieshowid, seatid, billid, ticketprice, status, bookingchannel) VALUES (256, 1045, 477, 80000, 'Đã thanh toán', 'App');
INSERT INTO Bill (customerid, staffid, discountamount, totalamount) VALUES (227, 101, 10000, 338000);
INSERT INTO Payment (billid, paymenttype) VALUES (478, 'MoMo');
INSERT INTO Bill_Detail (billid, productid, quantity) VALUES (478, 34, 2);
INSERT INTO Bill_Detail (billid, productid, quantity) VALUES (478, 16, 1);
INSERT INTO Ticket (movieshowid, seatid, billid, ticketprice, status, bookingchannel) VALUES (441, 50, 478, 80000, 'Đã thanh toán', 'App');
INSERT INTO Bill (customerid, staffid, discountamount, totalamount) VALUES (156, 7, 20000, 978000);
INSERT INTO Payment (billid, paymenttype) VALUES (479, 'MoMo');
INSERT INTO Bill_Detail (billid, productid, quantity) VALUES (479, 34, 1);
INSERT INTO Ticket (movieshowid, seatid, billid, ticketprice, status, bookingchannel) VALUES (265, 1126, 479, 80000, 'Đã thanh toán', 'App');
INSERT INTO Bill (customerid, staffid, discountamount, totalamount) VALUES (479, 91, 20000, 586000);
INSERT INTO Payment (billid, paymenttype) VALUES (480, 'Tiền mặt');
INSERT INTO Bill_Detail (billid, productid, quantity) VALUES (480, 38, 1);
INSERT INTO Bill_Detail (billid, productid, quantity) VALUES (480, 5, 2);
INSERT INTO Ticket (movieshowid, seatid, billid, ticketprice, status, bookingchannel) VALUES (146, 874, 480, 60000, 'Đã thanh toán', 'App');
INSERT INTO Bill (customerid, staffid, discountamount, totalamount) VALUES (387, 19, 0, 650000);
INSERT INTO Payment (billid, paymenttype) VALUES (481, 'MoMo');
INSERT INTO Bill_Detail (billid, productid, quantity) VALUES (481, 17, 2);
INSERT INTO Bill_Detail (billid, productid, quantity) VALUES (481, 8, 1);
INSERT INTO Ticket (movieshowid, seatid, billid, ticketprice, status, bookingchannel) VALUES (257, 381, 481, 80000, 'Đã thanh toán', 'Quầy');
INSERT INTO Bill (customerid, staffid, discountamount, totalamount) VALUES (73, 37, 20000, 143000);
INSERT INTO Payment (billid, paymenttype) VALUES (482, 'Thẻ');
INSERT INTO Bill_Detail (billid, productid, quantity) VALUES (482, 38, 3);
INSERT INTO Ticket (movieshowid, seatid, billid, ticketprice, status, bookingchannel) VALUES (335, 990, 482, 60000, 'Đã thanh toán', 'Quầy');
INSERT INTO Bill (customerid, staffid, discountamount, totalamount) VALUES (390, 41, 10000, 393000);
INSERT INTO Payment (billid, paymenttype) VALUES (483, 'MoMo');
INSERT INTO Bill_Detail (billid, productid, quantity) VALUES (483, 17, 2);
INSERT INTO Ticket (movieshowid, seatid, billid, ticketprice, status, bookingchannel) VALUES (467, 893, 483, 80000, 'Đã thanh toán', 'Quầy');
INSERT INTO Bill (customerid, staffid, discountamount, totalamount) VALUES (16, 83, 20000, 250000);
INSERT INTO Payment (billid, paymenttype) VALUES (484, 'MoMo');
INSERT INTO Bill_Detail (billid, productid, quantity) VALUES (484, 19, 1);
INSERT INTO Bill_Detail (billid, productid, quantity) VALUES (484, 4, 1);
INSERT INTO Ticket (movieshowid, seatid, billid, ticketprice, status, bookingchannel) VALUES (82, 872, 484, 80000, 'Đã thanh toán', 'App');
INSERT INTO Bill (customerid, staffid, discountamount, totalamount) VALUES (133, 48, 10000, 507000);
INSERT INTO Payment (billid, paymenttype) VALUES (485, 'Tiền mặt');
INSERT INTO Bill_Detail (billid, productid, quantity) VALUES (485, 20, 3);
INSERT INTO Ticket (movieshowid, seatid, billid, ticketprice, status, bookingchannel) VALUES (259, 797, 485, 60000, 'Đã thanh toán', 'Quầy');
INSERT INTO Bill (customerid, staffid, discountamount, totalamount) VALUES (300, 54, 0, 544000);
INSERT INTO Payment (billid, paymenttype) VALUES (486, 'MoMo');
INSERT INTO Bill_Detail (billid, productid, quantity) VALUES (486, 1, 2);
INSERT INTO Bill_Detail (billid, productid, quantity) VALUES (486, 41, 2);
INSERT INTO Ticket (movieshowid, seatid, billid, ticketprice, status, bookingchannel) VALUES (52, 530, 486, 80000, 'Đã thanh toán', 'App');
INSERT INTO Bill (customerid, staffid, discountamount, totalamount) VALUES (243, 73, 10000, 235000);
INSERT INTO Payment (billid, paymenttype) VALUES (487, 'Tiền mặt');
INSERT INTO Bill_Detail (billid, productid, quantity) VALUES (487, 7, 3);
INSERT INTO Bill_Detail (billid, productid, quantity) VALUES (487, 8, 2);
INSERT INTO Ticket (movieshowid, seatid, billid, ticketprice, status, bookingchannel) VALUES (132, 327, 487, 60000, 'Đã thanh toán', 'Quầy');
INSERT INTO Bill (customerid, staffid, discountamount, totalamount) VALUES (432, 77, 20000, 370000);
INSERT INTO Payment (billid, paymenttype) VALUES (488, 'MoMo');
INSERT INTO Bill_Detail (billid, productid, quantity) VALUES (488, 33, 2);
INSERT INTO Bill_Detail (billid, productid, quantity) VALUES (488, 39, 2);
INSERT INTO Ticket (movieshowid, seatid, billid, ticketprice, status, bookingchannel) VALUES (310, 866, 488, 80000, 'Đã thanh toán', 'Quầy');
INSERT INTO Bill (customerid, staffid, discountamount, totalamount) VALUES (463, 141, 20000, 789000);
INSERT INTO Payment (billid, paymenttype) VALUES (489, 'MoMo');
INSERT INTO Bill_Detail (billid, productid, quantity) VALUES (489, 5, 2);
INSERT INTO Ticket (movieshowid, seatid, billid, ticketprice, status, bookingchannel) VALUES (467, 265, 489, 80000, 'Đã thanh toán', 'App');
INSERT INTO Bill (customerid, staffid, discountamount, totalamount) VALUES (371, 9, 0, 207000);
INSERT INTO Payment (billid, paymenttype) VALUES (490, 'Thẻ');
INSERT INTO Bill_Detail (billid, productid, quantity) VALUES (490, 16, 1);
INSERT INTO Bill_Detail (billid, productid, quantity) VALUES (490, 29, 2);
INSERT INTO Ticket (movieshowid, seatid, billid, ticketprice, status, bookingchannel) VALUES (46, 42, 490, 80000, 'Đã thanh toán', 'Quầy');
INSERT INTO Bill (customerid, staffid, discountamount, totalamount) VALUES (123, 10, 0, 404000);
INSERT INTO Payment (billid, paymenttype) VALUES (491, 'Tiền mặt');
INSERT INTO Bill_Detail (billid, productid, quantity) VALUES (491, 44, 2);
INSERT INTO Bill_Detail (billid, productid, quantity) VALUES (491, 33, 3);
INSERT INTO Ticket (movieshowid, seatid, billid, ticketprice, status, bookingchannel) VALUES (328, 889, 491, 80000, 'Đã thanh toán', 'App');
INSERT INTO Bill (customerid, staffid, discountamount, totalamount) VALUES (335, 10, 0, 174000);
INSERT INTO Payment (billid, paymenttype) VALUES (492, 'MoMo');
INSERT INTO Bill_Detail (billid, productid, quantity) VALUES (492, 49, 2);
INSERT INTO Bill_Detail (billid, productid, quantity) VALUES (492, 50, 2);
INSERT INTO Ticket (movieshowid, seatid, billid, ticketprice, status, bookingchannel) VALUES (56, 843, 492, 60000, 'Đã thanh toán', 'Quầy');
INSERT INTO Bill (customerid, staffid, discountamount, totalamount) VALUES (324, 55, 0, 337000);
INSERT INTO Payment (billid, paymenttype) VALUES (493, 'Tiền mặt');
INSERT INTO Bill_Detail (billid, productid, quantity) VALUES (493, 8, 2);
INSERT INTO Bill_Detail (billid, productid, quantity) VALUES (493, 37, 2);
INSERT INTO Ticket (movieshowid, seatid, billid, ticketprice, status, bookingchannel) VALUES (57, 499, 493, 80000, 'Đã thanh toán', 'App');
INSERT INTO Bill (customerid, staffid, discountamount, totalamount) VALUES (26, 27, 20000, 895000);
INSERT INTO Payment (billid, paymenttype) VALUES (494, 'MoMo');
INSERT INTO Bill_Detail (billid, productid, quantity) VALUES (494, 2, 3);
INSERT INTO Bill_Detail (billid, productid, quantity) VALUES (494, 44, 2);
INSERT INTO Ticket (movieshowid, seatid, billid, ticketprice, status, bookingchannel) VALUES (50, 624, 494, 60000, 'Đã thanh toán', 'Quầy');
INSERT INTO Bill (customerid, staffid, discountamount, totalamount) VALUES (213, 88, 0, 425000);
INSERT INTO Payment (billid, paymenttype) VALUES (495, 'MoMo');
INSERT INTO Bill_Detail (billid, productid, quantity) VALUES (495, 27, 1);
INSERT INTO Ticket (movieshowid, seatid, billid, ticketprice, status, bookingchannel) VALUES (79, 798, 495, 60000, 'Đã thanh toán', 'Quầy');
INSERT INTO Bill (customerid, staffid, discountamount, totalamount) VALUES (95, 16, 10000, 809000);
INSERT INTO Payment (billid, paymenttype) VALUES (496, 'Tiền mặt');
INSERT INTO Bill_Detail (billid, productid, quantity) VALUES (496, 23, 1);
INSERT INTO Ticket (movieshowid, seatid, billid, ticketprice, status, bookingchannel) VALUES (478, 985, 496, 60000, 'Đã thanh toán', 'Quầy');
INSERT INTO Bill (customerid, staffid, discountamount, totalamount) VALUES (339, 115, 0, 372000);
INSERT INTO Payment (billid, paymenttype) VALUES (497, 'Tiền mặt');
INSERT INTO Bill_Detail (billid, productid, quantity) VALUES (497, 18, 1);
INSERT INTO Ticket (movieshowid, seatid, billid, ticketprice, status, bookingchannel) VALUES (125, 1021, 497, 60000, 'Đã thanh toán', 'Quầy');
INSERT INTO Bill (customerid, staffid, discountamount, totalamount) VALUES (481, 63, 20000, 106000);
INSERT INTO Payment (billid, paymenttype) VALUES (498, 'Tiền mặt');
INSERT INTO Bill_Detail (billid, productid, quantity) VALUES (498, 21, 2);
INSERT INTO Ticket (movieshowid, seatid, billid, ticketprice, status, bookingchannel) VALUES (354, 1055, 498, 80000, 'Đã thanh toán', 'Quầy');
INSERT INTO Bill (customerid, staffid, discountamount, totalamount) VALUES (279, 49, 10000, 743000);
INSERT INTO Payment (billid, paymenttype) VALUES (499, 'MoMo');
INSERT INTO Bill_Detail (billid, productid, quantity) VALUES (499, 11, 3);
INSERT INTO Bill_Detail (billid, productid, quantity) VALUES (499, 37, 3);
INSERT INTO Ticket (movieshowid, seatid, billid, ticketprice, status, bookingchannel) VALUES (103, 158, 499, 80000, 'Đã thanh toán', 'Quầy');
INSERT INTO Bill (customerid, staffid, discountamount, totalamount) VALUES (348, 139, 10000, 415000);
INSERT INTO Payment (billid, paymenttype) VALUES (500, 'Thẻ');
INSERT INTO Bill_Detail (billid, productid, quantity) VALUES (500, 31, 2);
INSERT INTO Ticket (movieshowid, seatid, billid, ticketprice, status, bookingchannel) VALUES (425, 181, 500, 60000, 'Đã thanh toán', 'Quầy');

-- === 5. BẢNG SUPPLIER & RECEIVING (30 SUPPLIER, 100 RECEIPT) === --
INSERT INTO Movie_Supplier (suppliername, contactname, address) VALUES ('Nguyễn Nguyễn Doanh nghiệp tư nhân', 'Nguyễn Thu Hải', '401 John Ngõ
JohnThành phố, 911674');
INSERT INTO Movie_Supplier (suppliername, contactname, address) VALUES ('Bùi và Hoàng Doanh nghiệp tư nhân', 'Võ Thị Linh', '1 Vũ Khu
Thành phố JaneHuyện, 744530');
INSERT INTO Movie_Supplier (suppliername, contactname, address) VALUES ('Mai Doanh nghiệp tư nhân', 'Nguyễn Xuân Hoa', '0 Jane Làng
Huyện JohnThị xã, 304192');
INSERT INTO Movie_Supplier (suppliername, contactname, address) VALUES ('Mai và đối tác Tập Đoàn', 'Võ Hoàng Anh', '941 Bùi Hẻm
Thị xã JohnPhường, 785359');
INSERT INTO Movie_Supplier (suppliername, contactname, address) VALUES ('Mai và Vũ Công ty Hợp danh', 'Lý Thúy Khánh', '59 Jane Hẻm
Quận JohnQuận, 722621');
INSERT INTO Movie_Supplier (suppliername, contactname, address) VALUES ('Trần Trần Tập Đoàn', 'Đặng Thái Huy', '0 Jane Hẻm
Huyện JaneThị xã, 459970');
INSERT INTO Movie_Supplier (suppliername, contactname, address) VALUES ('Phạm Trần Tập Đoàn', 'Hoàng Anh Linh', '374 Vũ Ngõ
Huyện JohnXã, 520756');
INSERT INTO Movie_Supplier (suppliername, contactname, address) VALUES ('Vũ Công ty Hợp danh', 'Trần Minh Dũng', '39 Bùi Làng
JohnHuyện, 391352');
INSERT INTO Movie_Supplier (suppliername, contactname, address) VALUES ('Bùi Tập Đoàn', 'Võ Ngọc Hà', '4 Jane Hẻm
Thị xã JaneQuận, 856296');
INSERT INTO Movie_Supplier (suppliername, contactname, address) VALUES ('Phạm và Dương Tập Đoàn', 'Phan Xuân Trang', '9 John Dãy
Thị xã JaneThành phố, 541521');
INSERT INTO Movie_Supplier (suppliername, contactname, address) VALUES ('Hoàng và đối tác Công ty Trách nhiệm hữu hạn', 'Trần Thị Hải', '4 John Khu
JaneHuyện, 690137');
INSERT INTO Movie_Supplier (suppliername, contactname, address) VALUES ('Hoàng Phạm Tập Đoàn', 'Lê Anh Nam', '53 Đặng Tổ
Thị xã JohnXã, 185814');
INSERT INTO Movie_Supplier (suppliername, contactname, address) VALUES ('Trần và Phạm Công ty Cổ phần', 'Dương Xuân Hà', '685 Bùi Tổ
Thành phố JohnThành phố, 237971');
INSERT INTO Movie_Supplier (suppliername, contactname, address) VALUES ('Bùi Vũ Tập Đoàn', 'Ngô Minh Dũng', '169 John Làng
JohnXã, 722276');
INSERT INTO Movie_Supplier (suppliername, contactname, address) VALUES ('Vũ Trần Công ty TNHH', 'Lê Hữu Nam', '343 Jane Hẻm
JaneXã, 881060');
INSERT INTO Movie_Supplier (suppliername, contactname, address) VALUES ('Dương và Lê Tập Đoàn', 'Lý Gia Cường', '70 Jane Khu
JohnQuận, 177119');
INSERT INTO Movie_Supplier (suppliername, contactname, address) VALUES ('Bùi và Mai Tập Đoàn', 'Ngô Bảo Dũng', '236 Phạm Hẻm
JohnXã, 527748');
INSERT INTO Movie_Supplier (suppliername, contactname, address) VALUES ('Lê và Nguyễn Công ty TNHH', 'Bùi Tuấn Anh', '623 John Làng
Quận JaneHuyện, 716669');
INSERT INTO Movie_Supplier (suppliername, contactname, address) VALUES ('Bùi và Hoàng Công ty Cổ phần', 'Hồ Thái Tuấn', '189 Mai Hẻm
JohnXã, 772577');
INSERT INTO Movie_Supplier (suppliername, contactname, address) VALUES ('Nguyễn và Dương Công ty TNHH MTV', 'Phan Thu Huy', '85 Jane Dãy
JohnThành phố, 341011');
INSERT INTO Movie_Supplier (suppliername, contactname, address) VALUES ('Bùi Doanh nghiệp tư nhân', 'Bùi Xuân Nam', '4 Jane Ngõ
JanePhường, 414451');
INSERT INTO Movie_Supplier (suppliername, contactname, address) VALUES ('Phạm Doanh nghiệp tư nhân', 'Lý Văn Khánh', '67 John Ngõ
Thành phố JohnPhường, 736024');
INSERT INTO Movie_Supplier (suppliername, contactname, address) VALUES ('Đặng và Nguyễn Công ty Cổ phần', 'Đỗ Văn Linh', '88 John Ngõ
Huyện JanePhường, 832865');
INSERT INTO Movie_Supplier (suppliername, contactname, address) VALUES ('Lê và Bùi Công ty Hợp danh', 'Huỳnh Thái Cường', '04 Đặng Số
JohnThành phố, 619986');
INSERT INTO Movie_Supplier (suppliername, contactname, address) VALUES ('Dương và đối tác Công ty Hợp danh', 'Đặng Mai Khánh', '4 John Hẻm
Thành phố JaneXã, 529382');
INSERT INTO Movie_Supplier (suppliername, contactname, address) VALUES ('Trần Công ty TNHH', 'Ngô Thái Trang', '546 Jane Ngõ
JaneXã, 695907');
INSERT INTO Movie_Supplier (suppliername, contactname, address) VALUES ('Lê Bùi Công ty TNHH MTV', 'Hồ Thị Thảo', '919 Jane Đường
Thị xã JaneQuận, 385486');
INSERT INTO Movie_Supplier (suppliername, contactname, address) VALUES ('Phạm và Lê Tập Đoàn', 'Hoàng Thanh Việt', '235 Phạm Hẻm
Thị xã JaneQuận, 898769');
INSERT INTO Movie_Supplier (suppliername, contactname, address) VALUES ('Trần và Dương Tập Đoàn', 'Hồ Thị Việt', '47 John Dãy
JohnPhường, 175306');
INSERT INTO Movie_Supplier (suppliername, contactname, address) VALUES ('Bùi Doanh nghiệp tư nhân', 'Phan Thái Khánh', '989 Jane Làng
Thành phố JanePhường, 445937');
INSERT INTO Supplier_Contact (supplierid, phonenumber, email) VALUES (1, '(08)219-2562', 'maijohn@example.com');
INSERT INTO Supplier_Contact (supplierid, phonenumber, email) VALUES (2, '+84 79 7148730', 'janenguyen@example.com');
INSERT INTO Supplier_Contact (supplierid, phonenumber, email) VALUES (3, '(00)353-8895', 'upham@example.net');
INSERT INTO Supplier_Contact (supplierid, phonenumber, email) VALUES (4, '(05)342-6355', 'nle@example.net');
INSERT INTO Supplier_Contact (supplierid, phonenumber, email) VALUES (5, '+84-36-461306', 'jane55@example.org');
INSERT INTO Supplier_Contact (supplierid, phonenumber, email) VALUES (6, '(05) 8125 3307', 'john78@example.com');
INSERT INTO Supplier_Contact (supplierid, phonenumber, email) VALUES (7, '+84-18-075 2170', 'john21@example.net');
INSERT INTO Supplier_Contact (supplierid, phonenumber, email) VALUES (8, '03 2962327', 'johnvu@example.net');
INSERT INTO Supplier_Contact (supplierid, phonenumber, email) VALUES (9, '(02) 5898 8152', 'janenguyen@example.org');
INSERT INTO Supplier_Contact (supplierid, phonenumber, email) VALUES (10, '+84-83-772806', 'johnle@example.net');
INSERT INTO Supplier_Contact (supplierid, phonenumber, email) VALUES (11, '01 5027 1512', 'johnpham@example.org');
INSERT INTO Supplier_Contact (supplierid, phonenumber, email) VALUES (12, '+84-76-823 8450', 'ymai@example.com');
INSERT INTO Supplier_Contact (supplierid, phonenumber, email) VALUES (13, '01 4559 9884', 'jane60@example.net');
INSERT INTO Supplier_Contact (supplierid, phonenumber, email) VALUES (14, '+84-45-862 4510', 'nguyenjane@example.com');
INSERT INTO Supplier_Contact (supplierid, phonenumber, email) VALUES (15, '04 4509 2128', 'john14@example.net');
INSERT INTO Supplier_Contact (supplierid, phonenumber, email) VALUES (16, '(05) 6472 1181', 'buijohn@example.net');
INSERT INTO Supplier_Contact (supplierid, phonenumber, email) VALUES (17, '(01)492-5393', 'mbui@example.net');
INSERT INTO Supplier_Contact (supplierid, phonenumber, email) VALUES (18, '(06) 7805 2950', 'janebui@example.net');
INSERT INTO Supplier_Contact (supplierid, phonenumber, email) VALUES (19, '08 1876592', 'fbui@example.org');
INSERT INTO Supplier_Contact (supplierid, phonenumber, email) VALUES (20, '+84-45-586 3869', 'johnvu@example.net');
INSERT INTO Supplier_Contact (supplierid, phonenumber, email) VALUES (21, '+84-22-055127', 'phamjane@example.org');
INSERT INTO Supplier_Contact (supplierid, phonenumber, email) VALUES (22, '+84 94 0969375', 'john94@example.net');
INSERT INTO Supplier_Contact (supplierid, phonenumber, email) VALUES (23, '+84 49 0076042', 'jane97@example.org');
INSERT INTO Supplier_Contact (supplierid, phonenumber, email) VALUES (24, '+84-88-951 7906', 'lejohn@example.com');
INSERT INTO Supplier_Contact (supplierid, phonenumber, email) VALUES (25, '(09) 9935 4282', 'nguyenjohn@example.net');
INSERT INTO Supplier_Contact (supplierid, phonenumber, email) VALUES (26, '+84-84-225129', 'uhoang@example.com');
INSERT INTO Supplier_Contact (supplierid, phonenumber, email) VALUES (27, '+84-74-321 8733', 'janedang@example.net');
INSERT INTO Supplier_Contact (supplierid, phonenumber, email) VALUES (28, '(00)626-6246', 'gmai@example.org');
INSERT INTO Supplier_Contact (supplierid, phonenumber, email) VALUES (29, '(04)938-2129', 'johnle@example.org');
INSERT INTO Supplier_Contact (supplierid, phonenumber, email) VALUES (30, '+84-57-975 6385', 'xduong@example.com');
INSERT INTO ReceivingInvoice (supplierid, managerid, movieid, importprice, quantity) VALUES (27, 13, 250, 169000000, 5);
INSERT INTO ReceivingInvoice (supplierid, managerid, movieid, importprice, quantity) VALUES (23, 7, 460, 177000000, 2);
INSERT INTO ReceivingInvoice (supplierid, managerid, movieid, importprice, quantity) VALUES (28, 2, 121, 173000000, 3);
INSERT INTO ReceivingInvoice (supplierid, managerid, movieid, importprice, quantity) VALUES (3, 4, 252, 368000000, 2);
INSERT INTO ReceivingInvoice (supplierid, managerid, movieid, importprice, quantity) VALUES (4, 20, 387, 304000000, 1);
INSERT INTO ReceivingInvoice (supplierid, managerid, movieid, importprice, quantity) VALUES (5, 30, 242, 272000000, 4);
INSERT INTO ReceivingInvoice (supplierid, managerid, movieid, importprice, quantity) VALUES (22, 20, 205, 485000000, 3);
INSERT INTO ReceivingInvoice (supplierid, managerid, movieid, importprice, quantity) VALUES (10, 25, 291, 310000000, 2);
INSERT INTO ReceivingInvoice (supplierid, managerid, movieid, importprice, quantity) VALUES (29, 5, 409, 118000000, 4);
INSERT INTO ReceivingInvoice (supplierid, managerid, movieid, importprice, quantity) VALUES (25, 9, 304, 187000000, 2);
INSERT INTO ReceivingInvoice (supplierid, managerid, movieid, importprice, quantity) VALUES (24, 8, 29, 162000000, 1);
INSERT INTO ReceivingInvoice (supplierid, managerid, movieid, importprice, quantity) VALUES (2, 15, 183, 121000000, 3);
INSERT INTO ReceivingInvoice (supplierid, managerid, movieid, importprice, quantity) VALUES (9, 2, 459, 21000000, 5);
INSERT INTO ReceivingInvoice (supplierid, managerid, movieid, importprice, quantity) VALUES (12, 28, 322, 44000000, 1);
INSERT INTO ReceivingInvoice (supplierid, managerid, movieid, importprice, quantity) VALUES (29, 9, 6, 319000000, 2);
INSERT INTO ReceivingInvoice (supplierid, managerid, movieid, importprice, quantity) VALUES (5, 9, 235, 50000000, 5);
INSERT INTO ReceivingInvoice (supplierid, managerid, movieid, importprice, quantity) VALUES (29, 7, 421, 158000000, 5);
INSERT INTO ReceivingInvoice (supplierid, managerid, movieid, importprice, quantity) VALUES (11, 20, 393, 349000000, 2);
INSERT INTO ReceivingInvoice (supplierid, managerid, movieid, importprice, quantity) VALUES (16, 7, 348, 83000000, 2);
INSERT INTO ReceivingInvoice (supplierid, managerid, movieid, importprice, quantity) VALUES (17, 8, 145, 93000000, 1);
INSERT INTO ReceivingInvoice (supplierid, managerid, movieid, importprice, quantity) VALUES (2, 11, 215, 247000000, 5);
INSERT INTO ReceivingInvoice (supplierid, managerid, movieid, importprice, quantity) VALUES (18, 8, 156, 13000000, 5);
INSERT INTO ReceivingInvoice (supplierid, managerid, movieid, importprice, quantity) VALUES (5, 15, 201, 76000000, 1);
INSERT INTO ReceivingInvoice (supplierid, managerid, movieid, importprice, quantity) VALUES (13, 5, 359, 166000000, 4);
INSERT INTO ReceivingInvoice (supplierid, managerid, movieid, importprice, quantity) VALUES (8, 5, 377, 91000000, 3);
INSERT INTO ReceivingInvoice (supplierid, managerid, movieid, importprice, quantity) VALUES (12, 2, 464, 486000000, 4);
INSERT INTO ReceivingInvoice (supplierid, managerid, movieid, importprice, quantity) VALUES (16, 1, 304, 342000000, 3);
INSERT INTO ReceivingInvoice (supplierid, managerid, movieid, importprice, quantity) VALUES (29, 5, 261, 333000000, 2);
INSERT INTO ReceivingInvoice (supplierid, managerid, movieid, importprice, quantity) VALUES (10, 5, 389, 431000000, 3);
INSERT INTO ReceivingInvoice (supplierid, managerid, movieid, importprice, quantity) VALUES (4, 4, 122, 413000000, 1);
INSERT INTO ReceivingInvoice (supplierid, managerid, movieid, importprice, quantity) VALUES (26, 16, 271, 171000000, 1);
INSERT INTO ReceivingInvoice (supplierid, managerid, movieid, importprice, quantity) VALUES (15, 13, 152, 357000000, 1);
INSERT INTO ReceivingInvoice (supplierid, managerid, movieid, importprice, quantity) VALUES (12, 3, 90, 155000000, 5);
INSERT INTO ReceivingInvoice (supplierid, managerid, movieid, importprice, quantity) VALUES (15, 4, 340, 243000000, 5);
INSERT INTO ReceivingInvoice (supplierid, managerid, movieid, importprice, quantity) VALUES (26, 16, 319, 419000000, 2);
INSERT INTO ReceivingInvoice (supplierid, managerid, movieid, importprice, quantity) VALUES (18, 29, 176, 294000000, 3);
INSERT INTO ReceivingInvoice (supplierid, managerid, movieid, importprice, quantity) VALUES (23, 1, 355, 448000000, 4);
INSERT INTO ReceivingInvoice (supplierid, managerid, movieid, importprice, quantity) VALUES (9, 23, 85, 157000000, 1);
INSERT INTO ReceivingInvoice (supplierid, managerid, movieid, importprice, quantity) VALUES (6, 13, 255, 12000000, 4);
INSERT INTO ReceivingInvoice (supplierid, managerid, movieid, importprice, quantity) VALUES (13, 15, 358, 475000000, 4);
INSERT INTO ReceivingInvoice (supplierid, managerid, movieid, importprice, quantity) VALUES (28, 7, 449, 251000000, 2);
INSERT INTO ReceivingInvoice (supplierid, managerid, movieid, importprice, quantity) VALUES (15, 12, 213, 284000000, 2);
INSERT INTO ReceivingInvoice (supplierid, managerid, movieid, importprice, quantity) VALUES (5, 9, 225, 418000000, 5);
INSERT INTO ReceivingInvoice (supplierid, managerid, movieid, importprice, quantity) VALUES (10, 29, 496, 178000000, 3);
INSERT INTO ReceivingInvoice (supplierid, managerid, movieid, importprice, quantity) VALUES (28, 6, 75, 343000000, 2);
INSERT INTO ReceivingInvoice (supplierid, managerid, movieid, importprice, quantity) VALUES (7, 3, 230, 317000000, 5);
INSERT INTO ReceivingInvoice (supplierid, managerid, movieid, importprice, quantity) VALUES (19, 25, 453, 396000000, 1);
INSERT INTO ReceivingInvoice (supplierid, managerid, movieid, importprice, quantity) VALUES (27, 2, 13, 47000000, 1);
INSERT INTO ReceivingInvoice (supplierid, managerid, movieid, importprice, quantity) VALUES (15, 15, 5, 219000000, 5);
INSERT INTO ReceivingInvoice (supplierid, managerid, movieid, importprice, quantity) VALUES (30, 2, 327, 229000000, 1);
INSERT INTO ReceivingInvoice (supplierid, managerid, movieid, importprice, quantity) VALUES (6, 9, 190, 213000000, 1);
INSERT INTO ReceivingInvoice (supplierid, managerid, movieid, importprice, quantity) VALUES (2, 3, 405, 35000000, 5);
INSERT INTO ReceivingInvoice (supplierid, managerid, movieid, importprice, quantity) VALUES (19, 27, 122, 191000000, 1);
INSERT INTO ReceivingInvoice (supplierid, managerid, movieid, importprice, quantity) VALUES (19, 9, 478, 451000000, 3);
INSERT INTO ReceivingInvoice (supplierid, managerid, movieid, importprice, quantity) VALUES (5, 11, 154, 474000000, 2);
INSERT INTO ReceivingInvoice (supplierid, managerid, movieid, importprice, quantity) VALUES (24, 24, 11, 373000000, 2);
INSERT INTO ReceivingInvoice (supplierid, managerid, movieid, importprice, quantity) VALUES (5, 4, 248, 481000000, 2);
INSERT INTO ReceivingInvoice (supplierid, managerid, movieid, importprice, quantity) VALUES (12, 13, 290, 55000000, 5);
INSERT INTO ReceivingInvoice (supplierid, managerid, movieid, importprice, quantity) VALUES (9, 22, 25, 303000000, 5);
INSERT INTO ReceivingInvoice (supplierid, managerid, movieid, importprice, quantity) VALUES (12, 3, 116, 462000000, 2);
INSERT INTO ReceivingInvoice (supplierid, managerid, movieid, importprice, quantity) VALUES (14, 4, 1, 177000000, 2);
INSERT INTO ReceivingInvoice (supplierid, managerid, movieid, importprice, quantity) VALUES (21, 24, 11, 496000000, 3);
INSERT INTO ReceivingInvoice (supplierid, managerid, movieid, importprice, quantity) VALUES (10, 25, 208, 209000000, 2);
INSERT INTO ReceivingInvoice (supplierid, managerid, movieid, importprice, quantity) VALUES (17, 3, 345, 329000000, 1);
INSERT INTO ReceivingInvoice (supplierid, managerid, movieid, importprice, quantity) VALUES (18, 2, 168, 83000000, 3);
INSERT INTO ReceivingInvoice (supplierid, managerid, movieid, importprice, quantity) VALUES (5, 12, 145, 464000000, 1);
INSERT INTO ReceivingInvoice (supplierid, managerid, movieid, importprice, quantity) VALUES (5, 24, 3, 226000000, 3);
INSERT INTO ReceivingInvoice (supplierid, managerid, movieid, importprice, quantity) VALUES (26, 10, 280, 498000000, 2);
INSERT INTO ReceivingInvoice (supplierid, managerid, movieid, importprice, quantity) VALUES (27, 29, 292, 290000000, 3);
INSERT INTO ReceivingInvoice (supplierid, managerid, movieid, importprice, quantity) VALUES (5, 4, 487, 477000000, 2);
INSERT INTO ReceivingInvoice (supplierid, managerid, movieid, importprice, quantity) VALUES (13, 23, 224, 54000000, 1);
INSERT INTO ReceivingInvoice (supplierid, managerid, movieid, importprice, quantity) VALUES (26, 16, 318, 13000000, 2);
INSERT INTO ReceivingInvoice (supplierid, managerid, movieid, importprice, quantity) VALUES (15, 28, 499, 458000000, 5);
INSERT INTO ReceivingInvoice (supplierid, managerid, movieid, importprice, quantity) VALUES (22, 5, 40, 313000000, 2);
INSERT INTO ReceivingInvoice (supplierid, managerid, movieid, importprice, quantity) VALUES (25, 19, 183, 267000000, 2);
INSERT INTO ReceivingInvoice (supplierid, managerid, movieid, importprice, quantity) VALUES (13, 3, 80, 307000000, 3);
INSERT INTO ReceivingInvoice (supplierid, managerid, movieid, importprice, quantity) VALUES (2, 21, 381, 104000000, 1);
INSERT INTO ReceivingInvoice (supplierid, managerid, movieid, importprice, quantity) VALUES (24, 25, 45, 77000000, 1);
INSERT INTO ReceivingInvoice (supplierid, managerid, movieid, importprice, quantity) VALUES (10, 6, 56, 259000000, 1);
INSERT INTO ReceivingInvoice (supplierid, managerid, movieid, importprice, quantity) VALUES (28, 25, 36, 383000000, 1);
INSERT INTO ReceivingInvoice (supplierid, managerid, movieid, importprice, quantity) VALUES (30, 8, 457, 239000000, 5);
INSERT INTO ReceivingInvoice (supplierid, managerid, movieid, importprice, quantity) VALUES (28, 16, 419, 66000000, 3);
INSERT INTO ReceivingInvoice (supplierid, managerid, movieid, importprice, quantity) VALUES (8, 26, 430, 207000000, 3);
INSERT INTO ReceivingInvoice (supplierid, managerid, movieid, importprice, quantity) VALUES (19, 30, 209, 389000000, 3);
INSERT INTO ReceivingInvoice (supplierid, managerid, movieid, importprice, quantity) VALUES (14, 12, 230, 381000000, 3);
INSERT INTO ReceivingInvoice (supplierid, managerid, movieid, importprice, quantity) VALUES (16, 10, 101, 427000000, 3);
INSERT INTO ReceivingInvoice (supplierid, managerid, movieid, importprice, quantity) VALUES (20, 29, 242, 416000000, 4);
INSERT INTO ReceivingInvoice (supplierid, managerid, movieid, importprice, quantity) VALUES (8, 18, 89, 494000000, 2);
INSERT INTO ReceivingInvoice (supplierid, managerid, movieid, importprice, quantity) VALUES (27, 7, 160, 458000000, 1);
INSERT INTO ReceivingInvoice (supplierid, managerid, movieid, importprice, quantity) VALUES (13, 17, 22, 475000000, 5);
INSERT INTO ReceivingInvoice (supplierid, managerid, movieid, importprice, quantity) VALUES (6, 1, 114, 121000000, 2);
INSERT INTO ReceivingInvoice (supplierid, managerid, movieid, importprice, quantity) VALUES (6, 25, 388, 383000000, 3);
INSERT INTO ReceivingInvoice (supplierid, managerid, movieid, importprice, quantity) VALUES (9, 14, 386, 285000000, 4);
INSERT INTO ReceivingInvoice (supplierid, managerid, movieid, importprice, quantity) VALUES (20, 21, 422, 67000000, 5);
INSERT INTO ReceivingInvoice (supplierid, managerid, movieid, importprice, quantity) VALUES (27, 2, 189, 246000000, 4);
INSERT INTO ReceivingInvoice (supplierid, managerid, movieid, importprice, quantity) VALUES (25, 18, 273, 180000000, 1);
INSERT INTO ReceivingInvoice (supplierid, managerid, movieid, importprice, quantity) VALUES (15, 25, 223, 26000000, 4);
INSERT INTO ReceivingInvoice (supplierid, managerid, movieid, importprice, quantity) VALUES (2, 16, 252, 455000000, 5);
INSERT INTO ReceivingInvoice (supplierid, managerid, movieid, importprice, quantity) VALUES (21, 14, 417, 309000000, 3);
INSERT INTO ReceivingInvoice (supplierid, managerid, movieid, importprice, quantity) VALUES (29, 23, 242, 130000000, 3);
